0 verbose cli E:\Downloads\nodejs\node.exe E:\Downloads\nodejs\node_modules\npm\bin\npm-cli.js
1 info using npm@11.16.0
2 info using node@v24.18.0
3 silly config load:file:E:\Downloads\nodejs\node_modules\npm\npmrc
4 silly config load:file:C:\dev\Cloud-API-Demo\.npmrc
5 silly config load:file:C:\Users\R\.npmrc
6 silly config load:file:C:\Users\R\AppData\Roaming\npm\etc\npmrc
7 verbose title npm install
8 verbose argv "install" "--registry" "https://registry.npmjs.org" "--cache" "C:\\dev\\.npm-cache-official-2" "--prefer-online" "--legacy-peer-deps" "--loglevel" "verbose"
9 verbose logfile logs-max:10 dir:C:\dev\.npm-cache-official-2\_logs\2026-07-23T03_49_15_769Z-
10 verbose logfile C:\dev\.npm-cache-official-2\_logs\2026-07-23T03_49_15_769Z-debug-0.log
11 silly logfile done cleaning log files
12 silly packumentCache heap:4496293888 maxSize:1124073472 maxEntrySize:562036736
13 silly idealTree buildDeps
14 silly fetch manifest @amap/amap-jsapi-loader@^1.0.1
15 silly packumentCache full:https://registry.npmjs.org/@amap%2famap-jsapi-loader cache-miss
16 http fetch GET 200 https://registry.npmjs.org/npm 383ms
17 http fetch GET 200 https://registry.npmjs.org/@amap%2famap-jsapi-loader 458ms (cache miss)
18 silly packumentCache full:https://registry.npmjs.org/@amap%2famap-jsapi-loader set size:undefined disposed:false
19 silly fetch manifest @ant-design/icons-vue@^6.0.1
20 silly packumentCache full:https://registry.npmjs.org/@ant-design%2ficons-vue cache-miss
21 http fetch GET 200 https://registry.npmjs.org/@ant-design%2ficons-vue 67ms (cache miss)
22 silly packumentCache full:https://registry.npmjs.org/@ant-design%2ficons-vue set size:undefined disposed:false
23 silly fetch manifest @vitejs/plugin-legacy@^1.6.2
24 silly packumentCache full:https://registry.npmjs.org/@vitejs%2fplugin-legacy cache-miss
25 http fetch GET 200 https://registry.npmjs.org/@vitejs%2fplugin-legacy 95ms (cache miss)
26 silly packumentCache full:https://registry.npmjs.org/@vitejs%2fplugin-legacy set size:undefined disposed:false
27 silly fetch manifest agora-rtc-sdk-ng@^4.12.1
28 silly packumentCache full:https://registry.npmjs.org/agora-rtc-sdk-ng cache-miss
29 http fetch GET 200 https://registry.npmjs.org/agora-rtc-sdk-ng 309ms (cache miss)
30 silly packumentCache full:https://registry.npmjs.org/agora-rtc-sdk-ng set size:undefined disposed:false
31 silly fetch manifest ant-design-vue@^2.2.8
32 silly packumentCache full:https://registry.npmjs.org/ant-design-vue cache-miss
33 http fetch GET 200 https://registry.npmjs.org/ant-design-vue 131ms (cache miss)
34 silly packumentCache full:https://registry.npmjs.org/ant-design-vue set size:undefined disposed:false
35 silly fetch manifest axios@^0.21.1
36 silly packumentCache full:https://registry.npmjs.org/axios cache-miss
37 http fetch GET 200 https://registry.npmjs.org/axios 85ms (cache miss)
38 silly packumentCache full:https://registry.npmjs.org/axios set size:undefined disposed:false
39 silly fetch manifest eventemitter3@^5.0.0
40 silly packumentCache full:https://registry.npmjs.org/eventemitter3 cache-miss
41 http fetch GET 200 https://registry.npmjs.org/eventemitter3 65ms (cache miss)
42 silly packumentCache full:https://registry.npmjs.org/eventemitter3 set size:undefined disposed:false
43 silly fetch manifest mitt@^3.0.0
44 silly packumentCache full:https://registry.npmjs.org/mitt cache-miss
45 http fetch GET 200 https://registry.npmjs.org/mitt 60ms (cache miss)
46 silly packumentCache full:https://registry.npmjs.org/mitt set size:undefined disposed:false
47 silly fetch manifest mqtt@^4.3.7
48 silly packumentCache full:https://registry.npmjs.org/mqtt cache-miss
49 http fetch GET 200 https://registry.npmjs.org/mqtt 82ms (cache miss)
50 silly packumentCache full:https://registry.npmjs.org/mqtt set size:undefined disposed:false
51 silly fetch manifest query-string@^7.0.1
52 silly packumentCache full:https://registry.npmjs.org/query-string cache-miss
53 http fetch GET 200 https://registry.npmjs.org/query-string 61ms (cache miss)
54 silly packumentCache full:https://registry.npmjs.org/query-string set size:undefined disposed:false
55 silly fetch manifest reconnecting-websocket@^4.4.0
56 silly packumentCache full:https://registry.npmjs.org/reconnecting-websocket cache-miss
57 http fetch GET 200 https://registry.npmjs.org/reconnecting-websocket 68ms (cache miss)
58 silly packumentCache full:https://registry.npmjs.org/reconnecting-websocket set size:undefined disposed:false
59 silly fetch manifest vconsole@^3.8.1
60 silly packumentCache full:https://registry.npmjs.org/vconsole cache-miss
61 http fetch GET 200 https://registry.npmjs.org/vconsole 59ms (cache miss)
62 silly packumentCache full:https://registry.npmjs.org/vconsole set size:undefined disposed:false
63 silly fetch manifest vite-plugin-components@https://registry.npmjs.org/vite-plugin-components/-/vite-plugin-components-0.13.3.tgz
64 http fetch GET 200 https://registry.npmjs.org/vite-plugin-components/-/vite-plugin-components-0.13.3.tgz 85ms (cache miss)
65 silly fetch manifest vite-plugin-importer@^0.2.5
66 silly packumentCache full:https://registry.npmjs.org/vite-plugin-importer cache-miss
67 http fetch GET 200 https://registry.npmjs.org/vite-plugin-importer 368ms (cache miss)
68 silly packumentCache full:https://registry.npmjs.org/vite-plugin-importer set size:undefined disposed:false
69 silly fetch manifest vite-plugin-optimize-persist@^0.1.2
70 silly packumentCache full:https://registry.npmjs.org/vite-plugin-optimize-persist cache-miss
71 http fetch GET 200 https://registry.npmjs.org/vite-plugin-optimize-persist 259ms (cache miss)
72 silly packumentCache full:https://registry.npmjs.org/vite-plugin-optimize-persist set size:undefined disposed:false
73 silly fetch manifest vite-plugin-package-config@^0.1.1
74 silly packumentCache full:https://registry.npmjs.org/vite-plugin-package-config cache-miss
75 http fetch GET 200 https://registry.npmjs.org/vite-plugin-package-config 214ms (cache miss)
76 silly packumentCache full:https://registry.npmjs.org/vite-plugin-package-config set size:undefined disposed:false
77 silly fetch manifest vue@^3.2.26
78 silly packumentCache full:https://registry.npmjs.org/vue cache-miss
79 http fetch GET 200 https://registry.npmjs.org/vue 146ms (cache miss)
80 silly packumentCache full:https://registry.npmjs.org/vue set size:undefined disposed:false
81 silly fetch manifest vue-cookies@https://registry.npmjs.org/vue-cookies/-/vue-cookies-1.7.4.tgz
82 http fetch GET 200 https://registry.npmjs.org/vue-cookies/-/vue-cookies-1.7.4.tgz 57ms (cache miss)
83 silly fetch manifest vue-i18n@^9.1.6
84 silly packumentCache full:https://registry.npmjs.org/vue-i18n cache-miss
85 http fetch GET 200 https://registry.npmjs.org/vue-i18n 106ms (cache miss)
86 silly packumentCache full:https://registry.npmjs.org/vue-i18n set size:undefined disposed:false
87 silly fetch manifest vue-router@4
88 silly packumentCache full:https://registry.npmjs.org/vue-router cache-miss
89 http fetch GET 200 https://registry.npmjs.org/vue-router 94ms (cache miss)
90 silly packumentCache full:https://registry.npmjs.org/vue-router set size:undefined disposed:false
91 silly fetch manifest vuex@^4.0.2
92 silly packumentCache full:https://registry.npmjs.org/vuex cache-miss
93 http fetch GET 200 https://registry.npmjs.org/vuex 80ms (cache miss)
94 silly packumentCache full:https://registry.npmjs.org/vuex set size:undefined disposed:false
95 silly fetch manifest @types/node@^16.3.2
96 silly packumentCache full:https://registry.npmjs.org/@types%2fnode cache-miss
97 http fetch GET 200 https://registry.npmjs.org/@types%2fnode 231ms (cache miss)
98 silly packumentCache full:https://registry.npmjs.org/@types%2fnode set size:undefined disposed:false
99 silly fetch manifest @types/urlencode@^1.1.2
100 silly packumentCache full:https://registry.npmjs.org/@types%2furlencode cache-miss
101 http fetch GET 200 https://registry.npmjs.org/@types%2furlencode 484ms (cache miss)
102 silly packumentCache full:https://registry.npmjs.org/@types%2furlencode set size:undefined disposed:false
103 silly fetch manifest @typescript-eslint/eslint-plugin@^5.8.1
104 silly packumentCache full:https://registry.npmjs.org/@typescript-eslint%2feslint-plugin cache-miss
105 http fetch GET 200 https://registry.npmjs.org/@typescript-eslint%2feslint-plugin 410ms (cache miss)
106 silly packumentCache full:https://registry.npmjs.org/@typescript-eslint%2feslint-plugin set size:undefined disposed:false
107 silly fetch manifest @typescript-eslint/parser@^5.8.1
108 silly packumentCache full:https://registry.npmjs.org/@typescript-eslint%2fparser cache-miss
109 http fetch GET 200 https://registry.npmjs.org/@typescript-eslint%2fparser 460ms (cache miss)
110 silly packumentCache full:https://registry.npmjs.org/@typescript-eslint%2fparser set size:undefined disposed:false
111 silly fetch manifest @vitejs/plugin-vue@^1.2.4
112 silly packumentCache full:https://registry.npmjs.org/@vitejs%2fplugin-vue cache-miss
113 http fetch GET 200 https://registry.npmjs.org/@vitejs%2fplugin-vue 100ms (cache miss)
114 silly packumentCache full:https://registry.npmjs.org/@vitejs%2fplugin-vue set size:undefined disposed:false
115 silly fetch manifest @vue/compiler-sfc@^3.0.5
116 silly packumentCache full:https://registry.npmjs.org/@vue%2fcompiler-sfc cache-miss
117 http fetch GET 200 https://registry.npmjs.org/@vue%2fcompiler-sfc 109ms (cache miss)
118 silly packumentCache full:https://registry.npmjs.org/@vue%2fcompiler-sfc set size:undefined disposed:false
119 silly fetch manifest eslint@^7.30.0
120 silly packumentCache full:https://registry.npmjs.org/eslint cache-miss
121 http fetch GET 200 https://registry.npmjs.org/eslint 102ms (cache miss)
122 silly packumentCache full:https://registry.npmjs.org/eslint set size:undefined disposed:false
123 silly fetch manifest eslint-config-standard@^16.0.3
124 silly packumentCache full:https://registry.npmjs.org/eslint-config-standard cache-miss
125 http fetch GET 200 https://registry.npmjs.org/eslint-config-standard 76ms (cache miss)
126 silly packumentCache full:https://registry.npmjs.org/eslint-config-standard set size:undefined disposed:false
127 silly fetch manifest eslint-plugin-import@^2.23.4
128 silly packumentCache full:https://registry.npmjs.org/eslint-plugin-import cache-miss
129 http fetch GET 200 https://registry.npmjs.org/eslint-plugin-import 72ms (cache miss)
130 silly packumentCache full:https://registry.npmjs.org/eslint-plugin-import set size:undefined disposed:false
131 silly fetch manifest eslint-plugin-node@^11.1.0
132 silly packumentCache full:https://registry.npmjs.org/eslint-plugin-node cache-miss
133 http fetch GET 200 https://registry.npmjs.org/eslint-plugin-node 213ms (cache miss)
134 silly packumentCache full:https://registry.npmjs.org/eslint-plugin-node set size:undefined disposed:false
135 silly fetch manifest eslint-plugin-promise@^5.1.0
136 silly packumentCache full:https://registry.npmjs.org/eslint-plugin-promise cache-miss
137 http fetch GET 200 https://registry.npmjs.org/eslint-plugin-promise 60ms (cache miss)
138 silly packumentCache full:https://registry.npmjs.org/eslint-plugin-promise set size:undefined disposed:false
139 silly fetch manifest eslint-plugin-vue@^7.13.0
140 silly packumentCache full:https://registry.npmjs.org/eslint-plugin-vue cache-miss
141 http fetch GET 200 https://registry.npmjs.org/eslint-plugin-vue 77ms (cache miss)
142 silly packumentCache full:https://registry.npmjs.org/eslint-plugin-vue set size:undefined disposed:false
143 silly fetch manifest rollup-plugin-external-globals@^0.6.1
144 silly packumentCache full:https://registry.npmjs.org/rollup-plugin-external-globals cache-miss
145 http fetch GET 200 https://registry.npmjs.org/rollup-plugin-external-globals 202ms (cache miss)
146 silly packumentCache full:https://registry.npmjs.org/rollup-plugin-external-globals set size:undefined disposed:false
147 silly fetch manifest sass@^1.35.1
148 silly packumentCache full:https://registry.npmjs.org/sass cache-miss
149 http fetch GET 200 https://registry.npmjs.org/sass 120ms (cache miss)
150 silly packumentCache full:https://registry.npmjs.org/sass set size:undefined disposed:false
151 silly fetch manifest typescript@^4.5.4
152 silly packumentCache full:https://registry.npmjs.org/typescript cache-miss
153 http fetch GET 200 https://registry.npmjs.org/typescript 252ms (cache miss)
154 silly packumentCache full:https://registry.npmjs.org/typescript set size:undefined disposed:false
155 silly fetch manifest vite@^2.4.0
156 silly packumentCache full:https://registry.npmjs.org/vite cache-miss
157 http fetch GET 200 https://registry.npmjs.org/vite 1521ms (cache miss)
158 silly packumentCache full:https://registry.npmjs.org/vite set size:undefined disposed:false
159 silly fetch manifest vite-plugin-eslint@^1.3.0
160 silly packumentCache full:https://registry.npmjs.org/vite-plugin-eslint cache-miss
161 http fetch GET 200 https://registry.npmjs.org/vite-plugin-eslint 64ms (cache miss)
162 silly packumentCache full:https://registry.npmjs.org/vite-plugin-eslint set size:undefined disposed:false
163 silly fetch manifest vite-plugin-style-import@^1.0.1
164 silly packumentCache full:https://registry.npmjs.org/vite-plugin-style-import cache-miss
165 http fetch GET 200 https://registry.npmjs.org/vite-plugin-style-import 70ms (cache miss)
166 silly packumentCache full:https://registry.npmjs.org/vite-plugin-style-import set size:undefined disposed:false
167 silly fetch manifest vite-plugin-svg-icons@^1.0.5
168 silly packumentCache full:https://registry.npmjs.org/vite-plugin-svg-icons cache-miss
169 http fetch GET 200 https://registry.npmjs.org/vite-plugin-svg-icons 51ms (cache miss)
170 silly packumentCache full:https://registry.npmjs.org/vite-plugin-svg-icons set size:undefined disposed:false
171 silly fetch manifest vite-plugin-vconsole@^1.1.0
172 silly packumentCache full:https://registry.npmjs.org/vite-plugin-vconsole cache-miss
173 http fetch GET 200 https://registry.npmjs.org/vite-plugin-vconsole 256ms (cache miss)
174 silly packumentCache full:https://registry.npmjs.org/vite-plugin-vconsole set size:undefined disposed:false
175 silly fetch manifest vue-tsc@^0.0.24
176 silly packumentCache full:https://registry.npmjs.org/vue-tsc cache-miss
177 http fetch GET 200 https://registry.npmjs.org/vue-tsc 91ms (cache miss)
178 silly packumentCache full:https://registry.npmjs.org/vue-tsc set size:undefined disposed:false
179 silly placeDep ROOT @amap/amap-jsapi-loader@1.0.1 OK for: demo-web@0.0.1 want: ^1.0.1
180 silly placeDep ROOT @ant-design/icons-vue@6.1.0 OK for: demo-web@0.0.1 want: ^6.0.1
181 silly placeDep ROOT @types/node@16.18.126 OK for: demo-web@0.0.1 want: ^16.3.2
182 silly placeDep ROOT @types/urlencode@1.1.4 OK for: demo-web@0.0.1 want: ^1.1.2
183 silly placeDep ROOT @typescript-eslint/eslint-plugin@5.62.0 OK for: demo-web@0.0.1 want: ^5.8.1
184 silly placeDep ROOT @typescript-eslint/parser@5.62.0 OK for: demo-web@0.0.1 want: ^5.8.1
185 silly placeDep ROOT @vitejs/plugin-legacy@1.8.2 OK for: demo-web@0.0.1 want: ^1.6.2
186 silly placeDep ROOT @vitejs/plugin-vue@1.10.2 OK for: demo-web@0.0.1 want: ^1.2.4
187 silly placeDep ROOT @vue/compiler-sfc@3.5.40 OK for: demo-web@0.0.1 want: ^3.0.5
188 silly placeDep ROOT agora-rtc-sdk-ng@4.24.6 OK for: demo-web@0.0.1 want: ^4.12.1
189 silly placeDep ROOT ant-design-vue@2.2.8 OK for: demo-web@0.0.1 want: ^2.2.8
190 silly placeDep ROOT axios@0.21.4 OK for: demo-web@0.0.1 want: ^0.21.1
191 silly placeDep ROOT eslint@7.32.0 OK for: demo-web@0.0.1 want: ^7.30.0
192 silly placeDep ROOT eslint-config-standard@16.0.3 OK for: demo-web@0.0.1 want: ^16.0.3
193 silly placeDep ROOT eslint-plugin-import@2.32.0 OK for: demo-web@0.0.1 want: ^2.23.4
194 silly placeDep ROOT eslint-plugin-node@11.1.0 OK for: demo-web@0.0.1 want: ^11.1.0
195 silly placeDep ROOT eslint-plugin-promise@5.2.0 OK for: demo-web@0.0.1 want: ^5.1.0
196 silly placeDep ROOT eslint-plugin-vue@7.20.0 OK for: demo-web@0.0.1 want: ^7.13.0
197 silly placeDep ROOT eventemitter3@5.0.4 OK for: demo-web@0.0.1 want: ^5.0.0
198 silly placeDep ROOT mitt@3.0.1 OK for: demo-web@0.0.1 want: ^3.0.0
199 silly placeDep ROOT mqtt@4.3.8 OK for: demo-web@0.0.1 want: ^4.3.7
200 silly placeDep ROOT query-string@7.1.3 OK for: demo-web@0.0.1 want: ^7.0.1
201 silly placeDep ROOT reconnecting-websocket@4.4.0 OK for: demo-web@0.0.1 want: ^4.4.0
202 silly placeDep ROOT rollup-plugin-external-globals@0.6.1 OK for: demo-web@0.0.1 want: ^0.6.1
203 silly placeDep ROOT sass@1.101.6 OK for: demo-web@0.0.1 want: ^1.35.1
204 silly placeDep ROOT typescript@4.9.5 OK for: demo-web@0.0.1 want: ^4.5.4
205 silly placeDep ROOT vconsole@3.15.1 OK for: demo-web@0.0.1 want: ^3.8.1
206 silly placeDep ROOT vite@2.9.18 OK for: demo-web@0.0.1 want: ^2.4.0
207 silly placeDep ROOT vite-plugin-components@0.13.3 OK for: demo-web@0.0.1 want: https://registry.npmjs.org/vite-plugin-components/-/vite-plugin-components-0.13.3.tgz
208 silly placeDep ROOT vite-plugin-eslint@1.8.1 OK for: demo-web@0.0.1 want: ^1.3.0
209 silly placeDep ROOT vite-plugin-importer@0.2.5 OK for: demo-web@0.0.1 want: ^0.2.5
210 silly placeDep ROOT vite-plugin-optimize-persist@0.1.2 OK for: demo-web@0.0.1 want: ^0.1.2
211 silly placeDep ROOT vite-plugin-package-config@0.1.1 OK for: demo-web@0.0.1 want: ^0.1.1
212 silly placeDep ROOT vite-plugin-style-import@1.4.1 OK for: demo-web@0.0.1 want: ^1.0.1
213 silly placeDep ROOT vite-plugin-svg-icons@1.1.0 OK for: demo-web@0.0.1 want: ^1.0.5
214 silly placeDep ROOT vite-plugin-vconsole@1.3.1 OK for: demo-web@0.0.1 want: ^1.1.0
215 silly placeDep ROOT vue@3.5.40 OK for: demo-web@0.0.1 want: ^3.2.26
216 silly placeDep ROOT vue-cookies@1.7.4 OK for: demo-web@0.0.1 want: https://registry.npmjs.org/vue-cookies/-/vue-cookies-1.7.4.tgz
217 silly placeDep ROOT vue-i18n@9.14.5 OK for: demo-web@0.0.1 want: ^9.1.6
218 silly placeDep ROOT vue-router@4.6.4 OK for: demo-web@0.0.1 want: 4
219 silly placeDep ROOT vue-tsc@0.0.24 OK for: demo-web@0.0.1 want: ^0.0.24
220 silly placeDep ROOT vuex@4.1.0 OK for: demo-web@0.0.1 want: ^4.0.2
221 silly fetch manifest @ant-design/colors@^6.0.0
222 silly packumentCache full:https://registry.npmjs.org/@ant-design%2fcolors cache-miss
223 silly fetch manifest @ant-design/icons-svg@^4.2.1
224 silly packumentCache full:https://registry.npmjs.org/@ant-design%2ficons-svg cache-miss
225 silly fetch manifest debug@^4.3.4
226 silly packumentCache full:https://registry.npmjs.org/debug cache-miss
227 silly fetch manifest ignore@^5.2.0
228 silly packumentCache full:https://registry.npmjs.org/ignore cache-miss
229 silly fetch manifest semver@^7.3.7
230 silly packumentCache full:https://registry.npmjs.org/semver cache-miss
231 silly fetch manifest tsutils@^3.21.0
232 silly packumentCache full:https://registry.npmjs.org/tsutils cache-miss
233 silly fetch manifest graphemer@^1.4.0
234 silly packumentCache full:https://registry.npmjs.org/graphemer cache-miss
235 silly fetch manifest natural-compare-lite@^1.4.0
236 silly packumentCache full:https://registry.npmjs.org/natural-compare-lite cache-miss
237 silly fetch manifest @typescript-eslint/utils@5.62.0
238 silly packumentCache full:https://registry.npmjs.org/@typescript-eslint%2futils cache-miss
239 silly fetch manifest @eslint-community/regexpp@^4.4.0
240 silly packumentCache full:https://registry.npmjs.org/@eslint-community%2fregexpp cache-miss
241 silly fetch manifest @typescript-eslint/type-utils@5.62.0
242 silly packumentCache full:https://registry.npmjs.org/@typescript-eslint%2ftype-utils cache-miss
243 silly fetch manifest @typescript-eslint/scope-manager@5.62.0
244 silly packumentCache full:https://registry.npmjs.org/@typescript-eslint%2fscope-manager cache-miss
245 silly fetch manifest debug@^4.3.4
246 silly packumentCache full:https://registry.npmjs.org/debug cache-miss
247 silly fetch manifest @typescript-eslint/types@5.62.0
248 silly packumentCache full:https://registry.npmjs.org/@typescript-eslint%2ftypes cache-miss
249 silly fetch manifest @typescript-eslint/scope-manager@5.62.0
250 silly packumentCache full:https://registry.npmjs.org/@typescript-eslint%2fscope-manager cache-miss
251 silly fetch manifest @typescript-eslint/typescript-estree@5.62.0
252 silly packumentCache full:https://registry.npmjs.org/@typescript-eslint%2ftypescript-estree cache-miss
253 silly fetch manifest core-js@^3.22.3
254 silly packumentCache full:https://registry.npmjs.org/core-js cache-miss
255 silly fetch manifest systemjs@^6.12.1
256 silly packumentCache full:https://registry.npmjs.org/systemjs cache-miss
257 silly fetch manifest magic-string@^0.26.1
258 silly packumentCache full:https://registry.npmjs.org/magic-string cache-miss
259 http fetch GET 200 https://registry.npmjs.org/@ant-design%2fcolors 88ms (cache miss)
260 silly packumentCache full:https://registry.npmjs.org/@ant-design%2fcolors set size:undefined disposed:false
261 silly fetch manifest @babel/standalone@^7.17.11
262 silly packumentCache full:https://registry.npmjs.org/@babel%2fstandalone cache-miss
263 http fetch GET 200 https://registry.npmjs.org/natural-compare-lite 214ms (cache miss)
264 silly packumentCache full:https://registry.npmjs.org/natural-compare-lite set size:undefined disposed:false
265 silly fetch manifest regenerator-runtime@^0.13.9
266 silly packumentCache full:https://registry.npmjs.org/regenerator-runtime cache-miss
267 http fetch GET 200 https://registry.npmjs.org/graphemer 261ms (cache miss)
268 silly packumentCache full:https://registry.npmjs.org/graphemer set size:undefined disposed:false
269 silly fetch manifest postcss@^8.5.19
270 silly packumentCache full:https://registry.npmjs.org/postcss cache-miss
271 http fetch GET 200 https://registry.npmjs.org/debug 305ms (cache miss)
272 silly packumentCache full:https://registry.npmjs.org/debug set size:undefined disposed:false
273 silly fetch manifest @vue/shared@3.5.40
274 silly packumentCache full:https://registry.npmjs.org/@vue%2fshared cache-miss
275 http fetch GET 200 https://registry.npmjs.org/@ant-design%2ficons-svg 310ms (cache miss)
276 silly packumentCache full:https://registry.npmjs.org/@ant-design%2ficons-svg set size:undefined disposed:false
277 silly fetch manifest magic-string@^0.30.21
278 silly packumentCache full:https://registry.npmjs.org/magic-string cache-miss
279 http fetch GET 200 https://registry.npmjs.org/@eslint-community%2fregexpp 325ms (cache miss)
280 silly packumentCache full:https://registry.npmjs.org/@eslint-community%2fregexpp set size:undefined disposed:false
281 silly fetch manifest @babel/parser@^7.29.7
282 silly packumentCache full:https://registry.npmjs.org/@babel%2fparser cache-miss
283 http fetch GET 200 https://registry.npmjs.org/debug 348ms (cache miss)
284 silly packumentCache full:https://registry.npmjs.org/debug set size:undefined disposed:false
285 silly fetch manifest estree-walker@^2.0.2
286 silly packumentCache full:https://registry.npmjs.org/estree-walker cache-miss
287 http fetch GET 200 https://registry.npmjs.org/magic-string 359ms (cache miss)
288 silly packumentCache full:https://registry.npmjs.org/magic-string set size:undefined disposed:false
289 silly fetch manifest source-map-js@^1.2.1
290 silly packumentCache full:https://registry.npmjs.org/source-map-js cache-miss
291 http fetch GET 200 https://registry.npmjs.org/tsutils 370ms (cache miss)
292 silly packumentCache full:https://registry.npmjs.org/tsutils set size:undefined disposed:false
293 silly fetch manifest @vue/compiler-dom@3.5.40
294 silly packumentCache full:https://registry.npmjs.org/@vue%2fcompiler-dom cache-miss
295 http fetch GET 200 https://registry.npmjs.org/ignore 380ms (cache miss)
296 silly packumentCache full:https://registry.npmjs.org/ignore set size:undefined disposed:false
297 silly fetch manifest @vue/compiler-ssr@3.5.40
298 silly packumentCache full:https://registry.npmjs.org/@vue%2fcompiler-ssr cache-miss
299 http fetch GET 200 https://registry.npmjs.org/semver 385ms (cache miss)
300 silly packumentCache full:https://registry.npmjs.org/semver set size:undefined disposed:false
301 silly fetch manifest @vue/compiler-core@3.5.40
302 silly packumentCache full:https://registry.npmjs.org/@vue%2fcompiler-core cache-miss
303 http fetch GET 200 https://registry.npmjs.org/regenerator-runtime 180ms (cache miss)
304 silly packumentCache full:https://registry.npmjs.org/regenerator-runtime set size:undefined disposed:false
305 silly fetch manifest pako@^2.1.0
306 silly packumentCache full:https://registry.npmjs.org/pako cache-miss
307 http fetch GET 200 https://registry.npmjs.org/systemjs 427ms (cache miss)
308 silly packumentCache full:https://registry.npmjs.org/systemjs set size:undefined disposed:false
309 silly fetch manifest axios@^1.16.1
310 silly packumentCache full:https://registry.npmjs.org/axios cache-miss
311 http fetch GET 200 https://registry.npmjs.org/core-js 454ms (cache miss)
312 silly packumentCache full:https://registry.npmjs.org/core-js set size:undefined disposed:false
313 silly fetch manifest ua-parser-js@^0.7.34
314 silly packumentCache full:https://registry.npmjs.org/ua-parser-js cache-miss
315 http fetch GET 200 https://registry.npmjs.org/estree-walker 156ms (cache miss)
316 silly packumentCache full:https://registry.npmjs.org/estree-walker set size:undefined disposed:false
317 silly fetch manifest webrtc-adapter@8.2.0
318 silly packumentCache full:https://registry.npmjs.org/webrtc-adapter cache-miss
319 http fetch GET 200 https://registry.npmjs.org/magic-string 203ms (cache miss)
320 silly packumentCache full:https://registry.npmjs.org/magic-string set size:undefined disposed:false
321 silly fetch manifest @agora-js/media@4.24.6
322 silly packumentCache full:https://registry.npmjs.org/@agora-js%2fmedia cache-miss
323 http fetch GET 200 https://registry.npmjs.org/source-map-js 153ms (cache miss)
324 silly packumentCache full:https://registry.npmjs.org/source-map-js set size:undefined disposed:false
325 silly fetch manifest @agora-js/report@4.24.6
326 silly packumentCache full:https://registry.npmjs.org/@agora-js%2freport cache-miss
327 http fetch GET 200 https://registry.npmjs.org/postcss 262ms (cache miss)
328 silly packumentCache full:https://registry.npmjs.org/postcss set size:undefined disposed:false
329 silly fetch manifest @agora-js/shared@4.24.6
330 silly packumentCache full:https://registry.npmjs.org/@agora-js%2fshared cache-miss
331 http fetch GET 200 https://registry.npmjs.org/pako 183ms (cache miss)
332 silly packumentCache full:https://registry.npmjs.org/pako set size:undefined disposed:false
333 silly fetch manifest formdata-polyfill@^4.0.7
334 silly packumentCache full:https://registry.npmjs.org/formdata-polyfill cache-miss
335 http fetch GET 200 https://registry.npmjs.org/axios 186ms (cache revalidated)
336 silly packumentCache full:https://registry.npmjs.org/axios set size:844109 disposed:false
337 silly fetch manifest @agora-js/protocol@4.24.6
338 silly packumentCache full:https://registry.npmjs.org/@agora-js%2fprotocol cache-miss
339 http fetch GET 200 https://registry.npmjs.org/@babel%2fparser 307ms (cache miss)
340 silly packumentCache full:https://registry.npmjs.org/@babel%2fparser set size:undefined disposed:false
341 silly fetch manifest agora-rte-extension@^1.2.4
342 silly packumentCache full:https://registry.npmjs.org/agora-rte-extension cache-miss
343 http fetch GET 200 https://registry.npmjs.org/@vue%2fshared 359ms (cache miss)
344 silly packumentCache full:https://registry.npmjs.org/@vue%2fshared set size:undefined disposed:false
345 silly fetch manifest agora-rte-extension-ng@^1.0.3
346 silly packumentCache full:https://registry.npmjs.org/agora-rte-extension-ng cache-miss
347 http fetch GET 200 https://registry.npmjs.org/@vue%2fcompiler-ssr 315ms (cache miss)
348 silly packumentCache full:https://registry.npmjs.org/@vue%2fcompiler-ssr set size:undefined disposed:false
349 silly fetch manifest lodash@^4.17.21
350 silly packumentCache full:https://registry.npmjs.org/lodash cache-miss
351 http fetch GET 200 https://registry.npmjs.org/formdata-polyfill 128ms (cache miss)
352 silly packumentCache full:https://registry.npmjs.org/formdata-polyfill set size:undefined disposed:false
353 silly fetch manifest moment@^2.27.0
354 silly packumentCache full:https://registry.npmjs.org/moment cache-miss
355 http fetch GET 200 https://registry.npmjs.org/@vue%2fcompiler-dom 355ms (cache miss)
356 silly packumentCache full:https://registry.npmjs.org/@vue%2fcompiler-dom set size:undefined disposed:false
357 silly fetch manifest omit.js@^2.0.0
358 silly packumentCache full:https://registry.npmjs.org/omit.js cache-miss
359 http fetch GET 200 https://registry.npmjs.org/ua-parser-js 307ms (cache miss)
360 silly packumentCache full:https://registry.npmjs.org/ua-parser-js set size:undefined disposed:false
361 silly fetch manifest warning@^4.0.0
362 silly packumentCache full:https://registry.npmjs.org/warning cache-miss
363 http fetch GET 200 https://registry.npmjs.org/@babel%2fstandalone 728ms (cache miss)
364 silly packumentCache full:https://registry.npmjs.org/@babel%2fstandalone set size:undefined disposed:false
365 silly fetch manifest dom-align@^1.12.1
366 silly packumentCache full:https://registry.npmjs.org/dom-align cache-miss
367 http fetch GET 200 https://registry.npmjs.org/@vue%2fcompiler-core 454ms (cache miss)
368 silly packumentCache full:https://registry.npmjs.org/@vue%2fcompiler-core set size:undefined disposed:false
369 silly fetch manifest lodash-es@^4.17.15
370 silly packumentCache full:https://registry.npmjs.org/lodash-es cache-miss
371 http fetch GET 200 https://registry.npmjs.org/agora-rte-extension-ng 201ms (cache miss)
372 silly packumentCache full:https://registry.npmjs.org/agora-rte-extension-ng set size:undefined disposed:false
373 silly fetch manifest vue-types@^3.0.0
374 silly packumentCache full:https://registry.npmjs.org/vue-types cache-miss
375 http fetch GET 200 https://registry.npmjs.org/lodash 190ms (cache miss)
376 silly packumentCache full:https://registry.npmjs.org/lodash set size:undefined disposed:false
377 silly fetch manifest shallow-equal@^1.0.0
378 silly packumentCache full:https://registry.npmjs.org/shallow-equal cache-miss
379 http fetch GET 200 https://registry.npmjs.org/@agora-js%2fmedia 382ms (cache miss)
380 silly packumentCache full:https://registry.npmjs.org/@agora-js%2fmedia set size:undefined disposed:false
381 silly fetch manifest @babel/runtime@^7.10.5
382 silly packumentCache full:https://registry.npmjs.org/@babel%2fruntime cache-miss
383 http fetch GET 200 https://registry.npmjs.org/webrtc-adapter 392ms (cache miss)
384 silly packumentCache full:https://registry.npmjs.org/webrtc-adapter set size:undefined disposed:false
385 silly fetch manifest @simonwep/pickr@~1.8.0
386 silly packumentCache full:https://registry.npmjs.org/@simonwep%2fpickr cache-miss
387 http fetch GET 200 https://registry.npmjs.org/moment 193ms (cache miss)
388 silly packumentCache full:https://registry.npmjs.org/moment set size:undefined disposed:false
389 silly fetch manifest async-validator@^3.3.0
390 silly packumentCache full:https://registry.npmjs.org/async-validator cache-miss
391 http fetch GET 200 https://registry.npmjs.org/omit.js 213ms (cache miss)
392 silly packumentCache full:https://registry.npmjs.org/omit.js set size:undefined disposed:false
393 silly fetch manifest array-tree-filter@^2.1.0
394 silly packumentCache full:https://registry.npmjs.org/array-tree-filter cache-miss
395 http fetch GET 200 https://registry.npmjs.org/agora-rte-extension 324ms (cache miss)
396 silly packumentCache full:https://registry.npmjs.org/agora-rte-extension set size:undefined disposed:false
397 silly fetch manifest dom-scroll-into-view@^2.0.0
398 silly packumentCache full:https://registry.npmjs.org/dom-scroll-into-view cache-miss
399 http fetch GET 200 https://registry.npmjs.org/warning 229ms (cache miss)
400 silly packumentCache full:https://registry.npmjs.org/warning set size:undefined disposed:false
401 silly fetch manifest resize-observer-polyfill@^1.5.1
402 silly packumentCache full:https://registry.npmjs.org/resize-observer-polyfill cache-miss
403 http fetch GET 200 https://registry.npmjs.org/@agora-js%2fprotocol 412ms (cache miss)
404 silly packumentCache full:https://registry.npmjs.org/@agora-js%2fprotocol set size:undefined disposed:false
405 silly fetch manifest scroll-into-view-if-needed@^2.2.25
406 silly packumentCache full:https://registry.npmjs.org/scroll-into-view-if-needed cache-miss
407 http fetch GET 200 https://registry.npmjs.org/shallow-equal 161ms (cache miss)
408 silly packumentCache full:https://registry.npmjs.org/shallow-equal set size:undefined disposed:false
409 silly fetch manifest follow-redirects@^1.14.0
410 silly packumentCache full:https://registry.npmjs.org/follow-redirects cache-miss
411 http fetch GET 200 https://registry.npmjs.org/dom-align 232ms (cache miss)
412 silly packumentCache full:https://registry.npmjs.org/dom-align set size:undefined disposed:false
413 silly fetch manifest ajv@^6.10.0
414 silly packumentCache full:https://registry.npmjs.org/ajv cache-miss
415 http fetch GET 200 https://registry.npmjs.org/lodash-es 228ms (cache miss)
416 silly packumentCache full:https://registry.npmjs.org/lodash-es set size:undefined disposed:false
417 silly fetch manifest levn@^0.4.1
418 silly packumentCache full:https://registry.npmjs.org/levn cache-miss
419 http fetch GET 200 https://registry.npmjs.org/array-tree-filter 149ms (cache miss)
420 silly packumentCache full:https://registry.npmjs.org/array-tree-filter set size:undefined disposed:false
421 silly fetch manifest chalk@^4.0.0
422 silly packumentCache full:https://registry.npmjs.org/chalk cache-miss
423 http fetch GET 200 https://registry.npmjs.org/dom-scroll-into-view 143ms (cache miss)
424 silly packumentCache full:https://registry.npmjs.org/dom-scroll-into-view set size:undefined disposed:false
425 silly fetch manifest debug@^4.0.1
426 silly packumentCache full:https://registry.npmjs.org/debug cache-miss
427 http fetch GET 200 https://registry.npmjs.org/@simonwep%2fpickr 216ms (cache miss)
428 silly packumentCache full:https://registry.npmjs.org/@simonwep%2fpickr set size:undefined disposed:false
429 silly fetch manifest table@^6.0.9
430 silly packumentCache full:https://registry.npmjs.org/table cache-miss
431 http fetch GET 200 https://registry.npmjs.org/resize-observer-polyfill 120ms (cache miss)
432 silly packumentCache full:https://registry.npmjs.org/resize-observer-polyfill set size:undefined disposed:false
433 silly fetch manifest espree@^7.3.1
434 silly packumentCache full:https://registry.npmjs.org/espree cache-miss
435 http fetch GET 200 https://registry.npmjs.org/async-validator 214ms (cache miss)
436 silly packumentCache full:https://registry.npmjs.org/async-validator set size:undefined disposed:false
437 silly fetch manifest ignore@^4.0.6
438 silly packumentCache full:https://registry.npmjs.org/ignore cache-miss
439 http fetch GET 200 https://registry.npmjs.org/vue-types 280ms (cache miss)
440 silly packumentCache full:https://registry.npmjs.org/vue-types set size:undefined disposed:false
441 silly fetch manifest semver@^7.2.1
442 silly packumentCache full:https://registry.npmjs.org/semver cache-miss
443 http fetch GET 200 https://registry.npmjs.org/@agora-js%2freport 679ms (cache miss)
444 silly packumentCache full:https://registry.npmjs.org/@agora-js%2freport set size:undefined disposed:false
445 silly fetch manifest esquery@^1.4.0
446 silly packumentCache full:https://registry.npmjs.org/esquery cache-miss
447 http fetch GET 200 https://registry.npmjs.org/levn 137ms (cache miss)
448 silly packumentCache full:https://registry.npmjs.org/levn set size:undefined disposed:false
449 silly fetch manifest esutils@^2.0.2
450 silly packumentCache full:https://registry.npmjs.org/esutils cache-miss
451 http fetch GET 200 https://registry.npmjs.org/@agora-js%2fshared 687ms (cache miss)
452 silly packumentCache full:https://registry.npmjs.org/@agora-js%2fshared set size:undefined disposed:false
453 silly fetch manifest globals@^13.6.0
454 silly packumentCache full:https://registry.npmjs.org/globals cache-miss
455 http fetch GET 200 https://registry.npmjs.org/follow-redirects 194ms (cache miss)
456 silly packumentCache full:https://registry.npmjs.org/follow-redirects set size:undefined disposed:false
457 silly fetch manifest is-glob@^4.0.0
458 silly packumentCache full:https://registry.npmjs.org/is-glob cache-miss
459 http fetch GET 200 https://registry.npmjs.org/debug 150ms (cache revalidated)
460 silly packumentCache full:https://registry.npmjs.org/debug set size:195840 disposed:false
461 silly fetch manifest js-yaml@^3.13.1
462 silly packumentCache full:https://registry.npmjs.org/js-yaml cache-miss
463 http fetch GET 200 https://registry.npmjs.org/ignore 135ms (cache revalidated)
464 silly packumentCache full:https://registry.npmjs.org/ignore set size:240910 disposed:false
465 silly fetch manifest regexpp@^3.1.0
466 silly packumentCache full:https://registry.npmjs.org/regexpp cache-miss
467 http fetch GET 200 https://registry.npmjs.org/chalk 176ms (cache miss)
468 silly packumentCache full:https://registry.npmjs.org/chalk set size:undefined disposed:false
469 silly fetch manifest doctrine@^3.0.0
470 silly packumentCache full:https://registry.npmjs.org/doctrine cache-miss
471 http fetch GET 200 https://registry.npmjs.org/semver 131ms (cache revalidated)
472 silly packumentCache full:https://registry.npmjs.org/semver set size:246069 disposed:false
473 silly fetch manifest enquirer@^2.3.5
474 silly packumentCache full:https://registry.npmjs.org/enquirer cache-miss
475 http fetch GET 200 https://registry.npmjs.org/scroll-into-view-if-needed 286ms (cache miss)
476 silly packumentCache full:https://registry.npmjs.org/scroll-into-view-if-needed set size:undefined disposed:false
477 silly fetch manifest progress@^2.0.0
478 silly packumentCache full:https://registry.npmjs.org/progress cache-miss
479 http fetch GET 200 https://registry.npmjs.org/esutils 126ms (cache miss)
480 silly packumentCache full:https://registry.npmjs.org/esutils set size:undefined disposed:false
481 silly fetch manifest minimatch@^3.0.4
482 silly packumentCache full:https://registry.npmjs.org/minimatch cache-miss
483 http fetch GET 200 https://registry.npmjs.org/esquery 152ms (cache miss)
484 silly packumentCache full:https://registry.npmjs.org/esquery set size:undefined disposed:false
485 silly fetch manifest optionator@^0.9.1
486 silly packumentCache full:https://registry.npmjs.org/optionator cache-miss
487 http fetch GET 200 https://registry.npmjs.org/table 263ms (cache miss)
488 silly packumentCache full:https://registry.npmjs.org/table set size:undefined disposed:false
489 silly fetch manifest strip-ansi@^6.0.0
490 silly packumentCache full:https://registry.npmjs.org/strip-ansi cache-miss
491 http fetch GET 200 https://registry.npmjs.org/espree 266ms (cache miss)
492 silly packumentCache full:https://registry.npmjs.org/espree set size:undefined disposed:false
493 silly fetch manifest text-table@^0.2.0
494 silly packumentCache full:https://registry.npmjs.org/text-table cache-miss
495 http fetch GET 200 https://registry.npmjs.org/is-glob 160ms (cache miss)
496 silly packumentCache full:https://registry.npmjs.org/is-glob set size:undefined disposed:false
497 silly fetch manifest cross-spawn@^7.0.2
498 silly packumentCache full:https://registry.npmjs.org/cross-spawn cache-miss
499 http fetch GET 200 https://registry.npmjs.org/doctrine 159ms (cache miss)
500 silly packumentCache full:https://registry.npmjs.org/doctrine set size:undefined disposed:false
501 silly fetch manifest glob-parent@^5.1.2
502 silly packumentCache full:https://registry.npmjs.org/glob-parent cache-miss
503 http fetch GET 200 https://registry.npmjs.org/regexpp 166ms (cache miss)
504 silly packumentCache full:https://registry.npmjs.org/regexpp set size:undefined disposed:false
505 silly fetch manifest imurmurhash@^0.1.4
506 silly packumentCache full:https://registry.npmjs.org/imurmurhash cache-miss
507 http fetch GET 200 https://registry.npmjs.org/globals 237ms (cache miss)
508 silly packumentCache full:https://registry.npmjs.org/globals set size:undefined disposed:false
509 silly fetch manifest eslint-scope@^5.1.1
510 silly packumentCache full:https://registry.npmjs.org/eslint-scope cache-miss
511 http fetch GET 200 https://registry.npmjs.org/progress 135ms (cache miss)
512 silly packumentCache full:https://registry.npmjs.org/progress set size:undefined disposed:false
513 silly fetch manifest eslint-utils@^2.1.0
514 silly packumentCache full:https://registry.npmjs.org/eslint-utils cache-miss
515 http fetch GET 200 https://registry.npmjs.org/js-yaml 216ms (cache miss)
516 silly packumentCache full:https://registry.npmjs.org/js-yaml set size:undefined disposed:false
517 silly fetch manifest import-fresh@^3.0.0
518 silly packumentCache full:https://registry.npmjs.org/import-fresh cache-miss
519 http fetch GET 200 https://registry.npmjs.org/enquirer 197ms (cache miss)
520 silly packumentCache full:https://registry.npmjs.org/enquirer set size:undefined disposed:false
521 silly fetch manifest lodash.merge@^4.6.2
522 silly packumentCache full:https://registry.npmjs.org/lodash.merge cache-miss
523 http fetch GET 200 https://registry.npmjs.org/optionator 147ms (cache miss)
524 silly packumentCache full:https://registry.npmjs.org/optionator set size:undefined disposed:false
525 silly fetch manifest fast-deep-equal@^3.1.3
526 silly packumentCache full:https://registry.npmjs.org/fast-deep-equal cache-miss
527 http fetch GET 200 https://registry.npmjs.org/ajv 453ms (cache miss)
528 silly packumentCache full:https://registry.npmjs.org/ajv set size:undefined disposed:false
529 silly fetch manifest natural-compare@^1.4.0
530 silly packumentCache full:https://registry.npmjs.org/natural-compare cache-miss
531 http fetch GET 200 https://registry.npmjs.org/strip-ansi 146ms (cache miss)
532 silly packumentCache full:https://registry.npmjs.org/strip-ansi set size:undefined disposed:false
533 silly fetch manifest @eslint/eslintrc@^0.4.3
534 silly packumentCache full:https://registry.npmjs.org/@eslint%2feslintrc cache-miss
535 http fetch GET 200 https://registry.npmjs.org/text-table 147ms (cache miss)
536 silly packumentCache full:https://registry.npmjs.org/text-table set size:undefined disposed:false
537 silly fetch manifest file-entry-cache@^6.0.1
538 silly packumentCache full:https://registry.npmjs.org/file-entry-cache cache-miss
539 http fetch GET 200 https://registry.npmjs.org/cross-spawn 145ms (cache miss)
540 silly packumentCache full:https://registry.npmjs.org/cross-spawn set size:undefined disposed:false
541 silly fetch manifest v8-compile-cache@^2.0.3
542 silly packumentCache full:https://registry.npmjs.org/v8-compile-cache cache-miss
543 http fetch GET 200 https://registry.npmjs.org/imurmurhash 131ms (cache miss)
544 silly packumentCache full:https://registry.npmjs.org/imurmurhash set size:undefined disposed:false
545 silly fetch manifest @babel/code-frame@7.12.11
546 silly packumentCache full:https://registry.npmjs.org/@babel%2fcode-frame cache-miss
547 http fetch GET 200 https://registry.npmjs.org/minimatch 233ms (cache miss)
548 silly packumentCache full:https://registry.npmjs.org/minimatch set size:undefined disposed:false
549 silly fetch manifest eslint-visitor-keys@^2.0.0
550 silly packumentCache full:https://registry.npmjs.org/eslint-visitor-keys cache-miss
551 http fetch GET 200 https://registry.npmjs.org/glob-parent 163ms (cache miss)
552 silly packumentCache full:https://registry.npmjs.org/glob-parent set size:undefined disposed:false
553 silly fetch manifest strip-json-comments@^3.1.0
554 silly packumentCache full:https://registry.npmjs.org/strip-json-comments cache-miss
555 http fetch GET 200 https://registry.npmjs.org/eslint-utils 140ms (cache miss)
556 silly packumentCache full:https://registry.npmjs.org/eslint-utils set size:undefined disposed:false
557 silly fetch manifest escape-string-regexp@^4.0.0
558 silly packumentCache full:https://registry.npmjs.org/escape-string-regexp cache-miss
559 http fetch GET 200 https://registry.npmjs.org/import-fresh 127ms (cache miss)
560 silly packumentCache full:https://registry.npmjs.org/import-fresh set size:undefined disposed:false
561 silly fetch manifest functional-red-black-tree@^1.0.1
562 silly packumentCache full:https://registry.npmjs.org/functional-red-black-tree cache-miss
563 http fetch GET 200 https://registry.npmjs.org/eslint-scope 158ms (cache miss)
564 silly packumentCache full:https://registry.npmjs.org/eslint-scope set size:undefined disposed:false
565 silly fetch manifest @humanwhocodes/config-array@^0.5.0
566 silly packumentCache full:https://registry.npmjs.org/@humanwhocodes%2fconfig-array cache-miss
567 http fetch GET 200 https://registry.npmjs.org/lodash.merge 135ms (cache miss)
568 silly packumentCache full:https://registry.npmjs.org/lodash.merge set size:undefined disposed:false
569 silly fetch manifest json-stable-stringify-without-jsonify@^1.0.1
570 silly packumentCache full:https://registry.npmjs.org/json-stable-stringify-without-jsonify cache-miss
571 http fetch GET 200 https://registry.npmjs.org/natural-compare 112ms (cache miss)
572 silly packumentCache full:https://registry.npmjs.org/natural-compare set size:undefined disposed:false
573 silly fetch manifest @rtsao/scc@^1.1.0
574 silly packumentCache full:https://registry.npmjs.org/@rtsao%2fscc cache-miss
575 http fetch GET 200 https://registry.npmjs.org/fast-deep-equal 134ms (cache miss)
576 silly packumentCache full:https://registry.npmjs.org/fast-deep-equal set size:undefined disposed:false
577 silly fetch manifest array-includes@^3.1.9
578 silly packumentCache full:https://registry.npmjs.org/array-includes cache-miss
579 http fetch GET 200 https://registry.npmjs.org/file-entry-cache 102ms (cache miss)
580 silly packumentCache full:https://registry.npmjs.org/file-entry-cache set size:undefined disposed:false
581 silly fetch manifest array.prototype.findlastindex@^1.2.6
582 silly packumentCache full:https://registry.npmjs.org/array.prototype.findlastindex cache-miss
583 http fetch GET 200 https://registry.npmjs.org/v8-compile-cache 93ms (cache miss)
584 silly packumentCache full:https://registry.npmjs.org/v8-compile-cache set size:undefined disposed:false
585 silly fetch manifest array.prototype.flat@^1.3.3
586 silly packumentCache full:https://registry.npmjs.org/array.prototype.flat cache-miss
587 http fetch GET 200 https://registry.npmjs.org/@eslint%2feslintrc 128ms (cache miss)
588 silly packumentCache full:https://registry.npmjs.org/@eslint%2feslintrc set size:undefined disposed:false
589 silly fetch manifest array.prototype.flatmap@^1.3.3
590 silly packumentCache full:https://registry.npmjs.org/array.prototype.flatmap cache-miss
591 http fetch GET 200 https://registry.npmjs.org/strip-json-comments 73ms (cache miss)
592 silly packumentCache full:https://registry.npmjs.org/strip-json-comments set size:undefined disposed:false
593 silly fetch manifest debug@^3.2.7
594 silly packumentCache full:https://registry.npmjs.org/debug cache-hit
595 silly fetch manifest doctrine@^2.1.0
596 silly packumentCache full:https://registry.npmjs.org/doctrine cache-miss
597 http fetch GET 200 https://registry.npmjs.org/eslint-visitor-keys 92ms (cache miss)
598 silly packumentCache full:https://registry.npmjs.org/eslint-visitor-keys set size:undefined disposed:false
599 silly fetch manifest eslint-import-resolver-node@^0.3.9
600 silly packumentCache full:https://registry.npmjs.org/eslint-import-resolver-node cache-miss
601 http fetch GET 200 https://registry.npmjs.org/escape-string-regexp 75ms (cache miss)
602 silly packumentCache full:https://registry.npmjs.org/escape-string-regexp set size:undefined disposed:false
603 silly fetch manifest eslint-module-utils@^2.12.1
604 silly packumentCache full:https://registry.npmjs.org/eslint-module-utils cache-miss
605 http fetch GET 200 https://registry.npmjs.org/@babel%2fcode-frame 114ms (cache miss)
606 silly packumentCache full:https://registry.npmjs.org/@babel%2fcode-frame set size:undefined disposed:false
607 silly fetch manifest hasown@^2.0.2
608 silly packumentCache full:https://registry.npmjs.org/hasown cache-miss
609 http fetch GET 200 https://registry.npmjs.org/functional-red-black-tree 86ms (cache miss)
610 silly packumentCache full:https://registry.npmjs.org/functional-red-black-tree set size:undefined disposed:false
611 silly fetch manifest is-core-module@^2.16.1
612 silly packumentCache full:https://registry.npmjs.org/is-core-module cache-miss
613 http fetch GET 200 https://registry.npmjs.org/json-stable-stringify-without-jsonify 71ms (cache miss)
614 silly packumentCache full:https://registry.npmjs.org/json-stable-stringify-without-jsonify set size:undefined disposed:false
615 silly fetch manifest is-glob@^4.0.3
616 silly packumentCache full:https://registry.npmjs.org/is-glob cache-miss
617 http fetch GET 200 https://registry.npmjs.org/@rtsao%2fscc 73ms (cache miss)
618 silly packumentCache full:https://registry.npmjs.org/@rtsao%2fscc set size:undefined disposed:false
619 silly fetch manifest minimatch@^3.1.2
620 silly packumentCache full:https://registry.npmjs.org/minimatch cache-miss
621 http fetch GET 200 https://registry.npmjs.org/array-includes 74ms (cache miss)
622 silly packumentCache full:https://registry.npmjs.org/array-includes set size:undefined disposed:false
623 silly fetch manifest object.fromentries@^2.0.8
624 silly packumentCache full:https://registry.npmjs.org/object.fromentries cache-miss
625 http fetch GET 200 https://registry.npmjs.org/@babel%2fruntime 816ms (cache miss)
626 silly packumentCache full:https://registry.npmjs.org/@babel%2fruntime set size:undefined disposed:false
627 silly fetch manifest object.groupby@^1.0.3
628 silly packumentCache full:https://registry.npmjs.org/object.groupby cache-miss
629 http fetch GET 200 https://registry.npmjs.org/@humanwhocodes%2fconfig-array 105ms (cache miss)
630 silly packumentCache full:https://registry.npmjs.org/@humanwhocodes%2fconfig-array set size:undefined disposed:false
631 silly fetch manifest object.values@^1.2.1
632 silly packumentCache full:https://registry.npmjs.org/object.values cache-miss
633 http fetch GET 200 https://registry.npmjs.org/array.prototype.findlastindex 104ms (cache miss)
634 silly packumentCache full:https://registry.npmjs.org/array.prototype.findlastindex set size:undefined disposed:false
635 silly fetch manifest semver@^6.3.1
636 silly packumentCache full:https://registry.npmjs.org/semver cache-hit
637 silly fetch manifest string.prototype.trimend@^1.0.9
638 silly packumentCache full:https://registry.npmjs.org/string.prototype.trimend cache-miss
639 http fetch GET 200 https://registry.npmjs.org/doctrine 89ms (cache revalidated)
640 silly packumentCache full:https://registry.npmjs.org/doctrine set size:64052 disposed:false
641 silly fetch manifest tsconfig-paths@^3.15.0
642 silly packumentCache full:https://registry.npmjs.org/tsconfig-paths cache-miss
643 http fetch GET 200 https://registry.npmjs.org/eslint-import-resolver-node 101ms (cache miss)
644 silly packumentCache full:https://registry.npmjs.org/eslint-import-resolver-node set size:undefined disposed:false
645 silly fetch manifest eslint-plugin-es@^3.0.0
646 silly packumentCache full:https://registry.npmjs.org/eslint-plugin-es cache-miss
647 http fetch GET 200 https://registry.npmjs.org/array.prototype.flat 125ms (cache miss)
648 silly packumentCache full:https://registry.npmjs.org/array.prototype.flat set size:undefined disposed:false
649 silly fetch manifest eslint-utils@^2.0.0
650 silly packumentCache full:https://registry.npmjs.org/eslint-utils cache-miss
651 http fetch GET 200 https://registry.npmjs.org/array.prototype.flatmap 129ms (cache miss)
652 silly packumentCache full:https://registry.npmjs.org/array.prototype.flatmap set size:undefined disposed:false
653 silly fetch manifest ignore@^5.1.1
654 silly packumentCache full:https://registry.npmjs.org/ignore cache-hit
655 silly fetch manifest resolve@^1.10.1
656 silly packumentCache full:https://registry.npmjs.org/resolve cache-miss
657 http fetch GET 200 https://registry.npmjs.org/hasown 118ms (cache miss)
658 silly packumentCache full:https://registry.npmjs.org/hasown set size:undefined disposed:false
659 silly fetch manifest semver@^6.1.0
660 silly packumentCache full:https://registry.npmjs.org/semver cache-hit
661 silly fetch manifest semver@^6.3.0
662 silly packumentCache full:https://registry.npmjs.org/semver cache-hit
663 silly fetch manifest vue-eslint-parser@^7.10.0
664 silly packumentCache full:https://registry.npmjs.org/vue-eslint-parser cache-miss
665 http fetch GET 200 https://registry.npmjs.org/is-glob 113ms (cache revalidated)
666 silly packumentCache full:https://registry.npmjs.org/is-glob set size:40530 disposed:false
667 silly fetch manifest ws@^7.5.5
668 silly packumentCache full:https://registry.npmjs.org/ws cache-miss
669 http fetch GET 200 https://registry.npmjs.org/eslint-module-utils 143ms (cache miss)
670 silly packumentCache full:https://registry.npmjs.org/eslint-module-utils set size:undefined disposed:false
671 silly fetch manifest pump@^3.0.0
672 silly packumentCache full:https://registry.npmjs.org/pump cache-miss
673 http fetch GET 200 https://registry.npmjs.org/object.fromentries 123ms (cache miss)
674 silly packumentCache full:https://registry.npmjs.org/object.fromentries set size:undefined disposed:false
675 silly fetch manifest rfdc@^1.3.0
676 silly packumentCache full:https://registry.npmjs.org/rfdc cache-miss
677 http fetch GET 200 https://registry.npmjs.org/minimatch 131ms (cache revalidated)
678 silly packumentCache full:https://registry.npmjs.org/minimatch set size:375282 disposed:false
679 silly fetch manifest debug@^4.1.1
680 silly packumentCache full:https://registry.npmjs.org/debug cache-hit
681 silly fetch manifest xtend@^4.0.2
682 silly packumentCache full:https://registry.npmjs.org/xtend cache-miss
683 http fetch GET 200 https://registry.npmjs.org/is-core-module 149ms (cache miss)
684 silly packumentCache full:https://registry.npmjs.org/is-core-module set size:undefined disposed:false
685 silly fetch manifest split2@^3.1.0
686 silly packumentCache full:https://registry.npmjs.org/split2 cache-miss
687 http fetch GET 200 https://registry.npmjs.org/object.groupby 136ms (cache miss)
688 silly packumentCache full:https://registry.npmjs.org/object.groupby set size:undefined disposed:false
689 silly fetch manifest commist@^1.0.0
690 silly packumentCache full:https://registry.npmjs.org/commist cache-miss
691 http fetch GET 200 https://registry.npmjs.org/object.values 134ms (cache miss)
692 silly packumentCache full:https://registry.npmjs.org/object.values set size:undefined disposed:false
693 silly fetch manifest help-me@^3.0.0
694 silly packumentCache full:https://registry.npmjs.org/help-me cache-miss
695 http fetch GET 200 https://registry.npmjs.org/string.prototype.trimend 119ms (cache miss)
696 silly packumentCache full:https://registry.npmjs.org/string.prototype.trimend set size:undefined disposed:false
697 silly fetch manifest inherits@^2.0.3
698 silly packumentCache full:https://registry.npmjs.org/inherits cache-miss
699 http fetch GET 200 https://registry.npmjs.org/eslint-plugin-es 112ms (cache miss)
700 silly packumentCache full:https://registry.npmjs.org/eslint-plugin-es set size:undefined disposed:false
701 silly fetch manifest minimist@^1.2.5
702 silly packumentCache full:https://registry.npmjs.org/minimist cache-miss
703 http fetch GET 200 https://registry.npmjs.org/tsconfig-paths 147ms (cache miss)
704 silly packumentCache full:https://registry.npmjs.org/tsconfig-paths set size:undefined disposed:false
705 silly fetch manifest duplexify@^4.1.1
706 silly packumentCache full:https://registry.npmjs.org/duplexify cache-miss
707 http fetch GET 200 https://registry.npmjs.org/eslint-utils 144ms (cache revalidated)
708 silly packumentCache full:https://registry.npmjs.org/eslint-utils set size:45146 disposed:false
709 silly fetch manifest lru-cache@^6.0.0
710 silly packumentCache full:https://registry.npmjs.org/lru-cache cache-miss
711 http fetch GET 200 https://registry.npmjs.org/resolve 145ms (cache miss)
712 silly packumentCache full:https://registry.npmjs.org/resolve set size:undefined disposed:false
713 silly fetch manifest reinterval@^1.1.0
714 silly packumentCache full:https://registry.npmjs.org/reinterval cache-miss
715 http fetch GET 200 https://registry.npmjs.org/pump 134ms (cache miss)
716 silly packumentCache full:https://registry.npmjs.org/pump set size:undefined disposed:false
717 silly fetch manifest mqtt-packet@^6.8.0
718 silly packumentCache full:https://registry.npmjs.org/mqtt-packet cache-miss
719 http fetch GET 200 https://registry.npmjs.org/xtend 129ms (cache miss)
720 silly packumentCache full:https://registry.npmjs.org/xtend set size:undefined disposed:false
721 silly fetch manifest concat-stream@^2.0.0
722 silly packumentCache full:https://registry.npmjs.org/concat-stream cache-miss
723 http fetch GET 200 https://registry.npmjs.org/rfdc 144ms (cache miss)
724 silly packumentCache full:https://registry.npmjs.org/rfdc set size:undefined disposed:false
725 silly fetch manifest readable-stream@^3.6.0
726 silly packumentCache full:https://registry.npmjs.org/readable-stream cache-miss
727 http fetch GET 200 https://registry.npmjs.org/split2 130ms (cache miss)
728 silly packumentCache full:https://registry.npmjs.org/split2 set size:undefined disposed:false
729 silly fetch manifest number-allocator@^1.0.9
730 silly packumentCache full:https://registry.npmjs.org/number-allocator cache-miss
731 http fetch GET 200 https://registry.npmjs.org/help-me 120ms (cache miss)
732 silly packumentCache full:https://registry.npmjs.org/help-me set size:undefined disposed:false
733 silly fetch manifest filter-obj@^1.1.0
734 silly packumentCache full:https://registry.npmjs.org/filter-obj cache-miss
735 http fetch GET 200 https://registry.npmjs.org/commist 129ms (cache miss)
736 silly packumentCache full:https://registry.npmjs.org/commist set size:undefined disposed:false
737 silly fetch manifest split-on-first@^1.0.0
738 silly packumentCache full:https://registry.npmjs.org/split-on-first cache-miss
739 http fetch GET 200 https://registry.npmjs.org/vue-eslint-parser 184ms (cache miss)
740 silly packumentCache full:https://registry.npmjs.org/vue-eslint-parser set size:undefined disposed:false
741 silly fetch manifest strict-uri-encode@^2.0.0
742 silly packumentCache full:https://registry.npmjs.org/strict-uri-encode cache-miss
743 http fetch GET 200 https://registry.npmjs.org/ws 188ms (cache miss)
744 silly packumentCache full:https://registry.npmjs.org/ws set size:undefined disposed:false
745 silly fetch manifest decode-uri-component@^0.2.2
746 silly packumentCache full:https://registry.npmjs.org/decode-uri-component cache-miss
747 http fetch GET 200 https://registry.npmjs.org/minimist 121ms (cache miss)
748 silly packumentCache full:https://registry.npmjs.org/minimist set size:undefined disposed:false
749 silly fetch manifest is-reference@^1.2.1
750 silly packumentCache full:https://registry.npmjs.org/is-reference cache-miss
751 http fetch GET 200 https://registry.npmjs.org/inherits 140ms (cache miss)
752 silly packumentCache full:https://registry.npmjs.org/inherits set size:undefined disposed:false
753 silly fetch manifest magic-string@^0.25.7
754 silly packumentCache full:https://registry.npmjs.org/magic-string cache-miss
755 http fetch GET 200 https://registry.npmjs.org/duplexify 108ms (cache miss)
756 silly packumentCache full:https://registry.npmjs.org/duplexify set size:undefined disposed:false
757 silly fetch manifest estree-walker@^2.0.1
758 silly packumentCache full:https://registry.npmjs.org/estree-walker cache-miss
759 http fetch GET 200 https://registry.npmjs.org/reinterval 97ms (cache miss)
760 silly packumentCache full:https://registry.npmjs.org/reinterval set size:undefined disposed:false
761 silly fetch manifest @rollup/pluginutils@^4.0.0
762 silly packumentCache full:https://registry.npmjs.org/@rollup%2fpluginutils cache-miss
763 http fetch GET 200 https://registry.npmjs.org/filter-obj 68ms (cache miss)
764 silly packumentCache full:https://registry.npmjs.org/filter-obj set size:undefined disposed:false
765 silly fetch manifest chokidar@^5.0.0
766 silly packumentCache full:https://registry.npmjs.org/chokidar cache-miss
767 http fetch GET 200 https://registry.npmjs.org/concat-stream 84ms (cache miss)
768 silly packumentCache full:https://registry.npmjs.org/concat-stream set size:undefined disposed:false
769 silly fetch manifest immutable@^5.1.5
770 silly packumentCache full:https://registry.npmjs.org/immutable cache-miss
771 http fetch GET 200 https://registry.npmjs.org/mqtt-packet 94ms (cache miss)
772 silly packumentCache full:https://registry.npmjs.org/mqtt-packet set size:undefined disposed:false
773 silly fetch manifest source-map-js@>=0.6.2 <2.0.0
774 silly packumentCache full:https://registry.npmjs.org/source-map-js cache-miss
775 http fetch GET 200 https://registry.npmjs.org/split-on-first 73ms (cache miss)
776 silly packumentCache full:https://registry.npmjs.org/split-on-first set size:undefined disposed:false
777 silly fetch manifest @parcel/watcher@^2.4.1
778 silly packumentCache full:https://registry.npmjs.org/@parcel%2fwatcher cache-miss
779 http fetch GET 200 https://registry.npmjs.org/strict-uri-encode 71ms (cache miss)
780 silly packumentCache full:https://registry.npmjs.org/strict-uri-encode set size:undefined disposed:false
781 silly fetch manifest core-js@^3.11.0
782 silly packumentCache full:https://registry.npmjs.org/core-js cache-miss
783 http fetch GET 200 https://registry.npmjs.org/readable-stream 91ms (cache miss)
784 silly packumentCache full:https://registry.npmjs.org/readable-stream set size:undefined disposed:false
785 silly fetch manifest @babel/runtime@^7.17.2
786 silly packumentCache full:https://registry.npmjs.org/@babel%2fruntime cache-miss
787 http fetch GET 200 https://registry.npmjs.org/lru-cache 145ms (cache miss)
788 silly packumentCache full:https://registry.npmjs.org/lru-cache set size:undefined disposed:false
789 silly fetch manifest mutation-observer@^1.0.3
790 silly packumentCache full:https://registry.npmjs.org/mutation-observer cache-miss
791 http fetch GET 200 https://registry.npmjs.org/is-reference 72ms (cache miss)
792 silly packumentCache full:https://registry.npmjs.org/is-reference set size:undefined disposed:false
793 silly fetch manifest copy-text-to-clipboard@^3.0.1
794 silly packumentCache full:https://registry.npmjs.org/copy-text-to-clipboard cache-miss
795 http fetch GET 200 https://registry.npmjs.org/decode-uri-component 81ms (cache miss)
796 silly packumentCache full:https://registry.npmjs.org/decode-uri-component set size:undefined disposed:false
797 silly fetch manifest rollup@>=2.59.0 <2.78.0
798 silly packumentCache full:https://registry.npmjs.org/rollup cache-miss
799 http fetch GET 200 https://registry.npmjs.org/magic-string 79ms (cache revalidated)
800 silly packumentCache full:https://registry.npmjs.org/magic-string set size:334025 disposed:false
801 silly fetch manifest esbuild@^0.14.27
802 silly packumentCache full:https://registry.npmjs.org/esbuild cache-miss
803 http fetch GET 200 https://registry.npmjs.org/@typescript-eslint%2futils 2115ms (cache miss)
804 silly packumentCache full:https://registry.npmjs.org/@typescript-eslint%2futils set size:undefined disposed:false
805 silly fetch manifest postcss@^8.4.13
806 silly packumentCache full:https://registry.npmjs.org/postcss cache-miss
807 http fetch GET 200 https://registry.npmjs.org/estree-walker 122ms (cache revalidated)
808 silly packumentCache full:https://registry.npmjs.org/estree-walker set size:60887 disposed:false
809 silly fetch manifest resolve@^1.22.0
810 silly packumentCache full:https://registry.npmjs.org/resolve cache-miss
811 http fetch GET 200 https://registry.npmjs.org/source-map-js 87ms (cache revalidated)
812 silly packumentCache full:https://registry.npmjs.org/source-map-js set size:62640 disposed:false
813 silly fetch manifest fsevents@~2.3.2
814 silly packumentCache full:https://registry.npmjs.org/fsevents cache-miss
815 http fetch GET 200 https://registry.npmjs.org/core-js 83ms (cache revalidated)
816 silly packumentCache full:https://registry.npmjs.org/core-js set size:814557 disposed:false
817 silly fetch manifest debug@^4.3.2
818 silly packumentCache full:https://registry.npmjs.org/debug cache-hit
819 silly fetch manifest fast-glob@^3.2.7
820 silly packumentCache full:https://registry.npmjs.org/fast-glob cache-miss
821 http fetch GET 200 https://registry.npmjs.org/@babel%2fruntime 88ms (cache revalidated)
822 silly packumentCache full:https://registry.npmjs.org/@babel%2fruntime set size:3471810 disposed:false
823 silly fetch manifest @rollup/pluginutils@^4.2.1
824 silly packumentCache full:https://registry.npmjs.org/@rollup%2fpluginutils cache-miss
825 http fetch GET 200 https://registry.npmjs.org/@typescript-eslint%2ftype-utils 2187ms (cache miss)
826 silly packumentCache full:https://registry.npmjs.org/@typescript-eslint%2ftype-utils set size:undefined disposed:false
827 silly fetch manifest @types/eslint@^8.4.5
828 silly packumentCache full:https://registry.npmjs.org/@types%2feslint cache-miss
829 http fetch GET 200 https://registry.npmjs.org/mutation-observer 145ms (cache miss)
830 silly packumentCache full:https://registry.npmjs.org/mutation-observer set size:undefined disposed:false
831 silly fetch manifest rollup@^2.77.2
832 silly packumentCache full:https://registry.npmjs.org/rollup cache-miss
833 http fetch GET 200 https://registry.npmjs.org/@rollup%2fpluginutils 183ms (cache miss)
834 silly packumentCache full:https://registry.npmjs.org/@rollup%2fpluginutils set size:undefined disposed:false
835 silly fetch manifest @babel/core@^7.12.17
836 silly packumentCache full:https://registry.npmjs.org/@babel%2fcore cache-miss
837 http fetch GET 200 https://registry.npmjs.org/number-allocator 253ms (cache miss)
838 silly packumentCache full:https://registry.npmjs.org/number-allocator set size:undefined disposed:false
839 silly fetch manifest @babel/plugin-syntax-import-meta@^7.10.4
840 silly packumentCache full:https://registry.npmjs.org/@babel%2fplugin-syntax-import-meta cache-miss
841 http fetch GET 200 https://registry.npmjs.org/immutable 181ms (cache miss)
842 silly packumentCache full:https://registry.npmjs.org/immutable set size:undefined disposed:false
843 silly fetch manifest babel-plugin-import@^1.13.3
844 silly packumentCache full:https://registry.npmjs.org/babel-plugin-import cache-miss
845 http fetch GET 200 https://registry.npmjs.org/chokidar 186ms (cache miss)
846 silly packumentCache full:https://registry.npmjs.org/chokidar set size:undefined disposed:false
847 silly fetch manifest fs-extra@^10.0.0
848 silly packumentCache full:https://registry.npmjs.org/fs-extra cache-miss
849 http fetch GET 200 https://registry.npmjs.org/fsevents 102ms (cache miss)
850 silly packumentCache full:https://registry.npmjs.org/fsevents set size:undefined disposed:false
851 silly fetch manifest debug@^4.3.3
852 silly packumentCache full:https://registry.npmjs.org/debug cache-hit
853 silly fetch manifest @rollup/pluginutils@^4.1.2
854 silly packumentCache full:https://registry.npmjs.org/@rollup%2fpluginutils cache-miss
855 http fetch GET 200 https://registry.npmjs.org/@rollup%2fpluginutils 85ms (cache miss)
856 silly packumentCache full:https://registry.npmjs.org/@rollup%2fpluginutils set size:undefined disposed:false
857 silly fetch manifest change-case@^4.1.2
858 silly packumentCache full:https://registry.npmjs.org/change-case cache-miss
859 http fetch GET 200 https://registry.npmjs.org/fast-glob 104ms (cache miss)
860 silly packumentCache full:https://registry.npmjs.org/fast-glob set size:undefined disposed:false
861 silly fetch manifest es-module-lexer@^0.9.3
862 silly packumentCache full:https://registry.npmjs.org/es-module-lexer cache-miss
863 http fetch GET 200 https://registry.npmjs.org/@typescript-eslint%2fscope-manager 2297ms (cache miss)
864 silly packumentCache full:https://registry.npmjs.org/@typescript-eslint%2fscope-manager set size:undefined disposed:false
865 silly fetch manifest fs-extra@^10.0.0
866 silly packumentCache full:https://registry.npmjs.org/fs-extra cache-miss
867 http fetch GET 200 https://registry.npmjs.org/resolve 185ms (cache revalidated)
868 silly packumentCache full:https://registry.npmjs.org/resolve set size:244568 disposed:false
869 silly fetch manifest @types/svgo@^2.6.0
870 silly packumentCache full:https://registry.npmjs.org/@types%2fsvgo cache-miss
871 http fetch GET 200 https://registry.npmjs.org/postcss 203ms (cache revalidated)
872 silly packumentCache full:https://registry.npmjs.org/postcss set size:746616 disposed:false
873 silly fetch manifest cors@^2.8.5
874 silly packumentCache full:https://registry.npmjs.org/cors cache-miss
875 http fetch GET 200 https://registry.npmjs.org/@typescript-eslint%2fscope-manager 2353ms (cache miss)
876 silly packumentCache full:https://registry.npmjs.org/@typescript-eslint%2fscope-manager set size:undefined disposed:false
877 silly fetch manifest etag@^1.8.1
878 silly packumentCache full:https://registry.npmjs.org/etag cache-miss
879 http fetch GET 200 https://registry.npmjs.org/@rollup%2fpluginutils 132ms (cache revalidated)
880 silly packumentCache full:https://registry.npmjs.org/@rollup%2fpluginutils set size:121958 disposed:false
881 silly fetch manifest fs-extra@^10.0.0
882 silly packumentCache full:https://registry.npmjs.org/fs-extra cache-miss
883 http fetch GET 200 https://registry.npmjs.org/copy-text-to-clipboard 302ms (cache miss)
884 silly packumentCache full:https://registry.npmjs.org/copy-text-to-clipboard set size:undefined disposed:false
885 silly fetch manifest svg-baker@1.7.0
886 silly packumentCache full:https://registry.npmjs.org/svg-baker cache-miss
887 http fetch GET 200 https://registry.npmjs.org/@types%2feslint 186ms (cache miss)
888 silly packumentCache full:https://registry.npmjs.org/@types%2feslint set size:undefined disposed:false
889 silly fetch manifest svgo@^2.8.0
890 silly packumentCache full:https://registry.npmjs.org/svgo cache-miss
891 http fetch GET 200 https://registry.npmjs.org/babel-plugin-import 159ms (cache miss)
892 silly packumentCache full:https://registry.npmjs.org/babel-plugin-import set size:undefined disposed:false
893 silly fetch manifest @vue/runtime-dom@3.5.40
894 silly packumentCache full:https://registry.npmjs.org/@vue%2fruntime-dom cache-miss
895 http fetch GET 200 https://registry.npmjs.org/@babel%2fplugin-syntax-import-meta 167ms (cache miss)
896 silly packumentCache full:https://registry.npmjs.org/@babel%2fplugin-syntax-import-meta set size:undefined disposed:false
897 silly fetch manifest @vue/server-renderer@3.5.40
898 silly packumentCache full:https://registry.npmjs.org/@vue%2fserver-renderer cache-miss
899 http fetch GET 200 https://registry.npmjs.org/change-case 149ms (cache miss)
900 silly packumentCache full:https://registry.npmjs.org/change-case set size:undefined disposed:false
901 silly fetch manifest @intlify/shared@9.14.5
902 silly packumentCache full:https://registry.npmjs.org/@intlify%2fshared cache-miss
903 http fetch GET 200 https://registry.npmjs.org/fs-extra 170ms (cache miss)
904 silly packumentCache full:https://registry.npmjs.org/fs-extra set size:undefined disposed:false
905 silly fetch manifest @vue/devtools-api@^6.5.0
906 silly packumentCache full:https://registry.npmjs.org/@vue%2fdevtools-api cache-miss
907 http fetch GET 200 https://registry.npmjs.org/es-module-lexer 156ms (cache miss)
908 silly packumentCache full:https://registry.npmjs.org/es-module-lexer set size:undefined disposed:false
909 silly fetch manifest @intlify/core-base@9.14.5
910 silly packumentCache full:https://registry.npmjs.org/@intlify%2fcore-base cache-miss
911 http fetch GET 200 https://registry.npmjs.org/fs-extra 106ms (cache miss)
912 silly packumentCache full:https://registry.npmjs.org/fs-extra set size:undefined disposed:false
913 silly fetch manifest @vue/devtools-api@^6.6.4
914 silly packumentCache full:https://registry.npmjs.org/@vue%2fdevtools-api cache-miss
915 http fetch GET 200 https://registry.npmjs.org/@types%2fsvgo 97ms (cache miss)
916 silly packumentCache full:https://registry.npmjs.org/@types%2fsvgo set size:undefined disposed:false
917 silly fetch manifest unzipper@0.10.11
918 silly packumentCache full:https://registry.npmjs.org/unzipper cache-miss
919 http fetch GET 200 https://registry.npmjs.org/cors 103ms (cache miss)
920 silly packumentCache full:https://registry.npmjs.org/cors set size:undefined disposed:false
921 silly fetch manifest @vue/devtools-api@^6.0.0-beta.11
922 silly packumentCache full:https://registry.npmjs.org/@vue%2fdevtools-api cache-miss
923 http fetch GET 200 https://registry.npmjs.org/esbuild 350ms (cache miss)
924 silly packumentCache full:https://registry.npmjs.org/esbuild set size:undefined disposed:false
925 http fetch GET 200 https://registry.npmjs.org/@babel%2fcore 231ms (cache miss)
926 silly packumentCache full:https://registry.npmjs.org/@babel%2fcore set size:undefined disposed:false
927 http fetch GET 200 https://registry.npmjs.org/etag 84ms (cache miss)
928 silly packumentCache full:https://registry.npmjs.org/etag set size:undefined disposed:false
929 http fetch GET 200 https://registry.npmjs.org/svg-baker 76ms (cache miss)
930 silly packumentCache full:https://registry.npmjs.org/svg-baker set size:undefined disposed:false
931 http fetch GET 200 https://registry.npmjs.org/@typescript-eslint%2ftypescript-estree 2476ms (cache miss)
932 silly packumentCache full:https://registry.npmjs.org/@typescript-eslint%2ftypescript-estree set size:undefined disposed:false
933 http fetch GET 200 https://registry.npmjs.org/fs-extra 127ms (cache miss)
934 silly packumentCache full:https://registry.npmjs.org/fs-extra set size:undefined disposed:false
935 http fetch GET 200 https://registry.npmjs.org/@typescript-eslint%2ftypes 2534ms (cache miss)
936 silly packumentCache full:https://registry.npmjs.org/@typescript-eslint%2ftypes set size:undefined disposed:false
937 http fetch GET 200 https://registry.npmjs.org/svgo 174ms (cache miss)
938 silly packumentCache full:https://registry.npmjs.org/svgo set size:undefined disposed:false
939 http fetch GET 200 https://registry.npmjs.org/unzipper 144ms (cache miss)
940 silly packumentCache full:https://registry.npmjs.org/unzipper set size:undefined disposed:false
941 http fetch GET 200 https://registry.npmjs.org/@vue%2fdevtools-api 167ms (cache miss)
942 silly packumentCache full:https://registry.npmjs.org/@vue%2fdevtools-api set size:undefined disposed:false
943 http fetch GET 200 https://registry.npmjs.org/@vue%2fdevtools-api 142ms (cache miss)
944 silly packumentCache full:https://registry.npmjs.org/@vue%2fdevtools-api set size:undefined disposed:false
945 http fetch GET 200 https://registry.npmjs.org/@intlify%2fshared 182ms (cache miss)
946 silly packumentCache full:https://registry.npmjs.org/@intlify%2fshared set size:undefined disposed:false
947 http fetch GET 200 https://registry.npmjs.org/@parcel%2fwatcher 536ms (cache miss)
948 silly packumentCache full:https://registry.npmjs.org/@parcel%2fwatcher set size:undefined disposed:false
949 http fetch GET 200 https://registry.npmjs.org/@vue%2fruntime-dom 199ms (cache miss)
950 silly packumentCache full:https://registry.npmjs.org/@vue%2fruntime-dom set size:undefined disposed:false
951 http fetch GET 200 https://registry.npmjs.org/@vue%2fdevtools-api 174ms (cache miss)
952 silly packumentCache full:https://registry.npmjs.org/@vue%2fdevtools-api set size:undefined disposed:false
953 http fetch GET 200 https://registry.npmjs.org/rollup 527ms (cache miss)
954 silly packumentCache full:https://registry.npmjs.org/rollup set size:undefined disposed:false
955 http fetch GET 200 https://registry.npmjs.org/@vue%2fserver-renderer 247ms (cache miss)
956 silly packumentCache full:https://registry.npmjs.org/@vue%2fserver-renderer set size:undefined disposed:false
957 http fetch GET 200 https://registry.npmjs.org/rollup 434ms (cache miss)
958 silly packumentCache full:https://registry.npmjs.org/rollup set size:undefined disposed:false
959 http fetch GET 200 https://registry.npmjs.org/@intlify%2fcore-base 258ms (cache miss)
960 silly packumentCache full:https://registry.npmjs.org/@intlify%2fcore-base set size:undefined disposed:false
961 silly placeDep ROOT @ant-design/colors@6.0.0 OK for: @ant-design/icons-vue@6.1.0 want: ^6.0.0
962 silly placeDep ROOT @ant-design/icons-svg@4.5.0 OK for: @ant-design/icons-vue@6.1.0 want: ^4.2.1
963 silly fetch manifest @ctrl/tinycolor@^3.4.0
964 silly packumentCache full:https://registry.npmjs.org/@ctrl%2ftinycolor cache-miss
965 http fetch GET 200 https://registry.npmjs.org/@ctrl%2ftinycolor 86ms (cache miss)
966 silly packumentCache full:https://registry.npmjs.org/@ctrl%2ftinycolor set size:undefined disposed:false
967 silly placeDep ROOT @ctrl/tinycolor@3.6.1 OK for: @ant-design/colors@6.0.0 want: ^3.4.0
968 silly placeDep ROOT @eslint-community/regexpp@4.12.2 OK for: @typescript-eslint/eslint-plugin@5.62.0 want: ^4.4.0
969 silly placeDep ROOT @typescript-eslint/scope-manager@5.62.0 OK for: @typescript-eslint/eslint-plugin@5.62.0 want: 5.62.0
970 silly placeDep ROOT @typescript-eslint/type-utils@5.62.0 OK for: @typescript-eslint/eslint-plugin@5.62.0 want: 5.62.0
971 silly placeDep ROOT @typescript-eslint/utils@5.62.0 OK for: @typescript-eslint/eslint-plugin@5.62.0 want: 5.62.0
972 silly placeDep ROOT debug@4.4.3 OK for: @typescript-eslint/eslint-plugin@5.62.0 want: ^4.3.4
973 silly placeDep ROOT graphemer@1.4.0 OK for: @typescript-eslint/eslint-plugin@5.62.0 want: ^1.4.0
974 silly placeDep ROOT ignore@5.3.2 OK for: @typescript-eslint/eslint-plugin@5.62.0 want: ^5.2.0
975 silly placeDep ROOT natural-compare-lite@1.4.0 OK for: @typescript-eslint/eslint-plugin@5.62.0 want: ^1.4.0
976 silly placeDep ROOT semver@7.8.5 OK for: @typescript-eslint/eslint-plugin@5.62.0 want: ^7.3.7
977 silly placeDep ROOT tsutils@3.21.0 OK for: @typescript-eslint/eslint-plugin@5.62.0 want: ^3.21.0
978 silly fetch manifest @typescript-eslint/visitor-keys@5.62.0
979 silly packumentCache full:https://registry.npmjs.org/@typescript-eslint%2fvisitor-keys cache-miss
980 silly fetch manifest @types/semver@^7.3.12
981 silly packumentCache full:https://registry.npmjs.org/@types%2fsemver cache-miss
982 silly fetch manifest @types/json-schema@^7.0.9
983 silly packumentCache full:https://registry.npmjs.org/@types%2fjson-schema cache-miss
984 silly fetch manifest @eslint-community/eslint-utils@^4.2.0
985 silly packumentCache full:https://registry.npmjs.org/@eslint-community%2feslint-utils cache-miss
986 silly fetch manifest ms@^2.1.3
987 silly packumentCache full:https://registry.npmjs.org/ms cache-miss
988 silly fetch manifest tslib@^1.8.1
989 silly packumentCache full:https://registry.npmjs.org/tslib cache-miss
990 http fetch GET 200 https://registry.npmjs.org/@types%2fsemver 57ms (cache miss)
991 silly packumentCache full:https://registry.npmjs.org/@types%2fsemver set size:undefined disposed:false
992 http fetch GET 200 https://registry.npmjs.org/tslib 62ms (cache miss)
993 silly packumentCache full:https://registry.npmjs.org/tslib set size:undefined disposed:false
994 http fetch GET 200 https://registry.npmjs.org/@eslint-community%2feslint-utils 67ms (cache miss)
995 silly packumentCache full:https://registry.npmjs.org/@eslint-community%2feslint-utils set size:undefined disposed:false
996 http fetch GET 200 https://registry.npmjs.org/ms 73ms (cache miss)
997 silly packumentCache full:https://registry.npmjs.org/ms set size:undefined disposed:false
998 http fetch GET 200 https://registry.npmjs.org/@types%2fjson-schema 74ms (cache miss)
999 silly packumentCache full:https://registry.npmjs.org/@types%2fjson-schema set size:undefined disposed:false
1000 http fetch GET 200 https://registry.npmjs.org/@typescript-eslint%2fvisitor-keys 401ms (cache miss)
1001 silly packumentCache full:https://registry.npmjs.org/@typescript-eslint%2fvisitor-keys set size:undefined disposed:false
1002 silly placeDep ROOT @typescript-eslint/types@5.62.0 OK for: @typescript-eslint/parser@5.62.0 want: 5.62.0
1003 silly placeDep ROOT @typescript-eslint/typescript-estree@5.62.0 OK for: @typescript-eslint/parser@5.62.0 want: 5.62.0
1004 silly fetch manifest globby@^11.1.0
1005 silly packumentCache full:https://registry.npmjs.org/globby cache-miss
1006 http fetch GET 200 https://registry.npmjs.org/globby 68ms (cache miss)
1007 silly packumentCache full:https://registry.npmjs.org/globby set size:undefined disposed:false
1008 silly placeDep ROOT @typescript-eslint/visitor-keys@5.62.0 OK for: @typescript-eslint/scope-manager@5.62.0 want: 5.62.0
1009 silly fetch manifest eslint-visitor-keys@^3.3.0
1010 silly packumentCache full:https://registry.npmjs.org/eslint-visitor-keys cache-miss
1011 http fetch GET 200 https://registry.npmjs.org/eslint-visitor-keys 56ms (cache revalidated)
1012 silly packumentCache full:https://registry.npmjs.org/eslint-visitor-keys set size:69949 disposed:false
1013 silly placeDep ROOT globby@11.1.0 OK for: @typescript-eslint/typescript-estree@5.62.0 want: ^11.1.0
1014 silly placeDep ROOT is-glob@4.0.3 OK for: @typescript-eslint/typescript-estree@5.62.0 want: ^4.0.3
1015 silly fetch manifest slash@^3.0.0
1016 silly packumentCache full:https://registry.npmjs.org/slash cache-miss
1017 silly fetch manifest merge2@^1.4.1
1018 silly packumentCache full:https://registry.npmjs.org/merge2 cache-miss
1019 silly fetch manifest dir-glob@^3.0.1
1020 silly packumentCache full:https://registry.npmjs.org/dir-glob cache-miss
1021 silly fetch manifest fast-glob@^3.2.9
1022 silly packumentCache full:https://registry.npmjs.org/fast-glob cache-miss
1023 silly fetch manifest array-union@^2.1.0
1024 silly packumentCache full:https://registry.npmjs.org/array-union cache-miss
1025 silly fetch manifest is-extglob@^2.1.1
1026 silly packumentCache full:https://registry.npmjs.org/is-extglob cache-miss
1027 http fetch GET 200 https://registry.npmjs.org/fast-glob 59ms (cache revalidated)
1028 silly packumentCache full:https://registry.npmjs.org/fast-glob set size:220556 disposed:false
1029 http fetch GET 200 https://registry.npmjs.org/dir-glob 64ms (cache miss)
1030 silly packumentCache full:https://registry.npmjs.org/dir-glob set size:undefined disposed:false
1031 http fetch GET 200 https://registry.npmjs.org/is-extglob 65ms (cache miss)
1032 silly packumentCache full:https://registry.npmjs.org/is-extglob set size:undefined disposed:false
1033 http fetch GET 200 https://registry.npmjs.org/merge2 66ms (cache miss)
1034 silly packumentCache full:https://registry.npmjs.org/merge2 set size:undefined disposed:false
1035 http fetch GET 200 https://registry.npmjs.org/slash 69ms (cache miss)
1036 silly packumentCache full:https://registry.npmjs.org/slash set size:undefined disposed:false
1037 http fetch GET 200 https://registry.npmjs.org/array-union 70ms (cache miss)
1038 silly packumentCache full:https://registry.npmjs.org/array-union set size:undefined disposed:false
1039 silly placeDep ROOT @eslint-community/eslint-utils@4.10.1 OK for: @typescript-eslint/utils@5.62.0 want: ^4.2.0
1040 silly placeDep ROOT @types/json-schema@7.0.15 OK for: @typescript-eslint/utils@5.62.0 want: ^7.0.9
1041 silly placeDep ROOT @types/semver@7.7.1 OK for: @typescript-eslint/utils@5.62.0 want: ^7.3.12
1042 silly placeDep ROOT eslint-scope@5.1.1 OK for: @typescript-eslint/utils@5.62.0 want: ^5.1.1
1043 silly fetch manifest eslint-visitor-keys@^3.4.3
1044 silly packumentCache full:https://registry.npmjs.org/eslint-visitor-keys cache-hit
1045 silly fetch manifest esrecurse@^4.3.0
1046 silly packumentCache full:https://registry.npmjs.org/esrecurse cache-miss
1047 silly fetch manifest estraverse@^4.1.1
1048 silly packumentCache full:https://registry.npmjs.org/estraverse cache-miss
1049 http fetch GET 200 https://registry.npmjs.org/estraverse 50ms (cache miss)
1050 silly packumentCache full:https://registry.npmjs.org/estraverse set size:undefined disposed:false
1051 http fetch GET 200 https://registry.npmjs.org/esrecurse 57ms (cache miss)
1052 silly packumentCache full:https://registry.npmjs.org/esrecurse set size:undefined disposed:false
1053 silly placeDep ROOT eslint-visitor-keys@3.4.3 OK for: @eslint-community/eslint-utils@4.10.1 want: ^3.4.3
1054 silly placeDep ROOT @babel/standalone@7.29.7 OK for: @vitejs/plugin-legacy@1.8.2 want: ^7.17.11
1055 silly placeDep ROOT core-js@3.49.0 OK for: @vitejs/plugin-legacy@1.8.2 want: ^3.22.3
1056 silly placeDep ROOT magic-string@0.26.7 OK for: @vitejs/plugin-legacy@1.8.2 want: ^0.26.1
1057 silly placeDep ROOT regenerator-runtime@0.13.11 OK for: @vitejs/plugin-legacy@1.8.2 want: ^0.13.9
1058 silly placeDep ROOT systemjs@6.15.1 OK for: @vitejs/plugin-legacy@1.8.2 want: ^6.12.1
1059 silly fetch manifest sourcemap-codec@^1.4.8
1060 silly packumentCache full:https://registry.npmjs.org/sourcemap-codec cache-miss
1061 http fetch GET 200 https://registry.npmjs.org/sourcemap-codec 59ms (cache miss)
1062 silly packumentCache full:https://registry.npmjs.org/sourcemap-codec set size:undefined disposed:false
1063 silly placeDep ROOT @babel/parser@7.29.7 OK for: @vue/compiler-sfc@3.5.40 want: ^7.29.7
1064 silly placeDep ROOT @vue/compiler-core@3.5.40 OK for: @vue/compiler-sfc@3.5.40 want: 3.5.40
1065 silly placeDep ROOT @vue/compiler-dom@3.5.40 OK for: @vue/compiler-sfc@3.5.40 want: 3.5.40
1066 silly placeDep ROOT @vue/compiler-ssr@3.5.40 OK for: @vue/compiler-sfc@3.5.40 want: 3.5.40
1067 silly placeDep ROOT @vue/shared@3.5.40 OK for: @vue/compiler-sfc@3.5.40 want: 3.5.40
1068 silly placeDep ROOT estree-walker@2.0.2 OK for: @vue/compiler-sfc@3.5.40 want: ^2.0.2
1069 silly placeDep node_modules/@vue/compiler-sfc magic-string@0.30.21 OK for: @vue/compiler-sfc@3.5.40 want: ^0.30.21
1070 silly placeDep ROOT postcss@8.5.22 OK for: @vue/compiler-sfc@3.5.40 want: ^8.5.19
1071 silly placeDep ROOT source-map-js@1.2.1 OK for: @vue/compiler-sfc@3.5.40 want: ^1.2.1
1072 silly fetch manifest @babel/types@^7.29.7
1073 silly packumentCache full:https://registry.npmjs.org/@babel%2ftypes cache-miss
1074 silly fetch manifest entities@^7.0.1
1075 silly packumentCache full:https://registry.npmjs.org/entities cache-miss
1076 silly fetch manifest @jridgewell/sourcemap-codec@^1.5.5
1077 silly packumentCache full:https://registry.npmjs.org/@jridgewell%2fsourcemap-codec cache-miss
1078 silly fetch manifest nanoid@^3.3.16
1079 silly packumentCache full:https://registry.npmjs.org/nanoid cache-miss
1080 silly fetch manifest picocolors@^1.1.1
1081 silly packumentCache full:https://registry.npmjs.org/picocolors cache-miss
1082 http fetch GET 200 https://registry.npmjs.org/entities 54ms (cache miss)
1083 silly packumentCache full:https://registry.npmjs.org/entities set size:undefined disposed:false
1084 http fetch GET 200 https://registry.npmjs.org/picocolors 58ms (cache miss)
1085 silly packumentCache full:https://registry.npmjs.org/picocolors set size:undefined disposed:false
1086 http fetch GET 200 https://registry.npmjs.org/@babel%2ftypes 73ms (cache miss)
1087 silly packumentCache full:https://registry.npmjs.org/@babel%2ftypes set size:undefined disposed:false
1088 http fetch GET 200 https://registry.npmjs.org/@jridgewell%2fsourcemap-codec 83ms (cache miss)
1089 silly packumentCache full:https://registry.npmjs.org/@jridgewell%2fsourcemap-codec set size:undefined disposed:false
1090 http fetch GET 200 https://registry.npmjs.org/nanoid 84ms (cache miss)
1091 silly packumentCache full:https://registry.npmjs.org/nanoid set size:undefined disposed:false
1092 silly placeDep ROOT @babel/types@7.29.7 OK for: @babel/parser@7.29.7 want: ^7.29.7
1093 silly fetch manifest @babel/helper-string-parser@^7.29.7
1094 silly packumentCache full:https://registry.npmjs.org/@babel%2fhelper-string-parser cache-miss
1095 silly fetch manifest @babel/helper-validator-identifier@^7.29.7
1096 silly packumentCache full:https://registry.npmjs.org/@babel%2fhelper-validator-identifier cache-miss
1097 http fetch GET 200 https://registry.npmjs.org/@babel%2fhelper-string-parser 64ms (cache miss)
1098 silly packumentCache full:https://registry.npmjs.org/@babel%2fhelper-string-parser set size:undefined disposed:false
1099 http fetch GET 200 https://registry.npmjs.org/@babel%2fhelper-validator-identifier 66ms (cache miss)
1100 silly packumentCache full:https://registry.npmjs.org/@babel%2fhelper-validator-identifier set size:undefined disposed:false
1101 silly placeDep ROOT @babel/helper-string-parser@7.29.7 OK for: @babel/types@7.29.7 want: ^7.29.7
1102 silly placeDep ROOT @babel/helper-validator-identifier@7.29.7 OK for: @babel/types@7.29.7 want: ^7.29.7
1103 silly placeDep ROOT entities@7.0.1 OK for: @vue/compiler-core@3.5.40 want: ^7.0.1
1104 silly placeDep ROOT @agora-js/media@4.24.6 OK for: agora-rtc-sdk-ng@4.24.6 want: 4.24.6
1105 silly placeDep ROOT @agora-js/protocol@4.24.6 OK for: agora-rtc-sdk-ng@4.24.6 want: 4.24.6
1106 silly placeDep ROOT @agora-js/report@4.24.6 OK for: agora-rtc-sdk-ng@4.24.6 want: 4.24.6
1107 silly placeDep ROOT @agora-js/shared@4.24.6 OK for: agora-rtc-sdk-ng@4.24.6 want: 4.24.6
1108 silly placeDep ROOT agora-rte-extension@1.2.4 OK for: agora-rtc-sdk-ng@4.24.6 want: ^1.2.4
1109 silly placeDep ROOT agora-rte-extension-ng@1.0.3 OK for: agora-rtc-sdk-ng@4.24.6 want: ^1.0.3
1110 silly placeDep node_modules/agora-rtc-sdk-ng axios@1.18.1 OK for: agora-rtc-sdk-ng@4.24.6 want: ^1.16.1
1111 silly placeDep ROOT formdata-polyfill@4.0.10 OK for: agora-rtc-sdk-ng@4.24.6 want: ^4.0.7
1112 silly placeDep ROOT pako@2.2.0 OK for: agora-rtc-sdk-ng@4.24.6 want: ^2.1.0
1113 silly placeDep ROOT ua-parser-js@0.7.41 OK for: agora-rtc-sdk-ng@4.24.6 want: ^0.7.34
1114 silly placeDep ROOT webrtc-adapter@8.2.0 OK for: agora-rtc-sdk-ng@4.24.6 want: 8.2.0
1115 silly fetch manifest @types/pako@^2.0.0
1116 silly packumentCache full:https://registry.npmjs.org/@types%2fpako cache-miss
1117 silly fetch manifest @bufbuild/protobuf@2.10.1
1118 silly packumentCache full:https://registry.npmjs.org/@bufbuild%2fprotobuf cache-miss
1119 silly fetch manifest form-data@^4.0.5
1120 silly packumentCache full:https://registry.npmjs.org/form-data cache-miss
1121 silly fetch manifest proxy-from-env@^2.1.0
1122 silly packumentCache full:https://registry.npmjs.org/proxy-from-env cache-miss
1123 silly fetch manifest follow-redirects@^1.16.0
1124 silly packumentCache full:https://registry.npmjs.org/follow-redirects cache-miss
1125 silly fetch manifest https-proxy-agent@^5.0.1
1126 silly packumentCache full:https://registry.npmjs.org/https-proxy-agent cache-miss
1127 silly fetch manifest fetch-blob@^3.1.2
1128 silly packumentCache full:https://registry.npmjs.org/fetch-blob cache-miss
1129 silly fetch manifest sdp@^3.0.2
1130 silly packumentCache full:https://registry.npmjs.org/sdp cache-miss
1131 http fetch GET 200 https://registry.npmjs.org/follow-redirects 52ms (cache revalidated)
1132 silly packumentCache full:https://registry.npmjs.org/follow-redirects set size:188945 disposed:false
1133 http fetch GET 200 https://registry.npmjs.org/proxy-from-env 57ms (cache miss)
1134 silly packumentCache full:https://registry.npmjs.org/proxy-from-env set size:undefined disposed:false
1135 http fetch GET 200 https://registry.npmjs.org/fetch-blob 61ms (cache miss)
1136 silly packumentCache full:https://registry.npmjs.org/fetch-blob set size:undefined disposed:false
1137 http fetch GET 200 https://registry.npmjs.org/form-data 66ms (cache miss)
1138 silly packumentCache full:https://registry.npmjs.org/form-data set size:undefined disposed:false
1139 http fetch GET 200 https://registry.npmjs.org/@types%2fpako 70ms (cache miss)
1140 silly packumentCache full:https://registry.npmjs.org/@types%2fpako set size:undefined disposed:false
1141 http fetch GET 200 https://registry.npmjs.org/https-proxy-agent 72ms (cache miss)
1142 silly packumentCache full:https://registry.npmjs.org/https-proxy-agent set size:undefined disposed:false
1143 http fetch GET 200 https://registry.npmjs.org/@bufbuild%2fprotobuf 76ms (cache miss)
1144 silly packumentCache full:https://registry.npmjs.org/@bufbuild%2fprotobuf set size:undefined disposed:false
1145 http fetch GET 200 https://registry.npmjs.org/sdp 201ms (cache miss)
1146 silly packumentCache full:https://registry.npmjs.org/sdp set size:undefined disposed:false
1147 silly placeDep node_modules/@agora-js/media axios@1.18.1 OK for: @agora-js/media@4.24.6 want: ^1.16.1
1148 silly placeDep ROOT @bufbuild/protobuf@2.10.1 OK for: @agora-js/protocol@4.24.6 want: 2.10.1
1149 silly placeDep ROOT @types/pako@2.0.4 OK for: @agora-js/protocol@4.24.6 want: ^2.0.0
1150 silly placeDep node_modules/@agora-js/report axios@1.18.1 OK for: @agora-js/report@4.24.6 want: ^1.16.1
1151 silly placeDep node_modules/@agora-js/shared axios@1.18.1 OK for: @agora-js/shared@4.24.6 want: ^1.16.1
1152 silly placeDep ROOT @babel/runtime@7.29.7 OK for: ant-design-vue@2.2.8 want: ^7.10.5
1153 silly placeDep ROOT @simonwep/pickr@1.8.2 OK for: ant-design-vue@2.2.8 want: ~1.8.0
1154 silly placeDep ROOT array-tree-filter@2.1.0 OK for: ant-design-vue@2.2.8 want: ^2.1.0
1155 silly placeDep ROOT async-validator@3.5.2 OK for: ant-design-vue@2.2.8 want: ^3.3.0
1156 silly placeDep ROOT dom-align@1.12.4 OK for: ant-design-vue@2.2.8 want: ^1.12.1
1157 silly placeDep ROOT dom-scroll-into-view@2.0.1 OK for: ant-design-vue@2.2.8 want: ^2.0.0
1158 silly placeDep ROOT lodash@4.18.1 OK for: ant-design-vue@2.2.8 want: ^4.17.21
1159 silly placeDep ROOT lodash-es@4.18.1 OK for: ant-design-vue@2.2.8 want: ^4.17.15
1160 silly placeDep ROOT moment@2.30.1 OK for: ant-design-vue@2.2.8 want: ^2.27.0
1161 silly placeDep ROOT omit.js@2.0.2 OK for: ant-design-vue@2.2.8 want: ^2.0.0
1162 silly placeDep ROOT resize-observer-polyfill@1.5.1 OK for: ant-design-vue@2.2.8 want: ^1.5.1
1163 silly placeDep ROOT scroll-into-view-if-needed@2.2.31 OK for: ant-design-vue@2.2.8 want: ^2.2.25
1164 silly placeDep ROOT shallow-equal@1.2.1 OK for: ant-design-vue@2.2.8 want: ^1.0.0
1165 silly placeDep ROOT vue-types@3.0.2 OK for: ant-design-vue@2.2.8 want: ^3.0.0
1166 silly placeDep ROOT warning@4.0.3 OK for: ant-design-vue@2.2.8 want: ^4.0.0
1167 silly fetch manifest nanopop@^2.1.0
1168 silly packumentCache full:https://registry.npmjs.org/nanopop cache-miss
1169 silly fetch manifest compute-scroll-into-view@^1.0.20
1170 silly packumentCache full:https://registry.npmjs.org/compute-scroll-into-view cache-miss
1171 silly fetch manifest is-plain-object@3.0.1
1172 silly packumentCache full:https://registry.npmjs.org/is-plain-object cache-miss
1173 silly fetch manifest loose-envify@^1.0.0
1174 silly packumentCache full:https://registry.npmjs.org/loose-envify cache-miss
1175 http fetch GET 200 https://registry.npmjs.org/is-plain-object 60ms (cache miss)
1176 silly packumentCache full:https://registry.npmjs.org/is-plain-object set size:undefined disposed:false
1177 http fetch GET 200 https://registry.npmjs.org/loose-envify 68ms (cache miss)
1178 silly packumentCache full:https://registry.npmjs.org/loose-envify set size:undefined disposed:false
1179 http fetch GET 200 https://registry.npmjs.org/compute-scroll-into-view 70ms (cache miss)
1180 silly packumentCache full:https://registry.npmjs.org/compute-scroll-into-view set size:undefined disposed:false
1181 http fetch GET 200 https://registry.npmjs.org/nanopop 218ms (cache miss)
1182 silly packumentCache full:https://registry.npmjs.org/nanopop set size:undefined disposed:false
1183 silly placeDep ROOT nanopop@2.4.2 OK for: @simonwep/pickr@1.8.2 want: ^2.1.0
1184 silly placeDep ROOT follow-redirects@1.16.0 OK for: axios@0.21.4 want: ^1.14.0
1185 silly placeDep ROOT ms@2.1.3 OK for: debug@4.4.3 want: ^2.1.3
1186 silly placeDep ROOT @babel/code-frame@7.12.11 OK for: eslint@7.32.0 want: 7.12.11
1187 silly placeDep ROOT @eslint/eslintrc@0.4.3 OK for: eslint@7.32.0 want: ^0.4.3
1188 silly placeDep ROOT @humanwhocodes/config-array@0.5.0 OK for: eslint@7.32.0 want: ^0.5.0
1189 silly placeDep ROOT ajv@6.15.0 OK for: eslint@7.32.0 want: ^6.10.0
1190 silly placeDep ROOT chalk@4.1.2 OK for: eslint@7.32.0 want: ^4.0.0
1191 silly placeDep ROOT cross-spawn@7.0.6 OK for: eslint@7.32.0 want: ^7.0.2
1192 silly placeDep ROOT doctrine@3.0.0 OK for: eslint@7.32.0 want: ^3.0.0
1193 silly placeDep ROOT enquirer@2.4.1 OK for: eslint@7.32.0 want: ^2.3.5
1194 silly placeDep ROOT escape-string-regexp@4.0.0 OK for: eslint@7.32.0 want: ^4.0.0
1195 silly placeDep ROOT eslint-utils@2.1.0 OK for: eslint@7.32.0 want: ^2.1.0
1196 silly placeDep node_modules/eslint eslint-visitor-keys@2.1.0 OK for: eslint@7.32.0 want: ^2.0.0
1197 silly placeDep ROOT espree@7.3.1 OK for: eslint@7.32.0 want: ^7.3.1
1198 silly placeDep ROOT esquery@1.7.0 OK for: eslint@7.32.0 want: ^1.4.0
1199 silly placeDep ROOT esutils@2.0.3 OK for: eslint@7.32.0 want: ^2.0.2
1200 silly placeDep ROOT fast-deep-equal@3.1.3 OK for: eslint@7.32.0 want: ^3.1.3
1201 silly placeDep ROOT file-entry-cache@6.0.1 OK for: eslint@7.32.0 want: ^6.0.1
1202 silly placeDep ROOT functional-red-black-tree@1.0.1 OK for: eslint@7.32.0 want: ^1.0.1
1203 silly placeDep ROOT glob-parent@5.1.2 OK for: eslint@7.32.0 want: ^5.1.2
1204 silly placeDep ROOT globals@13.24.0 OK for: eslint@7.32.0 want: ^13.6.0
1205 silly placeDep node_modules/eslint ignore@4.0.6 OK for: eslint@7.32.0 want: ^4.0.6
1206 silly placeDep ROOT import-fresh@3.3.1 OK for: eslint@7.32.0 want: ^3.0.0
1207 silly placeDep ROOT imurmurhash@0.1.4 OK for: eslint@7.32.0 want: ^0.1.4
1208 silly placeDep ROOT js-yaml@3.15.0 OK for: eslint@7.32.0 want: ^3.13.1
1209 silly placeDep ROOT json-stable-stringify-without-jsonify@1.0.1 OK for: eslint@7.32.0 want: ^1.0.1
1210 silly placeDep ROOT levn@0.4.1 OK for: eslint@7.32.0 want: ^0.4.1
1211 silly placeDep ROOT lodash.merge@4.6.2 OK for: eslint@7.32.0 want: ^4.6.2
1212 silly placeDep ROOT minimatch@3.1.5 OK for: eslint@7.32.0 want: ^3.0.4
1213 silly placeDep ROOT natural-compare@1.4.0 OK for: eslint@7.32.0 want: ^1.4.0
1214 silly placeDep ROOT optionator@0.9.4 OK for: eslint@7.32.0 want: ^0.9.1
1215 silly placeDep ROOT progress@2.0.3 OK for: eslint@7.32.0 want: ^2.0.0
1216 silly placeDep ROOT regexpp@3.2.0 OK for: eslint@7.32.0 want: ^3.1.0
1217 silly placeDep ROOT strip-ansi@6.0.1 OK for: eslint@7.32.0 want: ^6.0.0
1218 silly placeDep ROOT strip-json-comments@3.1.1 OK for: eslint@7.32.0 want: ^3.1.0
1219 silly placeDep ROOT table@6.9.0 OK for: eslint@7.32.0 want: ^6.0.9
1220 silly placeDep ROOT text-table@0.2.0 OK for: eslint@7.32.0 want: ^0.2.0
1221 silly placeDep ROOT v8-compile-cache@2.4.0 OK for: eslint@7.32.0 want: ^2.0.3
1222 silly fetch manifest @babel/highlight@^7.10.4
1223 silly packumentCache full:https://registry.npmjs.org/@babel%2fhighlight cache-miss
1224 silly fetch manifest ajv@^6.12.4
1225 silly packumentCache full:https://registry.npmjs.org/ajv cache-miss
1226 silly fetch manifest espree@^7.3.0
1227 silly packumentCache full:https://registry.npmjs.org/espree cache-miss
1228 silly fetch manifest globals@^13.9.0
1229 silly packumentCache full:https://registry.npmjs.org/globals cache-miss
1230 silly fetch manifest import-fresh@^3.2.1
1231 silly packumentCache full:https://registry.npmjs.org/import-fresh cache-miss
1232 silly fetch manifest strip-json-comments@^3.1.1
1233 silly packumentCache full:https://registry.npmjs.org/strip-json-comments cache-miss
1234 silly fetch manifest @humanwhocodes/object-schema@^1.2.0
1235 silly packumentCache full:https://registry.npmjs.org/@humanwhocodes%2fobject-schema cache-miss
1236 silly fetch manifest uri-js@^4.2.2
1237 silly packumentCache full:https://registry.npmjs.org/uri-js cache-miss
1238 silly fetch manifest fast-deep-equal@^3.1.1
1239 silly packumentCache full:https://registry.npmjs.org/fast-deep-equal cache-miss
1240 silly fetch manifest json-schema-traverse@^0.4.1
1241 silly packumentCache full:https://registry.npmjs.org/json-schema-traverse cache-miss
1242 silly fetch manifest fast-json-stable-stringify@^2.0.0
1243 silly packumentCache full:https://registry.npmjs.org/fast-json-stable-stringify cache-miss
1244 silly fetch manifest ansi-styles@^4.1.0
1245 silly packumentCache full:https://registry.npmjs.org/ansi-styles cache-miss
1246 silly fetch manifest supports-color@^7.1.0
1247 silly packumentCache full:https://registry.npmjs.org/supports-color cache-miss
1248 silly fetch manifest which@^2.0.1
1249 silly packumentCache full:https://registry.npmjs.org/which cache-miss
1250 silly fetch manifest path-key@^3.1.0
1251 silly packumentCache full:https://registry.npmjs.org/path-key cache-miss
1252 silly fetch manifest shebang-command@^2.0.0
1253 silly packumentCache full:https://registry.npmjs.org/shebang-command cache-miss
1254 silly fetch manifest ansi-colors@^4.1.1
1255 silly packumentCache full:https://registry.npmjs.org/ansi-colors cache-miss
1256 silly fetch manifest strip-ansi@^6.0.1
1257 silly packumentCache full:https://registry.npmjs.org/strip-ansi cache-miss
1258 silly fetch manifest eslint-visitor-keys@^1.1.0
1259 silly packumentCache full:https://registry.npmjs.org/eslint-visitor-keys cache-hit
1260 silly fetch manifest acorn@^7.4.0
1261 silly packumentCache full:https://registry.npmjs.org/acorn cache-miss
1262 http fetch GET 200 https://registry.npmjs.org/import-fresh 60ms (cache revalidated)
1263 silly packumentCache full:https://registry.npmjs.org/import-fresh set size:24604 disposed:false
1264 silly fetch manifest acorn-jsx@^5.3.1
1265 silly packumentCache full:https://registry.npmjs.org/acorn-jsx cache-miss
1266 http fetch GET 200 https://registry.npmjs.org/fast-json-stable-stringify 61ms (cache miss)
1267 silly packumentCache full:https://registry.npmjs.org/fast-json-stable-stringify set size:undefined disposed:false
1268 silly fetch manifest eslint-visitor-keys@^1.3.0
1269 silly packumentCache full:https://registry.npmjs.org/eslint-visitor-keys cache-hit
1270 silly fetch manifest estraverse@^5.1.0
1271 silly packumentCache full:https://registry.npmjs.org/estraverse cache-miss
1272 http fetch GET 200 https://registry.npmjs.org/globals 66ms (cache revalidated)
1273 silly packumentCache full:https://registry.npmjs.org/globals set size:319673 disposed:false
1274 silly fetch manifest flat-cache@^3.0.4
1275 silly packumentCache full:https://registry.npmjs.org/flat-cache cache-miss
1276 http fetch GET 200 https://registry.npmjs.org/strip-json-comments 71ms (cache revalidated)
1277 silly packumentCache full:https://registry.npmjs.org/strip-json-comments set size:43569 disposed:false
1278 silly fetch manifest type-fest@^0.20.2
1279 silly packumentCache full:https://registry.npmjs.org/type-fest cache-miss
1280 http fetch GET 200 https://registry.npmjs.org/uri-js 72ms (cache miss)
1281 silly packumentCache full:https://registry.npmjs.org/uri-js set size:undefined disposed:false
1282 silly fetch manifest resolve-from@^4.0.0
1283 silly packumentCache full:https://registry.npmjs.org/resolve-from cache-miss
1284 http fetch GET 200 https://registry.npmjs.org/ansi-styles 74ms (cache miss)
1285 silly packumentCache full:https://registry.npmjs.org/ansi-styles set size:undefined disposed:false
1286 silly fetch manifest parent-module@^1.0.0
1287 silly packumentCache full:https://registry.npmjs.org/parent-module cache-miss
1288 http fetch GET 200 https://registry.npmjs.org/path-key 75ms (cache miss)
1289 silly packumentCache full:https://registry.npmjs.org/path-key set size:undefined disposed:false
1290 silly fetch manifest esprima@^4.0.0
1291 silly packumentCache full:https://registry.npmjs.org/esprima cache-miss
1292 http fetch GET 200 https://registry.npmjs.org/ansi-colors 76ms (cache miss)
1293 silly packumentCache full:https://registry.npmjs.org/ansi-colors set size:undefined disposed:false
1294 silly fetch manifest argparse@^1.0.7
1295 silly packumentCache full:https://registry.npmjs.org/argparse cache-miss
1296 http fetch GET 200 https://registry.npmjs.org/supports-color 80ms (cache miss)
1297 silly packumentCache full:https://registry.npmjs.org/supports-color set size:undefined disposed:false
1298 silly fetch manifest prelude-ls@^1.2.1
1299 silly packumentCache full:https://registry.npmjs.org/prelude-ls cache-miss
1300 http fetch GET 200 https://registry.npmjs.org/which 80ms (cache miss)
1301 silly packumentCache full:https://registry.npmjs.org/which set size:undefined disposed:false
1302 silly fetch manifest type-check@~0.4.0
1303 silly packumentCache full:https://registry.npmjs.org/type-check cache-miss
1304 http fetch GET 200 https://registry.npmjs.org/json-schema-traverse 82ms (cache miss)
1305 silly packumentCache full:https://registry.npmjs.org/json-schema-traverse set size:undefined disposed:false
1306 silly fetch manifest brace-expansion@^1.1.7
1307 silly packumentCache full:https://registry.npmjs.org/brace-expansion cache-miss
1308 http fetch GET 200 https://registry.npmjs.org/@humanwhocodes%2fobject-schema 85ms (cache miss)
1309 silly packumentCache full:https://registry.npmjs.org/@humanwhocodes%2fobject-schema set size:undefined disposed:false
1310 silly fetch manifest prelude-ls@^1.2.1
1311 silly packumentCache full:https://registry.npmjs.org/prelude-ls cache-miss
1312 http fetch GET 200 https://registry.npmjs.org/shebang-command 86ms (cache miss)
1313 silly packumentCache full:https://registry.npmjs.org/shebang-command set size:undefined disposed:false
1314 silly fetch manifest deep-is@^0.1.3
1315 silly packumentCache full:https://registry.npmjs.org/deep-is cache-miss
1316 http fetch GET 200 https://registry.npmjs.org/@babel%2fhighlight 91ms (cache miss)
1317 silly packumentCache full:https://registry.npmjs.org/@babel%2fhighlight set size:undefined disposed:false
1318 silly fetch manifest word-wrap@^1.2.5
1319 silly packumentCache full:https://registry.npmjs.org/word-wrap cache-miss
1320 http fetch GET 200 https://registry.npmjs.org/acorn 90ms (cache miss)
1321 silly packumentCache full:https://registry.npmjs.org/acorn set size:undefined disposed:false
1322 silly fetch manifest type-check@^0.4.0
1323 silly packumentCache full:https://registry.npmjs.org/type-check cache-miss
1324 http fetch GET 200 https://registry.npmjs.org/strip-ansi 94ms (cache revalidated)
1325 silly packumentCache full:https://registry.npmjs.org/strip-ansi set size:44998 disposed:false
1326 silly fetch manifest fast-levenshtein@^2.0.6
1327 silly packumentCache full:https://registry.npmjs.org/fast-levenshtein cache-miss
1328 http fetch GET 200 https://registry.npmjs.org/espree 101ms (cache revalidated)
1329 silly packumentCache full:https://registry.npmjs.org/espree set size:326080 disposed:false
1330 silly fetch manifest ansi-regex@^5.0.1
1331 silly packumentCache full:https://registry.npmjs.org/ansi-regex cache-miss
1332 http fetch GET 200 https://registry.npmjs.org/ajv 105ms (cache revalidated)
1333 silly packumentCache full:https://registry.npmjs.org/ajv set size:1142658 disposed:false
1334 silly fetch manifest ajv@^8.0.1
1335 silly packumentCache full:https://registry.npmjs.org/ajv cache-miss
1336 http fetch GET 200 https://registry.npmjs.org/fast-deep-equal 111ms (cache revalidated)
1337 silly packumentCache full:https://registry.npmjs.org/fast-deep-equal set size:48634 disposed:false
1338 silly fetch manifest slice-ansi@^4.0.0
1339 silly packumentCache full:https://registry.npmjs.org/slice-ansi cache-miss
1340 http fetch GET 200 https://registry.npmjs.org/acorn-jsx 62ms (cache miss)
1341 silly packumentCache full:https://registry.npmjs.org/acorn-jsx set size:undefined disposed:false
1342 silly fetch manifest string-width@^4.2.3
1343 silly packumentCache full:https://registry.npmjs.org/string-width cache-miss
1344 http fetch GET 200 https://registry.npmjs.org/flat-cache 60ms (cache miss)
1345 silly packumentCache full:https://registry.npmjs.org/flat-cache set size:undefined disposed:false
1346 silly fetch manifest lodash.truncate@^4.4.2
1347 silly packumentCache full:https://registry.npmjs.org/lodash.truncate cache-miss
1348 http fetch GET 200 https://registry.npmjs.org/esprima 52ms (cache miss)
1349 silly packumentCache full:https://registry.npmjs.org/esprima set size:undefined disposed:false
1350 http fetch GET 200 https://registry.npmjs.org/resolve-from 59ms (cache miss)
1351 silly packumentCache full:https://registry.npmjs.org/resolve-from set size:undefined disposed:false
1352 http fetch GET 200 https://registry.npmjs.org/parent-module 58ms (cache miss)
1353 silly packumentCache full:https://registry.npmjs.org/parent-module set size:undefined disposed:false
1354 http fetch GET 200 https://registry.npmjs.org/estraverse 83ms (cache revalidated)
1355 silly packumentCache full:https://registry.npmjs.org/estraverse set size:62412 disposed:false
1356 http fetch GET 200 https://registry.npmjs.org/type-check 65ms (cache miss)
1357 silly packumentCache full:https://registry.npmjs.org/type-check set size:undefined disposed:false
1358 http fetch GET 200 https://registry.npmjs.org/prelude-ls 62ms (cache miss)
1359 silly packumentCache full:https://registry.npmjs.org/prelude-ls set size:undefined disposed:false
1360 http fetch GET 200 https://registry.npmjs.org/argparse 70ms (cache miss)
1361 silly packumentCache full:https://registry.npmjs.org/argparse set size:undefined disposed:false
1362 http fetch GET 200 https://registry.npmjs.org/prelude-ls 69ms (cache miss)
1363 silly packumentCache full:https://registry.npmjs.org/prelude-ls set size:undefined disposed:false
1364 http fetch GET 200 https://registry.npmjs.org/type-fest 80ms (cache miss)
1365 silly packumentCache full:https://registry.npmjs.org/type-fest set size:undefined disposed:false
1366 http fetch GET 200 https://registry.npmjs.org/brace-expansion 74ms (cache miss)
1367 silly packumentCache full:https://registry.npmjs.org/brace-expansion set size:undefined disposed:false
1368 http fetch GET 200 https://registry.npmjs.org/deep-is 71ms (cache miss)
1369 silly packumentCache full:https://registry.npmjs.org/deep-is set size:undefined disposed:false
1370 http fetch GET 200 https://registry.npmjs.org/type-check 65ms (cache miss)
1371 silly packumentCache full:https://registry.npmjs.org/type-check set size:undefined disposed:false
1372 http fetch GET 200 https://registry.npmjs.org/word-wrap 71ms (cache miss)
1373 silly packumentCache full:https://registry.npmjs.org/word-wrap set size:undefined disposed:false
1374 http fetch GET 200 https://registry.npmjs.org/fast-levenshtein 68ms (cache miss)
1375 silly packumentCache full:https://registry.npmjs.org/fast-levenshtein set size:undefined disposed:false
1376 http fetch GET 200 https://registry.npmjs.org/slice-ansi 56ms (cache miss)
1377 silly packumentCache full:https://registry.npmjs.org/slice-ansi set size:undefined disposed:false
1378 http fetch GET 200 https://registry.npmjs.org/ansi-regex 69ms (cache miss)
1379 silly packumentCache full:https://registry.npmjs.org/ansi-regex set size:undefined disposed:false
1380 http fetch GET 200 https://registry.npmjs.org/ajv 70ms (cache revalidated)
1381 silly packumentCache full:https://registry.npmjs.org/ajv set size:1142658 disposed:false
1382 http fetch GET 200 https://registry.npmjs.org/string-width 59ms (cache miss)
1383 silly packumentCache full:https://registry.npmjs.org/string-width set size:undefined disposed:false
1384 http fetch GET 200 https://registry.npmjs.org/lodash.truncate 63ms (cache miss)
1385 silly packumentCache full:https://registry.npmjs.org/lodash.truncate set size:undefined disposed:false
1386 silly placeDep ROOT @babel/highlight@7.25.9 OK for: @babel/code-frame@7.12.11 want: ^7.10.4
1387 silly fetch manifest chalk@^2.4.2
1388 silly packumentCache full:https://registry.npmjs.org/chalk cache-miss
1389 silly fetch manifest js-tokens@^4.0.0
1390 silly packumentCache full:https://registry.npmjs.org/js-tokens cache-miss
1391 silly fetch manifest picocolors@^1.0.0
1392 silly packumentCache full:https://registry.npmjs.org/picocolors cache-miss
1393 http fetch GET 200 https://registry.npmjs.org/chalk 54ms (cache revalidated)
1394 silly packumentCache full:https://registry.npmjs.org/chalk set size:117861 disposed:false
1395 http fetch GET 200 https://registry.npmjs.org/picocolors 58ms (cache revalidated)
1396 silly packumentCache full:https://registry.npmjs.org/picocolors set size:16648 disposed:false
1397 http fetch GET 200 https://registry.npmjs.org/js-tokens 62ms (cache miss)
1398 silly packumentCache full:https://registry.npmjs.org/js-tokens set size:undefined disposed:false
1399 silly placeDep node_modules/@babel/highlight chalk@2.4.2 OK for: @babel/highlight@7.25.9 want: ^2.4.2
1400 silly placeDep ROOT js-tokens@4.0.0 OK for: @babel/highlight@7.25.9 want: ^4.0.0
1401 silly placeDep ROOT picocolors@1.1.1 OK for: @babel/highlight@7.25.9 want: ^1.0.0
1402 silly fetch manifest ansi-styles@^3.2.1
1403 silly packumentCache full:https://registry.npmjs.org/ansi-styles cache-miss
1404 silly fetch manifest supports-color@^5.3.0
1405 silly packumentCache full:https://registry.npmjs.org/supports-color cache-miss
1406 silly fetch manifest escape-string-regexp@^1.0.5
1407 silly packumentCache full:https://registry.npmjs.org/escape-string-regexp cache-miss
1408 http fetch GET 200 https://registry.npmjs.org/ansi-styles 46ms (cache revalidated)
1409 silly packumentCache full:https://registry.npmjs.org/ansi-styles set size:63233 disposed:false
1410 http fetch GET 200 https://registry.npmjs.org/supports-color 54ms (cache revalidated)
1411 silly packumentCache full:https://registry.npmjs.org/supports-color set size:118680 disposed:false
1412 http fetch GET 200 https://registry.npmjs.org/escape-string-regexp 56ms (cache revalidated)
1413 silly packumentCache full:https://registry.npmjs.org/escape-string-regexp set size:22244 disposed:false
1414 silly placeDep node_modules/@eslint/eslintrc ignore@4.0.6 OK for: @eslint/eslintrc@0.4.3 want: ^4.0.6
1415 silly placeDep ROOT @humanwhocodes/object-schema@1.2.1 OK for: @humanwhocodes/config-array@0.5.0 want: ^1.2.0
1416 silly placeDep ROOT fast-json-stable-stringify@2.1.0 OK for: ajv@6.15.0 want: ^2.0.0
1417 silly placeDep ROOT json-schema-traverse@0.4.1 OK for: ajv@6.15.0 want: ^0.4.1
1418 silly placeDep ROOT uri-js@4.4.1 OK for: ajv@6.15.0 want: ^4.2.2
1419 silly fetch manifest punycode@^2.1.0
1420 silly packumentCache full:https://registry.npmjs.org/punycode cache-miss
1421 http fetch GET 200 https://registry.npmjs.org/punycode 53ms (cache miss)
1422 silly packumentCache full:https://registry.npmjs.org/punycode set size:undefined disposed:false
1423 silly placeDep ROOT ansi-styles@4.3.0 OK for: chalk@4.1.2 want: ^4.1.0
1424 silly placeDep ROOT supports-color@7.2.0 OK for: chalk@4.1.2 want: ^7.1.0
1425 silly fetch manifest color-convert@^2.0.1
1426 silly packumentCache full:https://registry.npmjs.org/color-convert cache-miss
1427 silly fetch manifest has-flag@^4.0.0
1428 silly packumentCache full:https://registry.npmjs.org/has-flag cache-miss
1429 http fetch GET 200 https://registry.npmjs.org/has-flag 55ms (cache miss)
1430 silly packumentCache full:https://registry.npmjs.org/has-flag set size:undefined disposed:false
1431 http fetch GET 200 https://registry.npmjs.org/color-convert 60ms (cache miss)
1432 silly packumentCache full:https://registry.npmjs.org/color-convert set size:undefined disposed:false
1433 silly placeDep ROOT color-convert@2.0.1 OK for: ansi-styles@4.3.0 want: ^2.0.1
1434 silly fetch manifest color-name@~1.1.4
1435 silly packumentCache full:https://registry.npmjs.org/color-name cache-miss
1436 http fetch GET 200 https://registry.npmjs.org/color-name 54ms (cache miss)
1437 silly packumentCache full:https://registry.npmjs.org/color-name set size:undefined disposed:false
1438 silly placeDep ROOT color-name@1.1.4 OK for: color-convert@2.0.1 want: ~1.1.4
1439 silly placeDep ROOT path-key@3.1.1 OK for: cross-spawn@7.0.6 want: ^3.1.0
1440 silly placeDep ROOT shebang-command@2.0.0 OK for: cross-spawn@7.0.6 want: ^2.0.0
1441 silly placeDep ROOT which@2.0.2 OK for: cross-spawn@7.0.6 want: ^2.0.1
1442 silly fetch manifest shebang-regex@^3.0.0
1443 silly packumentCache full:https://registry.npmjs.org/shebang-regex cache-miss
1444 silly fetch manifest isexe@^2.0.0
1445 silly packumentCache full:https://registry.npmjs.org/isexe cache-miss
1446 http fetch GET 200 https://registry.npmjs.org/shebang-regex 56ms (cache miss)
1447 silly packumentCache full:https://registry.npmjs.org/shebang-regex set size:undefined disposed:false
1448 http fetch GET 200 https://registry.npmjs.org/isexe 60ms (cache miss)
1449 silly packumentCache full:https://registry.npmjs.org/isexe set size:undefined disposed:false
1450 silly placeDep ROOT ansi-colors@4.1.3 OK for: enquirer@2.4.1 want: ^4.1.1
1451 silly placeDep ROOT @rtsao/scc@1.1.0 OK for: eslint-plugin-import@2.32.0 want: ^1.1.0
1452 silly placeDep ROOT array-includes@3.1.9 OK for: eslint-plugin-import@2.32.0 want: ^3.1.9
1453 silly placeDep ROOT array.prototype.findlastindex@1.2.6 OK for: eslint-plugin-import@2.32.0 want: ^1.2.6
1454 silly placeDep ROOT array.prototype.flat@1.3.3 OK for: eslint-plugin-import@2.32.0 want: ^1.3.3
1455 silly placeDep ROOT array.prototype.flatmap@1.3.3 OK for: eslint-plugin-import@2.32.0 want: ^1.3.3
1456 silly placeDep node_modules/eslint-plugin-import debug@3.2.7 OK for: eslint-plugin-import@2.32.0 want: ^3.2.7
1457 silly placeDep node_modules/eslint-plugin-import doctrine@2.1.0 OK for: eslint-plugin-import@2.32.0 want: ^2.1.0
1458 silly placeDep ROOT eslint-import-resolver-node@0.3.10 OK for: eslint-plugin-import@2.32.0 want: ^0.3.9
1459 silly placeDep ROOT eslint-module-utils@2.14.0 OK for: eslint-plugin-import@2.32.0 want: ^2.12.1
1460 silly placeDep ROOT hasown@2.0.4 OK for: eslint-plugin-import@2.32.0 want: ^2.0.2
1461 silly placeDep ROOT is-core-module@2.16.2 OK for: eslint-plugin-import@2.32.0 want: ^2.16.1
1462 silly placeDep ROOT object.fromentries@2.0.8 OK for: eslint-plugin-import@2.32.0 want: ^2.0.8
1463 silly placeDep ROOT object.groupby@1.0.3 OK for: eslint-plugin-import@2.32.0 want: ^1.0.3
1464 silly placeDep ROOT object.values@1.2.1 OK for: eslint-plugin-import@2.32.0 want: ^1.2.1
1465 silly placeDep node_modules/eslint-plugin-import semver@6.3.1 OK for: eslint-plugin-import@2.32.0 want: ^6.3.1
1466 silly placeDep ROOT string.prototype.trimend@1.0.10 OK for: eslint-plugin-import@2.32.0 want: ^1.0.9
1467 silly placeDep ROOT tsconfig-paths@3.15.0 OK for: eslint-plugin-import@2.32.0 want: ^3.15.0
1468 silly fetch manifest call-bind@^1.0.8
1469 silly packumentCache full:https://registry.npmjs.org/call-bind cache-miss
1470 silly fetch manifest call-bound@^1.0.4
1471 silly packumentCache full:https://registry.npmjs.org/call-bound cache-miss
1472 silly fetch manifest define-properties@^1.2.1
1473 silly packumentCache full:https://registry.npmjs.org/define-properties cache-miss
1474 silly fetch manifest es-abstract@^1.24.0
1475 silly packumentCache full:https://registry.npmjs.org/es-abstract cache-miss
1476 silly fetch manifest es-object-atoms@^1.1.1
1477 silly packumentCache full:https://registry.npmjs.org/es-object-atoms cache-miss
1478 silly fetch manifest get-intrinsic@^1.3.0
1479 silly packumentCache full:https://registry.npmjs.org/get-intrinsic cache-miss
1480 silly fetch manifest is-string@^1.1.1
1481 silly packumentCache full:https://registry.npmjs.org/is-string cache-miss
1482 silly fetch manifest math-intrinsics@^1.1.0
1483 silly packumentCache full:https://registry.npmjs.org/math-intrinsics cache-miss
1484 silly fetch manifest call-bind@^1.0.8
1485 silly packumentCache full:https://registry.npmjs.org/call-bind cache-miss
1486 silly fetch manifest call-bound@^1.0.4
1487 silly packumentCache full:https://registry.npmjs.org/call-bound cache-miss
1488 silly fetch manifest define-properties@^1.2.1
1489 silly packumentCache full:https://registry.npmjs.org/define-properties cache-miss
1490 silly fetch manifest es-abstract@^1.23.9
1491 silly packumentCache full:https://registry.npmjs.org/es-abstract cache-miss
1492 silly fetch manifest es-errors@^1.3.0
1493 silly packumentCache full:https://registry.npmjs.org/es-errors cache-miss
1494 silly fetch manifest es-object-atoms@^1.1.1
1495 silly packumentCache full:https://registry.npmjs.org/es-object-atoms cache-miss
1496 silly fetch manifest es-shim-unscopables@^1.1.0
1497 silly packumentCache full:https://registry.npmjs.org/es-shim-unscopables cache-miss
1498 silly fetch manifest call-bind@^1.0.8
1499 silly packumentCache full:https://registry.npmjs.org/call-bind cache-miss
1500 silly fetch manifest define-properties@^1.2.1
1501 silly packumentCache full:https://registry.npmjs.org/define-properties cache-miss
1502 silly fetch manifest es-abstract@^1.23.5
1503 silly packumentCache full:https://registry.npmjs.org/es-abstract cache-miss
1504 silly fetch manifest es-shim-unscopables@^1.0.2
1505 silly packumentCache full:https://registry.npmjs.org/es-shim-unscopables cache-miss
1506 http fetch GET 200 https://registry.npmjs.org/define-properties 65ms (cache miss)
1507 silly packumentCache full:https://registry.npmjs.org/define-properties set size:undefined disposed:false
1508 silly fetch manifest call-bind@^1.0.8
1509 silly packumentCache full:https://registry.npmjs.org/call-bind cache-miss
1510 http fetch GET 200 https://registry.npmjs.org/call-bound 69ms (cache miss)
1511 silly packumentCache full:https://registry.npmjs.org/call-bound set size:undefined disposed:false
1512 silly fetch manifest es-abstract@^1.23.5
1513 silly packumentCache full:https://registry.npmjs.org/es-abstract cache-miss
1514 http fetch GET 200 https://registry.npmjs.org/define-properties 70ms (cache miss)
1515 silly packumentCache full:https://registry.npmjs.org/define-properties set size:undefined disposed:false
1516 silly fetch manifest es-shim-unscopables@^1.0.2
1517 silly packumentCache full:https://registry.npmjs.org/es-shim-unscopables cache-miss
1518 http fetch GET 200 https://registry.npmjs.org/es-shim-unscopables 71ms (cache miss)
1519 silly packumentCache full:https://registry.npmjs.org/es-shim-unscopables set size:undefined disposed:false
1520 silly fetch manifest resolve@^2.0.0-next.6
1521 silly packumentCache full:https://registry.npmjs.org/resolve cache-hit
1522 silly fetch manifest function-bind@^1.1.2
1523 silly packumentCache full:https://registry.npmjs.org/function-bind cache-miss
1524 http fetch GET 200 https://registry.npmjs.org/es-object-atoms 73ms (cache miss)
1525 silly packumentCache full:https://registry.npmjs.org/es-object-atoms set size:undefined disposed:false
1526 silly fetch manifest call-bind@^1.0.7
1527 silly packumentCache full:https://registry.npmjs.org/call-bind cache-miss
1528 http fetch GET 200 https://registry.npmjs.org/call-bind 75ms (cache miss)
1529 silly packumentCache full:https://registry.npmjs.org/call-bind set size:undefined disposed:false
1530 silly fetch manifest es-abstract@^1.23.2
1531 silly packumentCache full:https://registry.npmjs.org/es-abstract cache-miss
1532 http fetch GET 200 https://registry.npmjs.org/get-intrinsic 77ms (cache miss)
1533 silly packumentCache full:https://registry.npmjs.org/get-intrinsic set size:undefined disposed:false
1534 silly fetch manifest es-object-atoms@^1.0.0
1535 silly packumentCache full:https://registry.npmjs.org/es-object-atoms cache-miss
1536 http fetch GET 200 https://registry.npmjs.org/es-object-atoms 78ms (cache miss)
1537 silly packumentCache full:https://registry.npmjs.org/es-object-atoms set size:undefined disposed:false
1538 silly fetch manifest call-bind@^1.0.7
1539 silly packumentCache full:https://registry.npmjs.org/call-bind cache-miss
1540 http fetch GET 200 https://registry.npmjs.org/is-string 80ms (cache miss)
1541 silly packumentCache full:https://registry.npmjs.org/is-string set size:undefined disposed:false
1542 silly fetch manifest es-abstract@^1.23.2
1543 silly packumentCache full:https://registry.npmjs.org/es-abstract cache-miss
1544 http fetch GET 200 https://registry.npmjs.org/call-bound 81ms (cache miss)
1545 silly packumentCache full:https://registry.npmjs.org/call-bound set size:undefined disposed:false
1546 silly fetch manifest call-bound@^1.0.3
1547 silly packumentCache full:https://registry.npmjs.org/call-bound cache-miss
1548 http fetch GET 200 https://registry.npmjs.org/call-bind 84ms (cache miss)
1549 silly packumentCache full:https://registry.npmjs.org/call-bind set size:undefined disposed:false
1550 silly fetch manifest es-object-atoms@^1.0.0
1551 silly packumentCache full:https://registry.npmjs.org/es-object-atoms cache-miss
1552 http fetch GET 200 https://registry.npmjs.org/es-errors 87ms (cache miss)
1553 silly packumentCache full:https://registry.npmjs.org/es-errors set size:undefined disposed:false
1554 silly fetch manifest call-bind@^1.0.9
1555 silly packumentCache full:https://registry.npmjs.org/call-bind cache-miss
1556 http fetch GET 200 https://registry.npmjs.org/math-intrinsics 90ms (cache miss)
1557 silly packumentCache full:https://registry.npmjs.org/math-intrinsics set size:undefined disposed:false
1558 silly fetch manifest es-object-atoms@^1.1.2
1559 silly packumentCache full:https://registry.npmjs.org/es-object-atoms cache-miss
1560 http fetch GET 200 https://registry.npmjs.org/es-abstract 96ms (cache miss)
1561 silly packumentCache full:https://registry.npmjs.org/es-abstract set size:undefined disposed:false
1562 silly fetch manifest json5@^1.0.2
1563 silly packumentCache full:https://registry.npmjs.org/json5 cache-miss
1564 http fetch GET 200 https://registry.npmjs.org/es-abstract 97ms (cache miss)
1565 silly packumentCache full:https://registry.npmjs.org/es-abstract set size:undefined disposed:false
1566 silly fetch manifest minimist@^1.2.6
1567 silly packumentCache full:https://registry.npmjs.org/minimist cache-miss
1568 http fetch GET 200 https://registry.npmjs.org/define-properties 109ms (cache miss)
1569 silly packumentCache full:https://registry.npmjs.org/define-properties set size:undefined disposed:false
1570 silly fetch manifest strip-bom@^3.0.0
1571 silly packumentCache full:https://registry.npmjs.org/strip-bom cache-miss
1572 http fetch GET 200 https://registry.npmjs.org/call-bind 110ms (cache miss)
1573 silly packumentCache full:https://registry.npmjs.org/call-bind set size:undefined disposed:false
1574 silly fetch manifest @types/json5@^0.0.29
1575 silly packumentCache full:https://registry.npmjs.org/@types%2fjson5 cache-miss
1576 http fetch GET 200 https://registry.npmjs.org/es-shim-unscopables 116ms (cache miss)
1577 silly packumentCache full:https://registry.npmjs.org/es-shim-unscopables set size:undefined disposed:false
1578 http fetch GET 200 https://registry.npmjs.org/es-shim-unscopables 65ms (cache revalidated)
1579 silly packumentCache full:https://registry.npmjs.org/es-shim-unscopables set size:13965 disposed:false
1580 http fetch GET 200 https://registry.npmjs.org/call-bind 72ms (cache miss)
1581 silly packumentCache full:https://registry.npmjs.org/call-bind set size:undefined disposed:false
1582 http fetch GET 200 https://registry.npmjs.org/function-bind 66ms (cache miss)
1583 silly packumentCache full:https://registry.npmjs.org/function-bind set size:undefined disposed:false
1584 http fetch GET 200 https://registry.npmjs.org/es-abstract 72ms (cache miss)
1585 silly packumentCache full:https://registry.npmjs.org/es-abstract set size:undefined disposed:false
1586 http fetch GET 200 https://registry.npmjs.org/es-abstract 142ms (cache miss)
1587 silly packumentCache full:https://registry.npmjs.org/es-abstract set size:undefined disposed:false
1588 http fetch GET 200 https://registry.npmjs.org/es-object-atoms 65ms (cache revalidated)
1589 silly packumentCache full:https://registry.npmjs.org/es-object-atoms set size:18278 disposed:false
1590 http fetch GET 200 https://registry.npmjs.org/es-object-atoms 71ms (cache revalidated)
1591 silly packumentCache full:https://registry.npmjs.org/es-object-atoms set size:18278 disposed:false
1592 silly packumentCache full:https://registry.npmjs.org/es-object-atoms dispose
1593 http fetch GET 200 https://registry.npmjs.org/call-bound 68ms (cache revalidated)
1594 silly packumentCache full:https://registry.npmjs.org/call-bound set size:15317 disposed:false
1595 http fetch GET 200 https://registry.npmjs.org/call-bind 76ms (cache revalidated)
1596 silly packumentCache full:https://registry.npmjs.org/call-bind set size:32985 disposed:false
1597 http fetch GET 200 https://registry.npmjs.org/call-bind 73ms (cache revalidated)
1598 silly packumentCache full:https://registry.npmjs.org/call-bind set size:32985 disposed:false
1599 silly packumentCache full:https://registry.npmjs.org/call-bind dispose
1600 http fetch GET 200 https://registry.npmjs.org/es-object-atoms 62ms (cache revalidated)
1601 silly packumentCache full:https://registry.npmjs.org/es-object-atoms set size:18278 disposed:true
1602 silly packumentCache full:https://registry.npmjs.org/es-object-atoms dispose
1603 http fetch GET 200 https://registry.npmjs.org/es-abstract 78ms (cache miss)
1604 silly packumentCache full:https://registry.npmjs.org/es-abstract set size:undefined disposed:false
1605 http fetch GET 200 https://registry.npmjs.org/call-bind 69ms (cache revalidated)
1606 silly packumentCache full:https://registry.npmjs.org/call-bind set size:32985 disposed:true
1607 silly packumentCache full:https://registry.npmjs.org/call-bind dispose
1608 http fetch GET 200 https://registry.npmjs.org/es-abstract 78ms (cache miss)
1609 silly packumentCache full:https://registry.npmjs.org/es-abstract set size:undefined disposed:false
1610 http fetch GET 200 https://registry.npmjs.org/minimist 69ms (cache revalidated)
1611 silly packumentCache full:https://registry.npmjs.org/minimist set size:77063 disposed:false
1612 http fetch GET 200 https://registry.npmjs.org/json5 73ms (cache miss)
1613 silly packumentCache full:https://registry.npmjs.org/json5 set size:undefined disposed:false
1614 http fetch GET 200 https://registry.npmjs.org/@types%2fjson5 66ms (cache miss)
1615 silly packumentCache full:https://registry.npmjs.org/@types%2fjson5 set size:undefined disposed:false
1616 http fetch GET 200 https://registry.npmjs.org/strip-bom 72ms (cache miss)
1617 silly packumentCache full:https://registry.npmjs.org/strip-bom set size:undefined disposed:false
1618 silly placeDep ROOT call-bind@1.0.9 OK for: array-includes@3.1.9 want: ^1.0.8
1619 silly placeDep ROOT call-bound@1.0.4 OK for: array-includes@3.1.9 want: ^1.0.4
1620 silly placeDep ROOT define-properties@1.2.1 OK for: array-includes@3.1.9 want: ^1.2.1
1621 silly placeDep ROOT es-abstract@1.24.2 OK for: array-includes@3.1.9 want: ^1.24.0
1622 silly placeDep ROOT es-object-atoms@1.1.2 OK for: array-includes@3.1.9 want: ^1.1.1
1623 silly placeDep ROOT get-intrinsic@1.3.0 OK for: array-includes@3.1.9 want: ^1.3.0
1624 silly placeDep ROOT is-string@1.1.1 OK for: array-includes@3.1.9 want: ^1.1.1
1625 silly placeDep ROOT math-intrinsics@1.1.0 OK for: array-includes@3.1.9 want: ^1.1.0
1626 silly fetch manifest call-bind-apply-helpers@^1.0.2
1627 silly packumentCache full:https://registry.npmjs.org/call-bind-apply-helpers cache-miss
1628 silly fetch manifest es-define-property@^1.0.1
1629 silly packumentCache full:https://registry.npmjs.org/es-define-property cache-miss
1630 silly fetch manifest set-function-length@^1.2.2
1631 silly packumentCache full:https://registry.npmjs.org/set-function-length cache-miss
1632 silly fetch manifest call-bind-apply-helpers@^1.0.2
1633 silly packumentCache full:https://registry.npmjs.org/call-bind-apply-helpers cache-miss
1634 silly fetch manifest define-data-property@^1.0.1
1635 silly packumentCache full:https://registry.npmjs.org/define-data-property cache-miss
1636 silly fetch manifest has-property-descriptors@^1.0.0
1637 silly packumentCache full:https://registry.npmjs.org/has-property-descriptors cache-miss
1638 silly fetch manifest object-keys@^1.1.1
1639 silly packumentCache full:https://registry.npmjs.org/object-keys cache-miss
1640 silly fetch manifest array-buffer-byte-length@^1.0.2
1641 silly packumentCache full:https://registry.npmjs.org/array-buffer-byte-length cache-miss
1642 silly fetch manifest arraybuffer.prototype.slice@^1.0.4
1643 silly packumentCache full:https://registry.npmjs.org/arraybuffer.prototype.slice cache-miss
1644 silly fetch manifest available-typed-arrays@^1.0.7
1645 silly packumentCache full:https://registry.npmjs.org/available-typed-arrays cache-miss
1646 silly fetch manifest data-view-buffer@^1.0.2
1647 silly packumentCache full:https://registry.npmjs.org/data-view-buffer cache-miss
1648 silly fetch manifest data-view-byte-length@^1.0.2
1649 silly packumentCache full:https://registry.npmjs.org/data-view-byte-length cache-miss
1650 silly fetch manifest data-view-byte-offset@^1.0.1
1651 silly packumentCache full:https://registry.npmjs.org/data-view-byte-offset cache-miss
1652 silly fetch manifest es-define-property@^1.0.1
1653 silly packumentCache full:https://registry.npmjs.org/es-define-property cache-miss
1654 silly fetch manifest es-set-tostringtag@^2.1.0
1655 silly packumentCache full:https://registry.npmjs.org/es-set-tostringtag cache-miss
1656 silly fetch manifest es-to-primitive@^1.3.0
1657 silly packumentCache full:https://registry.npmjs.org/es-to-primitive cache-miss
1658 silly fetch manifest function.prototype.name@^1.1.8
1659 silly packumentCache full:https://registry.npmjs.org/function.prototype.name cache-miss
1660 silly fetch manifest get-proto@^1.0.1
1661 silly packumentCache full:https://registry.npmjs.org/get-proto cache-miss
1662 silly fetch manifest get-symbol-description@^1.1.0
1663 silly packumentCache full:https://registry.npmjs.org/get-symbol-description cache-miss
1664 http fetch GET 200 https://registry.npmjs.org/data-view-byte-offset 44ms (cache miss)
1665 silly packumentCache full:https://registry.npmjs.org/data-view-byte-offset set size:undefined disposed:false
1666 silly fetch manifest globalthis@^1.0.4
1667 silly packumentCache full:https://registry.npmjs.org/globalthis cache-miss
1668 http fetch GET 200 https://registry.npmjs.org/has-property-descriptors 49ms (cache miss)
1669 silly packumentCache full:https://registry.npmjs.org/has-property-descriptors set size:undefined disposed:false
1670 silly fetch manifest gopd@^1.2.0
1671 silly packumentCache full:https://registry.npmjs.org/gopd cache-miss
1672 http fetch GET 200 https://registry.npmjs.org/data-view-byte-length 54ms (cache miss)
1673 silly packumentCache full:https://registry.npmjs.org/data-view-byte-length set size:undefined disposed:false
1674 silly fetch manifest has-property-descriptors@^1.0.2
1675 silly packumentCache full:https://registry.npmjs.org/has-property-descriptors cache-miss
1676 http fetch GET 200 https://registry.npmjs.org/set-function-length 62ms (cache miss)
1677 silly packumentCache full:https://registry.npmjs.org/set-function-length set size:undefined disposed:false
1678 silly fetch manifest has-proto@^1.2.0
1679 silly packumentCache full:https://registry.npmjs.org/has-proto cache-miss
1680 http fetch GET 200 https://registry.npmjs.org/available-typed-arrays 62ms (cache miss)
1681 silly packumentCache full:https://registry.npmjs.org/available-typed-arrays set size:undefined disposed:false
1682 silly fetch manifest has-symbols@^1.1.0
1683 silly packumentCache full:https://registry.npmjs.org/has-symbols cache-miss
1684 http fetch GET 200 https://registry.npmjs.org/es-set-tostringtag 69ms (cache miss)
1685 silly packumentCache full:https://registry.npmjs.org/es-set-tostringtag set size:undefined disposed:false
1686 silly fetch manifest internal-slot@^1.1.0
1687 silly packumentCache full:https://registry.npmjs.org/internal-slot cache-miss
1688 http fetch GET 200 https://registry.npmjs.org/call-bind-apply-helpers 73ms (cache miss)
1689 silly packumentCache full:https://registry.npmjs.org/call-bind-apply-helpers set size:undefined disposed:false
1690 silly fetch manifest is-array-buffer@^3.0.5
1691 silly packumentCache full:https://registry.npmjs.org/is-array-buffer cache-miss
1692 http fetch GET 200 https://registry.npmjs.org/data-view-buffer 74ms (cache miss)
1693 silly packumentCache full:https://registry.npmjs.org/data-view-buffer set size:undefined disposed:false
1694 silly fetch manifest is-callable@^1.2.7
1695 silly packumentCache full:https://registry.npmjs.org/is-callable cache-miss
1696 http fetch GET 200 https://registry.npmjs.org/arraybuffer.prototype.slice 75ms (cache miss)
1697 silly packumentCache full:https://registry.npmjs.org/arraybuffer.prototype.slice set size:undefined disposed:false
1698 silly fetch manifest is-data-view@^1.0.2
1699 silly packumentCache full:https://registry.npmjs.org/is-data-view cache-miss
1700 http fetch GET 200 https://registry.npmjs.org/object-keys 76ms (cache miss)
1701 silly packumentCache full:https://registry.npmjs.org/object-keys set size:undefined disposed:false
1702 silly fetch manifest is-negative-zero@^2.0.3
1703 silly packumentCache full:https://registry.npmjs.org/is-negative-zero cache-miss
1704 http fetch GET 200 https://registry.npmjs.org/define-data-property 82ms (cache miss)
1705 silly packumentCache full:https://registry.npmjs.org/define-data-property set size:undefined disposed:false
1706 silly fetch manifest is-regex@^1.2.1
1707 silly packumentCache full:https://registry.npmjs.org/is-regex cache-miss
1708 http fetch GET 200 https://registry.npmjs.org/array-buffer-byte-length 82ms (cache miss)
1709 silly packumentCache full:https://registry.npmjs.org/array-buffer-byte-length set size:undefined disposed:false
1710 silly fetch manifest is-set@^2.0.3
1711 silly packumentCache full:https://registry.npmjs.org/is-set cache-miss
1712 http fetch GET 200 https://registry.npmjs.org/call-bind-apply-helpers 84ms (cache miss)
1713 silly packumentCache full:https://registry.npmjs.org/call-bind-apply-helpers set size:undefined disposed:false
1714 silly fetch manifest is-shared-array-buffer@^1.0.4
1715 silly packumentCache full:https://registry.npmjs.org/is-shared-array-buffer cache-miss
1716 http fetch GET 200 https://registry.npmjs.org/es-define-property 85ms (cache miss)
1717 silly packumentCache full:https://registry.npmjs.org/es-define-property set size:undefined disposed:false
1718 silly fetch manifest is-typed-array@^1.1.15
1719 silly packumentCache full:https://registry.npmjs.org/is-typed-array cache-miss
1720 http fetch GET 200 https://registry.npmjs.org/es-define-property 86ms (cache miss)
1721 silly packumentCache full:https://registry.npmjs.org/es-define-property set size:undefined disposed:false
1722 silly fetch manifest is-weakref@^1.1.1
1723 silly packumentCache full:https://registry.npmjs.org/is-weakref cache-miss
1724 http fetch GET 200 https://registry.npmjs.org/es-to-primitive 88ms (cache miss)
1725 silly packumentCache full:https://registry.npmjs.org/es-to-primitive set size:undefined disposed:false
1726 silly fetch manifest object-inspect@^1.13.4
1727 silly packumentCache full:https://registry.npmjs.org/object-inspect cache-miss
1728 http fetch GET 200 https://registry.npmjs.org/function.prototype.name 98ms (cache miss)
1729 silly packumentCache full:https://registry.npmjs.org/function.prototype.name set size:undefined disposed:false
1730 silly fetch manifest object.assign@^4.1.7
1731 silly packumentCache full:https://registry.npmjs.org/object.assign cache-miss
1732 http fetch GET 200 https://registry.npmjs.org/globalthis 58ms (cache miss)
1733 silly packumentCache full:https://registry.npmjs.org/globalthis set size:undefined disposed:false
1734 silly fetch manifest own-keys@^1.0.1
1735 silly packumentCache full:https://registry.npmjs.org/own-keys cache-miss
1736 http fetch GET 200 https://registry.npmjs.org/get-symbol-description 104ms (cache miss)
1737 silly packumentCache full:https://registry.npmjs.org/get-symbol-description set size:undefined disposed:false
1738 silly fetch manifest regexp.prototype.flags@^1.5.4
1739 silly packumentCache full:https://registry.npmjs.org/regexp.prototype.flags cache-miss
1740 http fetch GET 200 https://registry.npmjs.org/gopd 58ms (cache miss)
1741 silly packumentCache full:https://registry.npmjs.org/gopd set size:undefined disposed:false
1742 silly fetch manifest safe-array-concat@^1.1.3
1743 silly packumentCache full:https://registry.npmjs.org/safe-array-concat cache-miss
1744 http fetch GET 200 https://registry.npmjs.org/get-proto 109ms (cache miss)
1745 silly packumentCache full:https://registry.npmjs.org/get-proto set size:undefined disposed:false
1746 silly fetch manifest safe-push-apply@^1.0.0
1747 silly packumentCache full:https://registry.npmjs.org/safe-push-apply cache-miss
1748 http fetch GET 200 https://registry.npmjs.org/has-property-descriptors 67ms (cache revalidated)
1749 silly packumentCache full:https://registry.npmjs.org/has-property-descriptors set size:12452 disposed:false
1750 silly fetch manifest safe-regex-test@^1.1.0
1751 silly packumentCache full:https://registry.npmjs.org/safe-regex-test cache-miss
1752 http fetch GET 200 https://registry.npmjs.org/has-symbols 62ms (cache miss)
1753 silly packumentCache full:https://registry.npmjs.org/has-symbols set size:undefined disposed:false
1754 silly fetch manifest set-proto@^1.0.0
1755 silly packumentCache full:https://registry.npmjs.org/set-proto cache-miss
1756 http fetch GET 200 https://registry.npmjs.org/internal-slot 55ms (cache miss)
1757 silly packumentCache full:https://registry.npmjs.org/internal-slot set size:undefined disposed:false
1758 silly fetch manifest stop-iteration-iterator@^1.1.0
1759 silly packumentCache full:https://registry.npmjs.org/stop-iteration-iterator cache-miss
1760 http fetch GET 200 https://registry.npmjs.org/is-negative-zero 49ms (cache miss)
1761 silly packumentCache full:https://registry.npmjs.org/is-negative-zero set size:undefined disposed:false
1762 silly fetch manifest string.prototype.trim@^1.2.10
1763 silly packumentCache full:https://registry.npmjs.org/string.prototype.trim cache-miss
1764 http fetch GET 200 https://registry.npmjs.org/has-proto 70ms (cache miss)
1765 silly packumentCache full:https://registry.npmjs.org/has-proto set size:undefined disposed:false
1766 silly fetch manifest string.prototype.trimstart@^1.0.8
1767 silly packumentCache full:https://registry.npmjs.org/string.prototype.trimstart cache-miss
1768 http fetch GET 200 https://registry.npmjs.org/is-array-buffer 60ms (cache miss)
1769 silly packumentCache full:https://registry.npmjs.org/is-array-buffer set size:undefined disposed:false
1770 silly fetch manifest typed-array-buffer@^1.0.3
1771 silly packumentCache full:https://registry.npmjs.org/typed-array-buffer cache-miss
1772 http fetch GET 200 https://registry.npmjs.org/is-data-view 61ms (cache miss)
1773 silly packumentCache full:https://registry.npmjs.org/is-data-view set size:undefined disposed:false
1774 silly fetch manifest typed-array-byte-length@^1.0.3
1775 silly packumentCache full:https://registry.npmjs.org/typed-array-byte-length cache-miss
1776 http fetch GET 200 https://registry.npmjs.org/is-set 57ms (cache miss)
1777 silly packumentCache full:https://registry.npmjs.org/is-set set size:undefined disposed:false
1778 silly fetch manifest typed-array-byte-offset@^1.0.4
1779 silly packumentCache full:https://registry.npmjs.org/typed-array-byte-offset cache-miss
1780 http fetch GET 200 https://registry.npmjs.org/is-callable 67ms (cache miss)
1781 silly packumentCache full:https://registry.npmjs.org/is-callable set size:undefined disposed:false
1782 silly fetch manifest typed-array-length@^1.0.7
1783 silly packumentCache full:https://registry.npmjs.org/typed-array-length cache-miss
1784 http fetch GET 200 https://registry.npmjs.org/is-regex 62ms (cache miss)
1785 silly packumentCache full:https://registry.npmjs.org/is-regex set size:undefined disposed:false
1786 silly fetch manifest unbox-primitive@^1.1.0
1787 silly packumentCache full:https://registry.npmjs.org/unbox-primitive cache-miss
1788 http fetch GET 200 https://registry.npmjs.org/is-shared-array-buffer 65ms (cache miss)
1789 silly packumentCache full:https://registry.npmjs.org/is-shared-array-buffer set size:undefined disposed:false
1790 silly fetch manifest which-typed-array@^1.1.19
1791 silly packumentCache full:https://registry.npmjs.org/which-typed-array cache-miss
1792 http fetch GET 200 https://registry.npmjs.org/is-typed-array 77ms (cache miss)
1793 silly packumentCache full:https://registry.npmjs.org/is-typed-array set size:undefined disposed:false
1794 silly fetch manifest has-tostringtag@^1.0.2
1795 silly packumentCache full:https://registry.npmjs.org/has-tostringtag cache-miss
1796 http fetch GET 200 https://registry.npmjs.org/is-weakref 79ms (cache miss)
1797 silly packumentCache full:https://registry.npmjs.org/is-weakref set size:undefined disposed:false
1798 http fetch GET 200 https://registry.npmjs.org/object-inspect 78ms (cache miss)
1799 silly packumentCache full:https://registry.npmjs.org/object-inspect set size:undefined disposed:false
1800 http fetch GET 200 https://registry.npmjs.org/regexp.prototype.flags 64ms (cache miss)
1801 silly packumentCache full:https://registry.npmjs.org/regexp.prototype.flags set size:undefined disposed:false
1802 http fetch GET 200 https://registry.npmjs.org/own-keys 72ms (cache miss)
1803 silly packumentCache full:https://registry.npmjs.org/own-keys set size:undefined disposed:false
1804 http fetch GET 200 https://registry.npmjs.org/stop-iteration-iterator 50ms (cache miss)
1805 silly packumentCache full:https://registry.npmjs.org/stop-iteration-iterator set size:undefined disposed:false
1806 http fetch GET 200 https://registry.npmjs.org/safe-push-apply 67ms (cache miss)
1807 silly packumentCache full:https://registry.npmjs.org/safe-push-apply set size:undefined disposed:false
1808 http fetch GET 200 https://registry.npmjs.org/safe-array-concat 69ms (cache miss)
1809 silly packumentCache full:https://registry.npmjs.org/safe-array-concat set size:undefined disposed:false
1810 http fetch GET 200 https://registry.npmjs.org/safe-regex-test 57ms (cache miss)
1811 silly packumentCache full:https://registry.npmjs.org/safe-regex-test set size:undefined disposed:false
1812 http fetch GET 200 https://registry.npmjs.org/set-proto 54ms (cache miss)
1813 silly packumentCache full:https://registry.npmjs.org/set-proto set size:undefined disposed:false
1814 http fetch GET 200 https://registry.npmjs.org/object.assign 80ms (cache miss)
1815 silly packumentCache full:https://registry.npmjs.org/object.assign set size:undefined disposed:false
1816 http fetch GET 200 https://registry.npmjs.org/typed-array-buffer 66ms (cache miss)
1817 silly packumentCache full:https://registry.npmjs.org/typed-array-buffer set size:undefined disposed:false
1818 http fetch GET 200 https://registry.npmjs.org/string.prototype.trim 72ms (cache miss)
1819 silly packumentCache full:https://registry.npmjs.org/string.prototype.trim set size:undefined disposed:false
1820 http fetch GET 200 https://registry.npmjs.org/string.prototype.trimstart 70ms (cache miss)
1821 silly packumentCache full:https://registry.npmjs.org/string.prototype.trimstart set size:undefined disposed:false
1822 http fetch GET 200 https://registry.npmjs.org/typed-array-byte-length 68ms (cache miss)
1823 silly packumentCache full:https://registry.npmjs.org/typed-array-byte-length set size:undefined disposed:false
1824 http fetch GET 200 https://registry.npmjs.org/typed-array-byte-offset 66ms (cache miss)
1825 silly packumentCache full:https://registry.npmjs.org/typed-array-byte-offset set size:undefined disposed:false
1826 http fetch GET 200 https://registry.npmjs.org/unbox-primitive 73ms (cache miss)
1827 silly packumentCache full:https://registry.npmjs.org/unbox-primitive set size:undefined disposed:false
1828 http fetch GET 200 https://registry.npmjs.org/which-typed-array 70ms (cache miss)
1829 silly packumentCache full:https://registry.npmjs.org/which-typed-array set size:undefined disposed:false
1830 http fetch GET 200 https://registry.npmjs.org/typed-array-length 80ms (cache miss)
1831 silly packumentCache full:https://registry.npmjs.org/typed-array-length set size:undefined disposed:false
1832 http fetch GET 200 https://registry.npmjs.org/has-tostringtag 61ms (cache miss)
1833 silly packumentCache full:https://registry.npmjs.org/has-tostringtag set size:undefined disposed:false
1834 silly placeDep ROOT es-errors@1.3.0 OK for: array.prototype.findlastindex@1.2.6 want: ^1.3.0
1835 silly placeDep ROOT es-shim-unscopables@1.1.0 OK for: array.prototype.findlastindex@1.2.6 want: ^1.1.0
1836 silly placeDep ROOT call-bind-apply-helpers@1.0.2 OK for: call-bind@1.0.9 want: ^1.0.2
1837 silly placeDep ROOT es-define-property@1.0.1 OK for: call-bind@1.0.9 want: ^1.0.1
1838 silly placeDep ROOT set-function-length@1.2.2 OK for: call-bind@1.0.9 want: ^1.2.2
1839 silly fetch manifest define-data-property@^1.1.4
1840 silly packumentCache full:https://registry.npmjs.org/define-data-property cache-miss
1841 silly fetch manifest gopd@^1.0.1
1842 silly packumentCache full:https://registry.npmjs.org/gopd cache-miss
1843 http fetch GET 200 https://registry.npmjs.org/define-data-property 47ms (cache revalidated)
1844 silly packumentCache full:https://registry.npmjs.org/define-data-property set size:28048 disposed:false
1845 http fetch GET 200 https://registry.npmjs.org/gopd 49ms (cache revalidated)
1846 silly packumentCache full:https://registry.npmjs.org/gopd set size:11483 disposed:false
1847 silly placeDep ROOT function-bind@1.1.2 OK for: call-bind-apply-helpers@1.0.2 want: ^1.1.2
1848 silly placeDep ROOT define-data-property@1.1.4 OK for: define-properties@1.2.1 want: ^1.0.1
1849 silly placeDep ROOT has-property-descriptors@1.0.2 OK for: define-properties@1.2.1 want: ^1.0.0
1850 silly placeDep ROOT object-keys@1.1.1 OK for: define-properties@1.2.1 want: ^1.1.1
1851 silly placeDep ROOT gopd@1.2.0 OK for: define-data-property@1.1.4 want: ^1.0.1
1852 silly placeDep ROOT array-buffer-byte-length@1.0.2 OK for: es-abstract@1.24.2 want: ^1.0.2
1853 silly placeDep ROOT arraybuffer.prototype.slice@1.0.4 OK for: es-abstract@1.24.2 want: ^1.0.4
1854 silly placeDep ROOT available-typed-arrays@1.0.7 OK for: es-abstract@1.24.2 want: ^1.0.7
1855 silly placeDep ROOT data-view-buffer@1.0.2 OK for: es-abstract@1.24.2 want: ^1.0.2
1856 silly placeDep ROOT data-view-byte-length@1.0.2 OK for: es-abstract@1.24.2 want: ^1.0.2
1857 silly placeDep ROOT data-view-byte-offset@1.0.1 OK for: es-abstract@1.24.2 want: ^1.0.1
1858 silly placeDep ROOT es-set-tostringtag@2.1.0 OK for: es-abstract@1.24.2 want: ^2.1.0
1859 silly placeDep ROOT es-to-primitive@1.3.4 OK for: es-abstract@1.24.2 want: ^1.3.0
1860 silly placeDep ROOT function.prototype.name@1.2.0 OK for: es-abstract@1.24.2 want: ^1.1.8
1861 silly placeDep ROOT get-proto@1.0.1 OK for: es-abstract@1.24.2 want: ^1.0.1
1862 silly placeDep ROOT get-symbol-description@1.1.0 OK for: es-abstract@1.24.2 want: ^1.1.0
1863 silly placeDep ROOT globalthis@1.0.4 OK for: es-abstract@1.24.2 want: ^1.0.4
1864 silly placeDep ROOT has-proto@1.2.0 OK for: es-abstract@1.24.2 want: ^1.2.0
1865 silly placeDep ROOT has-symbols@1.1.0 OK for: es-abstract@1.24.2 want: ^1.1.0
1866 silly placeDep ROOT internal-slot@1.1.0 OK for: es-abstract@1.24.2 want: ^1.1.0
1867 silly placeDep ROOT is-array-buffer@3.0.5 OK for: es-abstract@1.24.2 want: ^3.0.5
1868 silly placeDep ROOT is-callable@1.2.7 OK for: es-abstract@1.24.2 want: ^1.2.7
1869 silly placeDep ROOT is-data-view@1.0.2 OK for: es-abstract@1.24.2 want: ^1.0.2
1870 silly placeDep ROOT is-negative-zero@2.0.3 OK for: es-abstract@1.24.2 want: ^2.0.3
1871 silly placeDep ROOT is-regex@1.2.1 OK for: es-abstract@1.24.2 want: ^1.2.1
1872 silly placeDep ROOT is-set@2.0.3 OK for: es-abstract@1.24.2 want: ^2.0.3
1873 silly placeDep ROOT is-shared-array-buffer@1.0.4 OK for: es-abstract@1.24.2 want: ^1.0.4
1874 silly placeDep ROOT is-typed-array@1.1.15 OK for: es-abstract@1.24.2 want: ^1.1.15
1875 silly placeDep ROOT is-weakref@1.1.1 OK for: es-abstract@1.24.2 want: ^1.1.1
1876 silly placeDep ROOT object-inspect@1.13.4 OK for: es-abstract@1.24.2 want: ^1.13.4
1877 silly placeDep ROOT object.assign@4.1.7 OK for: es-abstract@1.24.2 want: ^4.1.7
1878 silly placeDep ROOT own-keys@1.0.2 OK for: es-abstract@1.24.2 want: ^1.0.1
1879 silly placeDep ROOT regexp.prototype.flags@1.5.4 OK for: es-abstract@1.24.2 want: ^1.5.4
1880 silly placeDep ROOT safe-array-concat@1.1.4 OK for: es-abstract@1.24.2 want: ^1.1.3
1881 silly placeDep ROOT safe-push-apply@1.0.0 OK for: es-abstract@1.24.2 want: ^1.0.0
1882 silly placeDep ROOT safe-regex-test@1.1.0 OK for: es-abstract@1.24.2 want: ^1.1.0
1883 silly placeDep ROOT set-proto@1.0.0 OK for: es-abstract@1.24.2 want: ^1.0.0
1884 silly placeDep ROOT stop-iteration-iterator@1.1.0 OK for: es-abstract@1.24.2 want: ^1.1.0
1885 silly placeDep ROOT string.prototype.trim@1.2.11 OK for: es-abstract@1.24.2 want: ^1.2.10
1886 silly placeDep ROOT string.prototype.trimstart@1.0.8 OK for: es-abstract@1.24.2 want: ^1.0.8
1887 silly placeDep ROOT typed-array-buffer@1.0.3 OK for: es-abstract@1.24.2 want: ^1.0.3
1888 silly placeDep ROOT typed-array-byte-length@1.0.3 OK for: es-abstract@1.24.2 want: ^1.0.3
1889 silly placeDep ROOT typed-array-byte-offset@1.0.4 OK for: es-abstract@1.24.2 want: ^1.0.4
1890 silly placeDep ROOT typed-array-length@1.0.8 OK for: es-abstract@1.24.2 want: ^1.0.7
1891 silly placeDep ROOT unbox-primitive@1.1.0 OK for: es-abstract@1.24.2 want: ^1.1.0
1892 silly placeDep ROOT which-typed-array@1.1.22 OK for: es-abstract@1.24.2 want: ^1.1.19
1893 silly fetch manifest is-array-buffer@^3.0.4
1894 silly packumentCache full:https://registry.npmjs.org/is-array-buffer cache-miss
1895 silly fetch manifest possible-typed-array-names@^1.0.0
1896 silly packumentCache full:https://registry.npmjs.org/possible-typed-array-names cache-miss
1897 silly fetch manifest is-data-view@^1.0.1
1898 silly packumentCache full:https://registry.npmjs.org/is-data-view cache-miss
1899 silly fetch manifest is-symbol@^1.1.1
1900 silly packumentCache full:https://registry.npmjs.org/is-symbol cache-miss
1901 silly fetch manifest is-date-object@^1.1.0
1902 silly packumentCache full:https://registry.npmjs.org/is-date-object cache-miss
1903 silly fetch manifest es-abstract-get@^1.0.0
1904 silly packumentCache full:https://registry.npmjs.org/es-abstract-get cache-miss
1905 silly fetch manifest is-document.all@^1.0.0
1906 silly packumentCache full:https://registry.npmjs.org/is-document.all cache-miss
1907 silly fetch manifest functions-have-names@^1.2.3
1908 silly packumentCache full:https://registry.npmjs.org/functions-have-names cache-miss
1909 silly fetch manifest dunder-proto@^1.0.1
1910 silly packumentCache full:https://registry.npmjs.org/dunder-proto cache-miss
1911 silly fetch manifest dunder-proto@^1.0.0
1912 silly packumentCache full:https://registry.npmjs.org/dunder-proto cache-miss
1913 silly fetch manifest side-channel@^1.1.0
1914 silly packumentCache full:https://registry.npmjs.org/side-channel cache-miss
1915 silly fetch manifest is-typed-array@^1.1.13
1916 silly packumentCache full:https://registry.npmjs.org/is-typed-array cache-miss
1917 silly fetch manifest which-typed-array@^1.1.16
1918 silly packumentCache full:https://registry.npmjs.org/which-typed-array cache-miss
1919 silly fetch manifest set-function-name@^2.0.2
1920 silly packumentCache full:https://registry.npmjs.org/set-function-name cache-miss
1921 silly fetch manifest isarray@^2.0.5
1922 silly packumentCache full:https://registry.npmjs.org/isarray cache-miss
1923 silly fetch manifest isarray@^2.0.5
1924 silly packumentCache full:https://registry.npmjs.org/isarray cache-miss
1925 silly fetch manifest dunder-proto@^1.0.1
1926 silly packumentCache full:https://registry.npmjs.org/dunder-proto cache-miss
1927 silly fetch manifest for-each@^0.3.3
1928 silly packumentCache full:https://registry.npmjs.org/for-each cache-miss
1929 silly fetch manifest for-each@^0.3.3
1930 silly packumentCache full:https://registry.npmjs.org/for-each cache-miss
1931 http fetch GET 200 https://registry.npmjs.org/possible-typed-array-names 54ms (cache miss)
1932 silly packumentCache full:https://registry.npmjs.org/possible-typed-array-names set size:undefined disposed:false
1933 silly fetch manifest reflect.getprototypeof@^1.0.9
1934 silly packumentCache full:https://registry.npmjs.org/reflect.getprototypeof cache-miss
1935 http fetch GET 200 https://registry.npmjs.org/for-each 56ms (cache miss)
1936 silly packumentCache full:https://registry.npmjs.org/for-each set size:undefined disposed:false
1937 silly fetch manifest for-each@^0.3.5
1938 silly packumentCache full:https://registry.npmjs.org/for-each cache-miss
1939 http fetch GET 200 https://registry.npmjs.org/es-abstract-get 60ms (cache miss)
1940 silly packumentCache full:https://registry.npmjs.org/es-abstract-get set size:undefined disposed:false
1941 silly fetch manifest possible-typed-array-names@^1.1.0
1942 silly packumentCache full:https://registry.npmjs.org/possible-typed-array-names cache-miss
1943 http fetch GET 200 https://registry.npmjs.org/side-channel 64ms (cache miss)
1944 silly packumentCache full:https://registry.npmjs.org/side-channel set size:undefined disposed:false
1945 silly fetch manifest reflect.getprototypeof@^1.0.10
1946 silly packumentCache full:https://registry.npmjs.org/reflect.getprototypeof cache-miss
1947 http fetch GET 200 https://registry.npmjs.org/is-date-object 68ms (cache miss)
1948 silly packumentCache full:https://registry.npmjs.org/is-date-object set size:undefined disposed:false
1949 silly fetch manifest has-bigints@^1.0.2
1950 silly packumentCache full:https://registry.npmjs.org/has-bigints cache-miss
1951 http fetch GET 200 https://registry.npmjs.org/for-each 70ms (cache miss)
1952 silly packumentCache full:https://registry.npmjs.org/for-each set size:undefined disposed:false
1953 silly fetch manifest which-boxed-primitive@^1.1.1
1954 silly packumentCache full:https://registry.npmjs.org/which-boxed-primitive cache-miss
1955 http fetch GET 200 https://registry.npmjs.org/dunder-proto 75ms (cache miss)
1956 silly packumentCache full:https://registry.npmjs.org/dunder-proto set size:undefined disposed:false
1957 silly fetch manifest for-each@^0.3.5
1958 silly packumentCache full:https://registry.npmjs.org/for-each cache-miss
1959 http fetch GET 200 https://registry.npmjs.org/is-document.all 76ms (cache miss)
1960 silly packumentCache full:https://registry.npmjs.org/is-document.all set size:undefined disposed:false
1961 http fetch GET 200 https://registry.npmjs.org/isarray 75ms (cache miss)
1962 silly packumentCache full:https://registry.npmjs.org/isarray set size:undefined disposed:false
1963 http fetch GET 200 https://registry.npmjs.org/set-function-name 77ms (cache miss)
1964 silly packumentCache full:https://registry.npmjs.org/set-function-name set size:undefined disposed:false
1965 http fetch GET 200 https://registry.npmjs.org/dunder-proto 77ms (cache miss)
1966 silly packumentCache full:https://registry.npmjs.org/dunder-proto set size:undefined disposed:false
1967 http fetch GET 200 https://registry.npmjs.org/dunder-proto 79ms (cache miss)
1968 silly packumentCache full:https://registry.npmjs.org/dunder-proto set size:undefined disposed:false
1969 http fetch GET 200 https://registry.npmjs.org/is-symbol 80ms (cache miss)
1970 silly packumentCache full:https://registry.npmjs.org/is-symbol set size:undefined disposed:false
1971 http fetch GET 200 https://registry.npmjs.org/isarray 80ms (cache miss)
1972 silly packumentCache full:https://registry.npmjs.org/isarray set size:undefined disposed:false
1973 http fetch GET 200 https://registry.npmjs.org/functions-have-names 83ms (cache miss)
1974 silly packumentCache full:https://registry.npmjs.org/functions-have-names set size:undefined disposed:false
1975 http fetch GET 200 https://registry.npmjs.org/is-array-buffer 95ms (cache revalidated)
1976 silly packumentCache full:https://registry.npmjs.org/is-array-buffer set size:33562 disposed:false
1977 http fetch GET 200 https://registry.npmjs.org/is-data-view 101ms (cache revalidated)
1978 silly packumentCache full:https://registry.npmjs.org/is-data-view set size:13756 disposed:false
1979 http fetch GET 200 https://registry.npmjs.org/which-typed-array 101ms (cache revalidated)
1980 silly packumentCache full:https://registry.npmjs.org/which-typed-array set size:101551 disposed:false
1981 http fetch GET 200 https://registry.npmjs.org/reflect.getprototypeof 50ms (cache miss)
1982 silly packumentCache full:https://registry.npmjs.org/reflect.getprototypeof set size:undefined disposed:false
1983 http fetch GET 200 https://registry.npmjs.org/for-each 59ms (cache revalidated)
1984 silly packumentCache full:https://registry.npmjs.org/for-each set size:14327 disposed:false
1985 http fetch GET 200 https://registry.npmjs.org/has-bigints 52ms (cache miss)
1986 silly packumentCache full:https://registry.npmjs.org/has-bigints set size:undefined disposed:false
1987 http fetch GET 200 https://registry.npmjs.org/reflect.getprototypeof 60ms (cache miss)
1988 silly packumentCache full:https://registry.npmjs.org/reflect.getprototypeof set size:undefined disposed:false
1989 http fetch GET 200 https://registry.npmjs.org/possible-typed-array-names 69ms (cache revalidated)
1990 silly packumentCache full:https://registry.npmjs.org/possible-typed-array-names set size:9167 disposed:false
1991 http fetch GET 200 https://registry.npmjs.org/which-boxed-primitive 58ms (cache miss)
1992 silly packumentCache full:https://registry.npmjs.org/which-boxed-primitive set size:undefined disposed:false
1993 http fetch GET 200 https://registry.npmjs.org/for-each 62ms (cache revalidated)
1994 silly packumentCache full:https://registry.npmjs.org/for-each set size:14327 disposed:false
1995 silly packumentCache full:https://registry.npmjs.org/for-each dispose
1996 http fetch GET 200 https://registry.npmjs.org/is-typed-array 248ms (cache revalidated)
1997 silly packumentCache full:https://registry.npmjs.org/is-typed-array set size:79965 disposed:false
1998 silly placeDep ROOT possible-typed-array-names@1.1.0 OK for: available-typed-arrays@1.0.7 want: ^1.0.0
1999 silly placeDep ROOT has-tostringtag@1.0.2 OK for: es-set-tostringtag@2.1.0 want: ^1.0.2
2000 silly placeDep ROOT es-abstract-get@1.0.0 OK for: es-to-primitive@1.3.4 want: ^1.0.0
2001 silly placeDep ROOT is-date-object@1.1.0 OK for: es-to-primitive@1.3.4 want: ^1.1.0
2002 silly placeDep ROOT is-symbol@1.1.1 OK for: es-to-primitive@1.3.4 want: ^1.1.1
2003 silly placeDep node_modules/eslint-import-resolver-node debug@3.2.7 OK for: eslint-import-resolver-node@0.3.10 want: ^3.2.7
2004 silly placeDep ROOT resolve@2.0.0-next.7 OK for: eslint-import-resolver-node@0.3.10 want: ^2.0.0-next.6
2005 silly fetch manifest node-exports-info@^1.6.0
2006 silly packumentCache full:https://registry.npmjs.org/node-exports-info cache-miss
2007 silly fetch manifest path-parse@^1.0.7
2008 silly packumentCache full:https://registry.npmjs.org/path-parse cache-miss
2009 silly fetch manifest supports-preserve-symlinks-flag@^1.0.0
2010 silly packumentCache full:https://registry.npmjs.org/supports-preserve-symlinks-flag cache-miss
2011 http fetch GET 200 https://registry.npmjs.org/supports-preserve-symlinks-flag 44ms (cache miss)
2012 silly packumentCache full:https://registry.npmjs.org/supports-preserve-symlinks-flag set size:undefined disposed:false
2013 http fetch GET 200 https://registry.npmjs.org/node-exports-info 62ms (cache miss)
2014 silly packumentCache full:https://registry.npmjs.org/node-exports-info set size:undefined disposed:false
2015 http fetch GET 200 https://registry.npmjs.org/path-parse 65ms (cache miss)
2016 silly packumentCache full:https://registry.npmjs.org/path-parse set size:undefined disposed:false
2017 silly placeDep node_modules/eslint-module-utils debug@3.2.7 OK for: eslint-module-utils@2.14.0 want: ^3.2.7
2018 silly placeDep ROOT eslint-plugin-es@3.0.1 OK for: eslint-plugin-node@11.1.0 want: ^3.0.0
2019 silly placeDep node_modules/eslint-plugin-node resolve@1.22.12 OK for: eslint-plugin-node@11.1.0 want: ^1.10.1
2020 silly placeDep node_modules/eslint-plugin-node semver@6.3.1 OK for: eslint-plugin-node@11.1.0 want: ^6.1.0
2021 silly placeDep node_modules/eslint-plugin-vue semver@6.3.1 OK for: eslint-plugin-vue@7.20.0 want: ^6.3.0
2022 silly placeDep ROOT vue-eslint-parser@7.11.0 OK for: eslint-plugin-vue@7.20.0 want: ^7.10.0
2023 silly fetch manifest espree@^6.2.1
2024 silly packumentCache full:https://registry.npmjs.org/espree cache-hit
2025 silly placeDep ROOT esrecurse@4.3.0 OK for: eslint-scope@5.1.1 want: ^4.3.0
2026 silly placeDep ROOT estraverse@4.3.0 OK for: eslint-scope@5.1.1 want: ^4.1.1
2027 silly fetch manifest estraverse@^5.2.0
2028 silly packumentCache full:https://registry.npmjs.org/estraverse cache-hit
2029 silly placeDep node_modules/eslint-utils eslint-visitor-keys@1.3.0 OK for: eslint-utils@2.1.0 want: ^1.1.0
2030 silly placeDep ROOT acorn@7.4.1 OK for: espree@7.3.1 want: ^7.4.0
2031 silly placeDep ROOT acorn-jsx@5.3.2 OK for: espree@7.3.1 want: ^5.3.1
2032 silly placeDep node_modules/espree eslint-visitor-keys@1.3.0 OK for: espree@7.3.1 want: ^1.3.0
2033 silly placeDep node_modules/esquery estraverse@5.3.0 OK for: esquery@1.7.0 want: ^5.1.0
2034 silly placeDep node_modules/esrecurse estraverse@5.3.0 OK for: esrecurse@4.3.0 want: ^5.2.0
2035 silly placeDep ROOT flat-cache@3.2.0 OK for: file-entry-cache@6.0.1 want: ^3.0.4
2036 silly fetch manifest keyv@^4.5.3
2037 silly packumentCache full:https://registry.npmjs.org/keyv cache-miss
2038 silly fetch manifest rimraf@^3.0.2
2039 silly packumentCache full:https://registry.npmjs.org/rimraf cache-miss
2040 silly fetch manifest flatted@^3.2.9
2041 silly packumentCache full:https://registry.npmjs.org/flatted cache-miss
2042 http fetch GET 200 https://registry.npmjs.org/flatted 55ms (cache miss)
2043 silly packumentCache full:https://registry.npmjs.org/flatted set size:undefined disposed:false
2044 http fetch GET 200 https://registry.npmjs.org/rimraf 61ms (cache miss)
2045 silly packumentCache full:https://registry.npmjs.org/rimraf set size:undefined disposed:false
2046 http fetch GET 200 https://registry.npmjs.org/keyv 68ms (cache miss)
2047 silly packumentCache full:https://registry.npmjs.org/keyv set size:undefined disposed:false
2048 silly placeDep ROOT flatted@3.4.3 OK for: flat-cache@3.2.0 want: ^3.2.9
2049 silly placeDep ROOT keyv@4.5.4 OK for: flat-cache@3.2.0 want: ^4.5.3
2050 silly placeDep ROOT rimraf@3.0.2 OK for: flat-cache@3.2.0 want: ^3.0.2
2051 silly fetch manifest json-buffer@3.0.1
2052 silly packumentCache full:https://registry.npmjs.org/json-buffer cache-miss
2053 silly fetch manifest glob@^7.1.3
2054 silly packumentCache full:https://registry.npmjs.org/glob cache-miss
2055 http fetch GET 200 https://registry.npmjs.org/json-buffer 43ms (cache miss)
2056 silly packumentCache full:https://registry.npmjs.org/json-buffer set size:undefined disposed:false
2057 http fetch GET 200 https://registry.npmjs.org/glob 57ms (cache miss)
2058 silly packumentCache full:https://registry.npmjs.org/glob set size:undefined disposed:false
2059 silly placeDep ROOT fetch-blob@3.2.0 OK for: formdata-polyfill@4.0.10 want: ^3.1.2
2060 silly fetch manifest node-domexception@^1.0.0
2061 silly packumentCache full:https://registry.npmjs.org/node-domexception cache-miss
2062 silly fetch manifest web-streams-polyfill@^3.0.3
2063 silly packumentCache full:https://registry.npmjs.org/web-streams-polyfill cache-miss
2064 http fetch GET 200 https://registry.npmjs.org/node-domexception 62ms (cache miss)
2065 silly packumentCache full:https://registry.npmjs.org/node-domexception set size:undefined disposed:false
2066 http fetch GET 200 https://registry.npmjs.org/web-streams-polyfill 64ms (cache miss)
2067 silly packumentCache full:https://registry.npmjs.org/web-streams-polyfill set size:undefined disposed:false
2068 silly placeDep ROOT node-domexception@1.0.0 OK for: fetch-blob@3.2.0 want: ^1.0.0
2069 silly placeDep ROOT web-streams-polyfill@3.3.3 OK for: fetch-blob@3.2.0 want: ^3.0.3
2070 silly placeDep ROOT functions-have-names@1.2.3 OK for: function.prototype.name@1.2.0 want: ^1.2.3
2071 silly placeDep ROOT is-document.all@1.0.0 OK for: function.prototype.name@1.2.0 want: ^1.0.0
2072 silly placeDep ROOT dunder-proto@1.0.1 OK for: get-proto@1.0.1 want: ^1.0.1
2073 silly placeDep ROOT type-fest@0.20.2 OK for: globals@13.24.0 want: ^0.20.2
2074 silly placeDep ROOT array-union@2.1.0 OK for: globby@11.1.0 want: ^2.1.0
2075 silly placeDep ROOT dir-glob@3.0.1 OK for: globby@11.1.0 want: ^3.0.1
2076 silly placeDep ROOT fast-glob@3.3.3 OK for: globby@11.1.0 want: ^3.2.9
2077 silly placeDep ROOT merge2@1.4.1 OK for: globby@11.1.0 want: ^1.4.1
2078 silly placeDep ROOT slash@3.0.0 OK for: globby@11.1.0 want: ^3.0.0
2079 silly fetch manifest path-type@^4.0.0
2080 silly packumentCache full:https://registry.npmjs.org/path-type cache-miss
2081 silly fetch manifest @nodelib/fs.stat@^2.0.2
2082 silly packumentCache full:https://registry.npmjs.org/@nodelib%2ffs.stat cache-miss
2083 silly fetch manifest @nodelib/fs.walk@^1.2.3
2084 silly packumentCache full:https://registry.npmjs.org/@nodelib%2ffs.walk cache-miss
2085 silly fetch manifest merge2@^1.3.0
2086 silly packumentCache full:https://registry.npmjs.org/merge2 cache-miss
2087 silly fetch manifest micromatch@^4.0.8
2088 silly packumentCache full:https://registry.npmjs.org/micromatch cache-miss
2089 http fetch GET 200 https://registry.npmjs.org/merge2 47ms (cache revalidated)
2090 silly packumentCache full:https://registry.npmjs.org/merge2 set size:46159 disposed:false
2091 http fetch GET 200 https://registry.npmjs.org/micromatch 54ms (cache miss)
2092 silly packumentCache full:https://registry.npmjs.org/micromatch set size:undefined disposed:false
2093 http fetch GET 200 https://registry.npmjs.org/path-type 58ms (cache miss)
2094 silly packumentCache full:https://registry.npmjs.org/path-type set size:undefined disposed:false
2095 http fetch GET 200 https://registry.npmjs.org/@nodelib%2ffs.stat 70ms (cache miss)
2096 silly packumentCache full:https://registry.npmjs.org/@nodelib%2ffs.stat set size:undefined disposed:false
2097 http fetch GET 200 https://registry.npmjs.org/@nodelib%2ffs.walk 71ms (cache miss)
2098 silly packumentCache full:https://registry.npmjs.org/@nodelib%2ffs.walk set size:undefined disposed:false
2099 silly placeDep ROOT path-type@4.0.0 OK for: dir-glob@3.0.1 want: ^4.0.0
2100 silly placeDep ROOT @nodelib/fs.stat@2.0.5 OK for: fast-glob@3.3.3 want: ^2.0.2
2101 silly placeDep ROOT @nodelib/fs.walk@1.2.8 OK for: fast-glob@3.3.3 want: ^1.2.3
2102 silly placeDep ROOT micromatch@4.0.8 OK for: fast-glob@3.3.3 want: ^4.0.8
2103 silly fetch manifest fastq@^1.6.0
2104 silly packumentCache full:https://registry.npmjs.org/fastq cache-miss
2105 silly fetch manifest @nodelib/fs.scandir@2.1.5
2106 silly packumentCache full:https://registry.npmjs.org/@nodelib%2ffs.scandir cache-miss
2107 silly fetch manifest braces@^3.0.3
2108 silly packumentCache full:https://registry.npmjs.org/braces cache-miss
2109 silly fetch manifest picomatch@^2.3.1
2110 silly packumentCache full:https://registry.npmjs.org/picomatch cache-miss
2111 http fetch GET 200 https://registry.npmjs.org/fastq 47ms (cache miss)
2112 silly packumentCache full:https://registry.npmjs.org/fastq set size:undefined disposed:false
2113 http fetch GET 200 https://registry.npmjs.org/braces 49ms (cache miss)
2114 silly packumentCache full:https://registry.npmjs.org/braces set size:undefined disposed:false
2115 http fetch GET 200 https://registry.npmjs.org/@nodelib%2ffs.scandir 69ms (cache miss)
2116 silly packumentCache full:https://registry.npmjs.org/@nodelib%2ffs.scandir set size:undefined disposed:false
2117 http fetch GET 200 https://registry.npmjs.org/picomatch 75ms (cache miss)
2118 silly packumentCache full:https://registry.npmjs.org/picomatch set size:undefined disposed:false
2119 silly placeDep ROOT @nodelib/fs.scandir@2.1.5 OK for: @nodelib/fs.walk@1.2.8 want: 2.1.5
2120 silly placeDep ROOT fastq@1.20.1 OK for: @nodelib/fs.walk@1.2.8 want: ^1.6.0
2121 silly fetch manifest run-parallel@^1.1.9
2122 silly packumentCache full:https://registry.npmjs.org/run-parallel cache-miss
2123 silly fetch manifest reusify@^1.0.4
2124 silly packumentCache full:https://registry.npmjs.org/reusify cache-miss
2125 http fetch GET 200 https://registry.npmjs.org/reusify 53ms (cache miss)
2126 silly packumentCache full:https://registry.npmjs.org/reusify set size:undefined disposed:false
2127 http fetch GET 200 https://registry.npmjs.org/run-parallel 58ms (cache miss)
2128 silly packumentCache full:https://registry.npmjs.org/run-parallel set size:undefined disposed:false
2129 silly placeDep ROOT run-parallel@1.2.0 OK for: @nodelib/fs.scandir@2.1.5 want: ^1.1.9
2130 silly fetch manifest queue-microtask@^1.2.2
2131 silly packumentCache full:https://registry.npmjs.org/queue-microtask cache-miss
2132 http fetch GET 200 https://registry.npmjs.org/queue-microtask 48ms (cache miss)
2133 silly packumentCache full:https://registry.npmjs.org/queue-microtask set size:undefined disposed:false
2134 silly placeDep ROOT reusify@1.1.0 OK for: fastq@1.20.1 want: ^1.0.4
2135 silly placeDep ROOT parent-module@1.0.1 OK for: import-fresh@3.3.1 want: ^1.0.0
2136 silly placeDep ROOT resolve-from@4.0.0 OK for: import-fresh@3.3.1 want: ^4.0.0
2137 silly fetch manifest callsites@^3.0.0
2138 silly packumentCache full:https://registry.npmjs.org/callsites cache-miss
2139 http fetch GET 200 https://registry.npmjs.org/callsites 50ms (cache miss)
2140 silly packumentCache full:https://registry.npmjs.org/callsites set size:undefined disposed:false
2141 silly placeDep ROOT side-channel@1.1.1 OK for: internal-slot@1.1.0 want: ^1.1.0
2142 silly fetch manifest side-channel-list@^1.0.1
2143 silly packumentCache full:https://registry.npmjs.org/side-channel-list cache-miss
2144 silly fetch manifest side-channel-map@^1.0.1
2145 silly packumentCache full:https://registry.npmjs.org/side-channel-map cache-miss
2146 silly fetch manifest side-channel-weakmap@^1.0.2
2147 silly packumentCache full:https://registry.npmjs.org/side-channel-weakmap cache-miss
2148 http fetch GET 200 https://registry.npmjs.org/side-channel-weakmap 47ms (cache miss)
2149 silly packumentCache full:https://registry.npmjs.org/side-channel-weakmap set size:undefined disposed:false
2150 http fetch GET 200 https://registry.npmjs.org/side-channel-map 51ms (cache miss)
2151 silly packumentCache full:https://registry.npmjs.org/side-channel-map set size:undefined disposed:false
2152 http fetch GET 200 https://registry.npmjs.org/side-channel-list 56ms (cache miss)
2153 silly packumentCache full:https://registry.npmjs.org/side-channel-list set size:undefined disposed:false
2154 silly placeDep ROOT is-extglob@2.1.1 OK for: is-glob@4.0.3 want: ^2.1.1
2155 silly placeDep ROOT argparse@1.0.10 OK for: js-yaml@3.15.0 want: ^1.0.7
2156 silly placeDep ROOT esprima@4.0.1 OK for: js-yaml@3.15.0 want: ^4.0.0
2157 silly fetch manifest sprintf-js@~1.0.2
2158 silly packumentCache full:https://registry.npmjs.org/sprintf-js cache-miss
2159 http fetch GET 200 https://registry.npmjs.org/sprintf-js 48ms (cache miss)
2160 silly packumentCache full:https://registry.npmjs.org/sprintf-js set size:undefined disposed:false
2161 silly placeDep ROOT sprintf-js@1.0.3 OK for: argparse@1.0.10 want: ~1.0.2
2162 silly placeDep ROOT json-buffer@3.0.1 OK for: keyv@4.5.4 want: 3.0.1
2163 silly placeDep ROOT prelude-ls@1.2.1 OK for: levn@0.4.1 want: ^1.2.1
2164 silly placeDep ROOT type-check@0.4.0 OK for: levn@0.4.1 want: ~0.4.0
2165 silly placeDep ROOT sourcemap-codec@1.4.8 OK for: magic-string@0.26.7 want: ^1.4.8
2166 silly placeDep ROOT braces@3.0.3 OK for: micromatch@4.0.8 want: ^3.0.3
2167 silly placeDep ROOT picomatch@2.3.2 OK for: micromatch@4.0.8 want: ^2.3.1
2168 silly fetch manifest fill-range@^7.1.1
2169 silly packumentCache full:https://registry.npmjs.org/fill-range cache-miss
2170 http fetch GET 200 https://registry.npmjs.org/fill-range 60ms (cache miss)
2171 silly packumentCache full:https://registry.npmjs.org/fill-range set size:undefined disposed:false
2172 silly placeDep ROOT fill-range@7.1.1 OK for: braces@3.0.3 want: ^7.1.1
2173 silly fetch manifest to-regex-range@^5.0.1
2174 silly packumentCache full:https://registry.npmjs.org/to-regex-range cache-miss
2175 http fetch GET 200 https://registry.npmjs.org/to-regex-range 53ms (cache miss)
2176 silly packumentCache full:https://registry.npmjs.org/to-regex-range set size:undefined disposed:false
2177 silly placeDep ROOT to-regex-range@5.0.1 OK for: fill-range@7.1.1 want: ^5.0.1
2178 silly fetch manifest is-number@^7.0.0
2179 silly packumentCache full:https://registry.npmjs.org/is-number cache-miss
2180 http fetch GET 200 https://registry.npmjs.org/is-number 51ms (cache miss)
2181 silly packumentCache full:https://registry.npmjs.org/is-number set size:undefined disposed:false
2182 silly placeDep ROOT brace-expansion@1.1.16 OK for: minimatch@3.1.5 want: ^1.1.7
2183 silly fetch manifest concat-map@0.0.1
2184 silly packumentCache full:https://registry.npmjs.org/concat-map cache-miss
2185 silly fetch manifest balanced-match@^1.0.0
2186 silly packumentCache full:https://registry.npmjs.org/balanced-match cache-miss
2187 http fetch GET 200 https://registry.npmjs.org/balanced-match 50ms (cache miss)
2188 silly packumentCache full:https://registry.npmjs.org/balanced-match set size:undefined disposed:false
2189 http fetch GET 200 https://registry.npmjs.org/concat-map 55ms (cache miss)
2190 silly packumentCache full:https://registry.npmjs.org/concat-map set size:undefined disposed:false
2191 silly placeDep ROOT balanced-match@1.0.2 OK for: brace-expansion@1.1.16 want: ^1.0.0
2192 silly placeDep ROOT concat-map@0.0.1 OK for: brace-expansion@1.1.16 want: 0.0.1
2193 silly placeDep ROOT commist@1.1.0 OK for: mqtt@4.3.8 want: ^1.0.0
2194 silly placeDep ROOT concat-stream@2.0.0 OK for: mqtt@4.3.8 want: ^2.0.0
2195 silly placeDep ROOT duplexify@4.1.3 OK for: mqtt@4.3.8 want: ^4.1.1
2196 silly placeDep ROOT help-me@3.0.0 OK for: mqtt@4.3.8 want: ^3.0.0
2197 silly placeDep ROOT inherits@2.0.4 OK for: mqtt@4.3.8 want: ^2.0.3
2198 silly placeDep ROOT lru-cache@6.0.0 OK for: mqtt@4.3.8 want: ^6.0.0
2199 silly placeDep ROOT minimist@1.2.8 OK for: mqtt@4.3.8 want: ^1.2.5
2200 silly placeDep ROOT mqtt-packet@6.10.0 OK for: mqtt@4.3.8 want: ^6.8.0
2201 silly placeDep ROOT number-allocator@1.0.14 OK for: mqtt@4.3.8 want: ^1.0.9
2202 silly placeDep ROOT pump@3.0.4 OK for: mqtt@4.3.8 want: ^3.0.0
2203 silly placeDep ROOT readable-stream@3.6.2 OK for: mqtt@4.3.8 want: ^3.6.0
2204 silly placeDep ROOT reinterval@1.1.0 OK for: mqtt@4.3.8 want: ^1.1.0
2205 silly placeDep ROOT rfdc@1.4.1 OK for: mqtt@4.3.8 want: ^1.3.0
2206 silly placeDep ROOT split2@3.2.2 OK for: mqtt@4.3.8 want: ^3.1.0
2207 silly placeDep ROOT ws@7.5.13 OK for: mqtt@4.3.8 want: ^7.5.5
2208 silly placeDep ROOT xtend@4.0.2 OK for: mqtt@4.3.8 want: ^4.0.2
2209 silly fetch manifest leven@^2.1.0
2210 silly packumentCache full:https://registry.npmjs.org/leven cache-miss
2211 silly fetch manifest minimist@^1.1.0
2212 silly packumentCache full:https://registry.npmjs.org/minimist cache-hit
2213 silly fetch manifest buffer-from@^1.0.0
2214 silly packumentCache full:https://registry.npmjs.org/buffer-from cache-miss
2215 silly fetch manifest readable-stream@^3.0.2
2216 silly packumentCache full:https://registry.npmjs.org/readable-stream cache-miss
2217 silly fetch manifest typedarray@^0.0.6
2218 silly packumentCache full:https://registry.npmjs.org/typedarray cache-miss
2219 silly fetch manifest end-of-stream@^1.4.1
2220 silly packumentCache full:https://registry.npmjs.org/end-of-stream cache-miss
2221 silly fetch manifest readable-stream@^3.1.1
2222 silly packumentCache full:https://registry.npmjs.org/readable-stream cache-miss
2223 silly fetch manifest stream-shift@^1.0.2
2224 silly packumentCache full:https://registry.npmjs.org/stream-shift cache-miss
2225 silly fetch manifest glob@^7.1.6
2226 silly packumentCache full:https://registry.npmjs.org/glob cache-miss
2227 silly fetch manifest yallist@^4.0.0
2228 silly packumentCache full:https://registry.npmjs.org/yallist cache-miss
2229 silly fetch manifest bl@^4.0.2
2230 silly packumentCache full:https://registry.npmjs.org/bl cache-miss
2231 silly fetch manifest process-nextick-args@^2.0.1
2232 silly packumentCache full:https://registry.npmjs.org/process-nextick-args cache-miss
2233 silly fetch manifest js-sdsl@4.3.0
2234 silly packumentCache full:https://registry.npmjs.org/js-sdsl cache-miss
2235 silly fetch manifest end-of-stream@^1.1.0
2236 silly packumentCache full:https://registry.npmjs.org/end-of-stream cache-miss
2237 silly fetch manifest once@^1.3.1
2238 silly packumentCache full:https://registry.npmjs.org/once cache-miss
2239 silly fetch manifest string_decoder@^1.1.1
2240 silly packumentCache full:https://registry.npmjs.org/string_decoder cache-miss
2241 silly fetch manifest util-deprecate@^1.0.1
2242 silly packumentCache full:https://registry.npmjs.org/util-deprecate cache-miss
2243 http fetch GET 200 https://registry.npmjs.org/end-of-stream 50ms (cache miss)
2244 silly packumentCache full:https://registry.npmjs.org/end-of-stream set size:undefined disposed:false
2245 http fetch GET 200 https://registry.npmjs.org/process-nextick-args 56ms (cache miss)
2246 silly packumentCache full:https://registry.npmjs.org/process-nextick-args set size:undefined disposed:false
2247 http fetch GET 200 https://registry.npmjs.org/stream-shift 63ms (cache miss)
2248 silly packumentCache full:https://registry.npmjs.org/stream-shift set size:undefined disposed:false
2249 http fetch GET 200 https://registry.npmjs.org/end-of-stream 65ms (cache miss)
2250 silly packumentCache full:https://registry.npmjs.org/end-of-stream set size:undefined disposed:false
2251 http fetch GET 200 https://registry.npmjs.org/util-deprecate 70ms (cache miss)
2252 silly packumentCache full:https://registry.npmjs.org/util-deprecate set size:undefined disposed:false
2253 http fetch GET 200 https://registry.npmjs.org/buffer-from 76ms (cache miss)
2254 silly packumentCache full:https://registry.npmjs.org/buffer-from set size:undefined disposed:false
2255 http fetch GET 200 https://registry.npmjs.org/typedarray 78ms (cache miss)
2256 silly packumentCache full:https://registry.npmjs.org/typedarray set size:undefined disposed:false
2257 http fetch GET 200 https://registry.npmjs.org/yallist 79ms (cache miss)
2258 silly packumentCache full:https://registry.npmjs.org/yallist set size:undefined disposed:false
2259 http fetch GET 200 https://registry.npmjs.org/leven 81ms (cache miss)
2260 silly packumentCache full:https://registry.npmjs.org/leven set size:undefined disposed:false
2261 http fetch GET 200 https://registry.npmjs.org/string_decoder 80ms (cache miss)
2262 silly packumentCache full:https://registry.npmjs.org/string_decoder set size:undefined disposed:false
2263 http fetch GET 200 https://registry.npmjs.org/once 81ms (cache miss)
2264 silly packumentCache full:https://registry.npmjs.org/once set size:undefined disposed:false
2265 http fetch GET 200 https://registry.npmjs.org/bl 84ms (cache miss)
2266 silly packumentCache full:https://registry.npmjs.org/bl set size:undefined disposed:false
2267 http fetch GET 200 https://registry.npmjs.org/readable-stream 91ms (cache revalidated)
2268 silly packumentCache full:https://registry.npmjs.org/readable-stream set size:261096 disposed:false
2269 http fetch GET 200 https://registry.npmjs.org/readable-stream 94ms (cache revalidated)
2270 silly packumentCache full:https://registry.npmjs.org/readable-stream set size:261096 disposed:false
2271 silly packumentCache full:https://registry.npmjs.org/readable-stream dispose
2272 http fetch GET 200 https://registry.npmjs.org/glob 98ms (cache revalidated)
2273 silly packumentCache full:https://registry.npmjs.org/glob set size:469465 disposed:false
2274 http fetch GET 200 https://registry.npmjs.org/js-sdsl 208ms (cache miss)
2275 silly packumentCache full:https://registry.npmjs.org/js-sdsl set size:undefined disposed:false
2276 silly placeDep ROOT leven@2.1.0 OK for: commist@1.1.0 want: ^2.1.0
2277 silly placeDep ROOT buffer-from@1.1.2 OK for: concat-stream@2.0.0 want: ^1.0.0
2278 silly placeDep ROOT typedarray@0.0.6 OK for: concat-stream@2.0.0 want: ^0.0.6
2279 silly placeDep ROOT end-of-stream@1.4.5 OK for: duplexify@4.1.3 want: ^1.4.1
2280 silly placeDep ROOT stream-shift@1.0.3 OK for: duplexify@4.1.3 want: ^1.0.2
2281 silly fetch manifest once@^1.4.0
2282 silly packumentCache full:https://registry.npmjs.org/once cache-miss
2283 http fetch GET 200 https://registry.npmjs.org/once 60ms (cache revalidated)
2284 silly packumentCache full:https://registry.npmjs.org/once set size:11752 disposed:false
2285 silly placeDep ROOT once@1.4.0 OK for: end-of-stream@1.4.5 want: ^1.4.0
2286 silly fetch manifest wrappy@1
2287 silly packumentCache full:https://registry.npmjs.org/wrappy cache-miss
2288 http fetch GET 200 https://registry.npmjs.org/wrappy 43ms (cache miss)
2289 silly packumentCache full:https://registry.npmjs.org/wrappy set size:undefined disposed:false
2290 silly placeDep ROOT glob@7.2.3 OK for: help-me@3.0.0 want: ^7.1.6
2291 silly fetch manifest inflight@^1.0.4
2292 silly packumentCache full:https://registry.npmjs.org/inflight cache-miss
2293 silly fetch manifest fs.realpath@^1.0.0
2294 silly packumentCache full:https://registry.npmjs.org/fs.realpath cache-miss
2295 silly fetch manifest path-is-absolute@^1.0.0
2296 silly packumentCache full:https://registry.npmjs.org/path-is-absolute cache-miss
2297 http fetch GET 200 https://registry.npmjs.org/fs.realpath 53ms (cache miss)
2298 silly packumentCache full:https://registry.npmjs.org/fs.realpath set size:undefined disposed:false
2299 http fetch GET 200 https://registry.npmjs.org/inflight 55ms (cache miss)
2300 silly packumentCache full:https://registry.npmjs.org/inflight set size:undefined disposed:false
2301 http fetch GET 200 https://registry.npmjs.org/path-is-absolute 58ms (cache miss)
2302 silly packumentCache full:https://registry.npmjs.org/path-is-absolute set size:undefined disposed:false
2303 silly placeDep ROOT fs.realpath@1.0.0 OK for: glob@7.2.3 want: ^1.0.0
2304 silly placeDep ROOT inflight@1.0.6 OK for: glob@7.2.3 want: ^1.0.4
2305 silly placeDep ROOT path-is-absolute@1.0.1 OK for: glob@7.2.3 want: ^1.0.0
2306 silly placeDep ROOT wrappy@1.0.2 OK for: inflight@1.0.6 want: 1
2307 silly placeDep ROOT yallist@4.0.0 OK for: lru-cache@6.0.0 want: ^4.0.0
2308 silly placeDep ROOT bl@4.1.0 OK for: mqtt-packet@6.10.0 want: ^4.0.2
2309 silly placeDep ROOT process-nextick-args@2.0.1 OK for: mqtt-packet@6.10.0 want: ^2.0.1
2310 silly fetch manifest buffer@^5.5.0
2311 silly packumentCache full:https://registry.npmjs.org/buffer cache-miss
2312 http fetch GET 200 https://registry.npmjs.org/buffer 75ms (cache miss)
2313 silly packumentCache full:https://registry.npmjs.org/buffer set size:undefined disposed:false
2314 silly placeDep ROOT buffer@5.7.1 OK for: bl@4.1.0 want: ^5.5.0
2315 silly fetch manifest base64-js@^1.3.1
2316 silly packumentCache full:https://registry.npmjs.org/base64-js cache-miss
2317 silly fetch manifest ieee754@^1.1.13
2318 silly packumentCache full:https://registry.npmjs.org/ieee754 cache-miss
2319 http fetch GET 200 https://registry.npmjs.org/ieee754 53ms (cache miss)
2320 silly packumentCache full:https://registry.npmjs.org/ieee754 set size:undefined disposed:false
2321 http fetch GET 200 https://registry.npmjs.org/base64-js 65ms (cache miss)
2322 silly packumentCache full:https://registry.npmjs.org/base64-js set size:undefined disposed:false
2323 silly placeDep ROOT base64-js@1.5.1 OK for: buffer@5.7.1 want: ^1.3.1
2324 silly placeDep ROOT ieee754@1.2.1 OK for: buffer@5.7.1 want: ^1.1.13
2325 silly placeDep ROOT js-sdsl@4.3.0 OK for: number-allocator@1.0.14 want: 4.3.0
2326 silly placeDep ROOT deep-is@0.1.4 OK for: optionator@0.9.4 want: ^0.1.3
2327 silly placeDep ROOT fast-levenshtein@2.0.6 OK for: optionator@0.9.4 want: ^2.0.6
2328 silly placeDep ROOT word-wrap@1.2.5 OK for: optionator@0.9.4 want: ^1.2.5
2329 silly placeDep ROOT callsites@3.1.0 OK for: parent-module@1.0.1 want: ^3.0.0
2330 silly placeDep ROOT nanoid@3.3.16 OK for: postcss@8.5.22 want: ^3.3.16
2331 silly placeDep ROOT decode-uri-component@0.2.2 OK for: query-string@7.1.3 want: ^0.2.2
2332 silly placeDep ROOT filter-obj@1.1.0 OK for: query-string@7.1.3 want: ^1.1.0
2333 silly placeDep ROOT split-on-first@1.1.0 OK for: query-string@7.1.3 want: ^1.0.0
2334 silly placeDep ROOT strict-uri-encode@2.0.0 OK for: query-string@7.1.3 want: ^2.0.0
2335 silly placeDep ROOT string_decoder@1.3.0 OK for: readable-stream@3.6.2 want: ^1.1.1
2336 silly placeDep ROOT util-deprecate@1.0.2 OK for: readable-stream@3.6.2 want: ^1.0.1
2337 silly fetch manifest safe-buffer@~5.2.0
2338 silly packumentCache full:https://registry.npmjs.org/safe-buffer cache-miss
2339 http fetch GET 200 https://registry.npmjs.org/safe-buffer 63ms (cache miss)
2340 silly packumentCache full:https://registry.npmjs.org/safe-buffer set size:undefined disposed:false
2341 silly placeDep ROOT set-function-name@2.0.2 OK for: regexp.prototype.flags@1.5.4 want: ^2.0.2
2342 silly placeDep ROOT node-exports-info@1.6.2 OK for: resolve@2.0.0-next.7 want: ^1.6.0
2343 silly placeDep ROOT path-parse@1.0.7 OK for: resolve@2.0.0-next.7 want: ^1.0.7
2344 silly placeDep ROOT supports-preserve-symlinks-flag@1.0.0 OK for: resolve@2.0.0-next.7 want: ^1.0.0
2345 silly fetch manifest object.entries@^1.1.9
2346 silly packumentCache full:https://registry.npmjs.org/object.entries cache-miss
2347 http fetch GET 200 https://registry.npmjs.org/object.entries 77ms (cache miss)
2348 silly packumentCache full:https://registry.npmjs.org/object.entries set size:undefined disposed:false
2349 silly placeDep ROOT object.entries@1.1.9 OK for: node-exports-info@1.6.2 want: ^1.1.9
2350 silly placeDep node_modules/node-exports-info semver@6.3.1 OK for: node-exports-info@1.6.2 want: ^6.3.1
2351 silly placeDep ROOT @rollup/pluginutils@4.2.1 OK for: rollup-plugin-external-globals@0.6.1 want: ^4.0.0
2352 silly placeDep ROOT is-reference@1.2.1 OK for: rollup-plugin-external-globals@0.6.1 want: ^1.2.1
2353 silly placeDep node_modules/rollup-plugin-external-globals magic-string@0.25.9 OK for: rollup-plugin-external-globals@0.6.1 want: ^0.25.7
2354 silly fetch manifest @types/estree@*
2355 silly packumentCache full:https://registry.npmjs.org/@types%2festree cache-miss
2356 http fetch GET 200 https://registry.npmjs.org/@types%2festree 61ms (cache miss)
2357 silly packumentCache full:https://registry.npmjs.org/@types%2festree set size:undefined disposed:false
2358 silly placeDep ROOT @types/estree@1.0.9 OK for: is-reference@1.2.1 want: *
2359 silly placeDep ROOT queue-microtask@1.2.3 OK for: run-parallel@1.2.0 want: ^1.2.2
2360 silly placeDep ROOT isarray@2.0.5 OK for: safe-array-concat@1.1.4 want: ^2.0.5
2361 silly placeDep ROOT @parcel/watcher@2.6.0 OK for: sass@1.101.6 want: ^2.4.1
2362 silly placeDep ROOT chokidar@5.0.0 OK for: sass@1.101.6 want: ^5.0.0
2363 silly placeDep ROOT immutable@5.1.9 OK for: sass@1.101.6 want: ^5.1.5
2364 silly fetch manifest detect-libc@^2.0.3
2365 silly packumentCache full:https://registry.npmjs.org/detect-libc cache-miss
2366 silly fetch manifest node-addon-api@^7.0.0
2367 silly packumentCache full:https://registry.npmjs.org/node-addon-api cache-miss
2368 silly fetch manifest picomatch@^4.0.4
2369 silly packumentCache full:https://registry.npmjs.org/picomatch cache-miss
2370 silly fetch manifest @parcel/watcher-darwin-x64@2.6.0
2371 silly packumentCache full:https://registry.npmjs.org/@parcel%2fwatcher-darwin-x64 cache-miss
2372 silly fetch manifest @parcel/watcher-darwin-arm64@2.6.0
2373 silly packumentCache full:https://registry.npmjs.org/@parcel%2fwatcher-darwin-arm64 cache-miss
2374 silly fetch manifest @parcel/watcher-win32-x64@2.6.0
2375 silly packumentCache full:https://registry.npmjs.org/@parcel%2fwatcher-win32-x64 cache-miss
2376 silly fetch manifest @parcel/watcher-win32-arm64@2.6.0
2377 silly packumentCache full:https://registry.npmjs.org/@parcel%2fwatcher-win32-arm64 cache-miss
2378 silly fetch manifest @parcel/watcher-linux-x64-glibc@2.6.0
2379 silly packumentCache full:https://registry.npmjs.org/@parcel%2fwatcher-linux-x64-glibc cache-miss
2380 silly fetch manifest @parcel/watcher-linux-x64-musl@2.6.0
2381 silly packumentCache full:https://registry.npmjs.org/@parcel%2fwatcher-linux-x64-musl cache-miss
2382 silly fetch manifest @parcel/watcher-linux-arm64-glibc@2.6.0
2383 silly packumentCache full:https://registry.npmjs.org/@parcel%2fwatcher-linux-arm64-glibc cache-miss
2384 silly fetch manifest @parcel/watcher-linux-arm64-musl@2.6.0
2385 silly packumentCache full:https://registry.npmjs.org/@parcel%2fwatcher-linux-arm64-musl cache-miss
2386 silly fetch manifest @parcel/watcher-linux-arm-glibc@2.6.0
2387 silly packumentCache full:https://registry.npmjs.org/@parcel%2fwatcher-linux-arm-glibc cache-miss
2388 silly fetch manifest @parcel/watcher-linux-arm-musl@2.6.0
2389 silly packumentCache full:https://registry.npmjs.org/@parcel%2fwatcher-linux-arm-musl cache-miss
2390 silly fetch manifest @parcel/watcher-android-arm64@2.6.0
2391 silly packumentCache full:https://registry.npmjs.org/@parcel%2fwatcher-android-arm64 cache-miss
2392 silly fetch manifest @parcel/watcher-freebsd-x64@2.6.0
2393 silly packumentCache full:https://registry.npmjs.org/@parcel%2fwatcher-freebsd-x64 cache-miss
2394 silly fetch manifest readdirp@^5.0.0
2395 silly packumentCache full:https://registry.npmjs.org/readdirp cache-miss
2396 http fetch GET 200 https://registry.npmjs.org/detect-libc 61ms (cache miss)
2397 silly packumentCache full:https://registry.npmjs.org/detect-libc set size:undefined disposed:false
2398 http fetch GET 200 https://registry.npmjs.org/readdirp 77ms (cache miss)
2399 silly packumentCache full:https://registry.npmjs.org/readdirp set size:undefined disposed:false
2400 http fetch GET 200 https://registry.npmjs.org/@parcel%2fwatcher-linux-x64-musl 85ms (cache miss)
2401 silly packumentCache full:https://registry.npmjs.org/@parcel%2fwatcher-linux-x64-musl set size:undefined disposed:false
2402 http fetch GET 200 https://registry.npmjs.org/@parcel%2fwatcher-win32-arm64 88ms (cache miss)
2403 silly packumentCache full:https://registry.npmjs.org/@parcel%2fwatcher-win32-arm64 set size:undefined disposed:false
2404 http fetch GET 200 https://registry.npmjs.org/@parcel%2fwatcher-freebsd-x64 89ms (cache miss)
2405 silly packumentCache full:https://registry.npmjs.org/@parcel%2fwatcher-freebsd-x64 set size:undefined disposed:false
2406 http fetch GET 200 https://registry.npmjs.org/@parcel%2fwatcher-linux-x64-glibc 90ms (cache miss)
2407 silly packumentCache full:https://registry.npmjs.org/@parcel%2fwatcher-linux-x64-glibc set size:undefined disposed:false
2408 http fetch GET 200 https://registry.npmjs.org/@parcel%2fwatcher-android-arm64 90ms (cache miss)
2409 silly packumentCache full:https://registry.npmjs.org/@parcel%2fwatcher-android-arm64 set size:undefined disposed:false
2410 http fetch GET 200 https://registry.npmjs.org/node-addon-api 92ms (cache miss)
2411 silly packumentCache full:https://registry.npmjs.org/node-addon-api set size:undefined disposed:false
2412 http fetch GET 200 https://registry.npmjs.org/@parcel%2fwatcher-linux-arm-musl 112ms (cache miss)
2413 silly packumentCache full:https://registry.npmjs.org/@parcel%2fwatcher-linux-arm-musl set size:undefined disposed:false
2414 http fetch GET 200 https://registry.npmjs.org/@parcel%2fwatcher-linux-arm64-glibc 115ms (cache miss)
2415 silly packumentCache full:https://registry.npmjs.org/@parcel%2fwatcher-linux-arm64-glibc set size:undefined disposed:false
2416 http fetch GET 200 https://registry.npmjs.org/@parcel%2fwatcher-win32-x64 119ms (cache miss)
2417 silly packumentCache full:https://registry.npmjs.org/@parcel%2fwatcher-win32-x64 set size:undefined disposed:false
2418 http fetch GET 200 https://registry.npmjs.org/@parcel%2fwatcher-darwin-x64 120ms (cache miss)
2419 silly packumentCache full:https://registry.npmjs.org/@parcel%2fwatcher-darwin-x64 set size:undefined disposed:false
2420 http fetch GET 200 https://registry.npmjs.org/@parcel%2fwatcher-linux-arm-glibc 120ms (cache miss)
2421 silly packumentCache full:https://registry.npmjs.org/@parcel%2fwatcher-linux-arm-glibc set size:undefined disposed:false
2422 http fetch GET 200 https://registry.npmjs.org/picomatch 124ms (cache revalidated)
2423 silly packumentCache full:https://registry.npmjs.org/picomatch set size:128942 disposed:false
2424 http fetch GET 200 https://registry.npmjs.org/@parcel%2fwatcher-darwin-arm64 126ms (cache miss)
2425 silly packumentCache full:https://registry.npmjs.org/@parcel%2fwatcher-darwin-arm64 set size:undefined disposed:false
2426 http fetch GET 200 https://registry.npmjs.org/@parcel%2fwatcher-linux-arm64-musl 127ms (cache miss)
2427 silly packumentCache full:https://registry.npmjs.org/@parcel%2fwatcher-linux-arm64-musl set size:undefined disposed:false
2428 silly placeDep ROOT @parcel/watcher-android-arm64@2.6.0 OK for: @parcel/watcher@2.6.0 want: 2.6.0
2429 silly placeDep ROOT @parcel/watcher-darwin-arm64@2.6.0 OK for: @parcel/watcher@2.6.0 want: 2.6.0
2430 silly placeDep ROOT @parcel/watcher-darwin-x64@2.6.0 OK for: @parcel/watcher@2.6.0 want: 2.6.0
2431 silly placeDep ROOT @parcel/watcher-freebsd-x64@2.6.0 OK for: @parcel/watcher@2.6.0 want: 2.6.0
2432 silly placeDep ROOT @parcel/watcher-linux-arm-glibc@2.6.0 OK for: @parcel/watcher@2.6.0 want: 2.6.0
2433 silly placeDep ROOT @parcel/watcher-linux-arm-musl@2.6.0 OK for: @parcel/watcher@2.6.0 want: 2.6.0
2434 silly placeDep ROOT @parcel/watcher-linux-arm64-glibc@2.6.0 OK for: @parcel/watcher@2.6.0 want: 2.6.0
2435 silly placeDep ROOT @parcel/watcher-linux-arm64-musl@2.6.0 OK for: @parcel/watcher@2.6.0 want: 2.6.0
2436 silly placeDep ROOT @parcel/watcher-linux-x64-glibc@2.6.0 OK for: @parcel/watcher@2.6.0 want: 2.6.0
2437 silly placeDep ROOT @parcel/watcher-linux-x64-musl@2.6.0 OK for: @parcel/watcher@2.6.0 want: 2.6.0
2438 silly placeDep ROOT @parcel/watcher-win32-arm64@2.6.0 OK for: @parcel/watcher@2.6.0 want: 2.6.0
2439 silly placeDep ROOT @parcel/watcher-win32-x64@2.6.0 OK for: @parcel/watcher@2.6.0 want: 2.6.0
2440 silly placeDep ROOT detect-libc@2.1.2 OK for: @parcel/watcher@2.6.0 want: ^2.0.3
2441 silly placeDep ROOT node-addon-api@7.1.1 OK for: @parcel/watcher@2.6.0 want: ^7.0.0
2442 silly placeDep node_modules/@parcel/watcher picomatch@4.0.5 OK for: @parcel/watcher@2.6.0 want: ^4.0.4
2443 silly placeDep ROOT readdirp@5.0.0 OK for: chokidar@5.0.0 want: ^5.0.0
2444 silly placeDep ROOT compute-scroll-into-view@1.0.20 OK for: scroll-into-view-if-needed@2.2.31 want: ^1.0.20
2445 silly placeDep ROOT shebang-regex@3.0.0 OK for: shebang-command@2.0.0 want: ^3.0.0
2446 silly placeDep ROOT side-channel-list@1.0.1 OK for: side-channel@1.1.1 want: ^1.0.1
2447 silly placeDep ROOT side-channel-map@1.0.1 OK for: side-channel@1.1.1 want: ^1.0.1
2448 silly placeDep ROOT side-channel-weakmap@1.0.2 OK for: side-channel@1.1.1 want: ^1.0.2
2449 silly placeDep ROOT safe-buffer@5.2.1 OK for: string_decoder@1.3.0 want: ~5.2.0
2450 silly placeDep ROOT ansi-regex@5.0.1 OK for: strip-ansi@6.0.1 want: ^5.0.1
2451 silly placeDep ROOT has-flag@4.0.0 OK for: supports-color@7.2.0 want: ^4.0.0
2452 silly placeDep node_modules/table ajv@8.20.0 OK for: table@6.9.0 want: ^8.0.1
2453 silly placeDep ROOT lodash.truncate@4.4.2 OK for: table@6.9.0 want: ^4.4.2
2454 silly placeDep ROOT slice-ansi@4.0.0 OK for: table@6.9.0 want: ^4.0.0
2455 silly placeDep ROOT string-width@4.2.3 OK for: table@6.9.0 want: ^4.2.3
2456 silly fetch manifest fast-uri@^3.0.1
2457 silly packumentCache full:https://registry.npmjs.org/fast-uri cache-miss
2458 silly fetch manifest json-schema-traverse@^1.0.0
2459 silly packumentCache full:https://registry.npmjs.org/json-schema-traverse cache-miss
2460 silly fetch manifest require-from-string@^2.0.2
2461 silly packumentCache full:https://registry.npmjs.org/require-from-string cache-miss
2462 silly fetch manifest astral-regex@^2.0.0
2463 silly packumentCache full:https://registry.npmjs.org/astral-regex cache-miss
2464 silly fetch manifest is-fullwidth-code-point@^3.0.0
2465 silly packumentCache full:https://registry.npmjs.org/is-fullwidth-code-point cache-miss
2466 silly fetch manifest emoji-regex@^8.0.0
2467 silly packumentCache full:https://registry.npmjs.org/emoji-regex cache-miss
2468 silly fetch manifest is-fullwidth-code-point@^3.0.0
2469 silly packumentCache full:https://registry.npmjs.org/is-fullwidth-code-point cache-miss
2470 http fetch GET 200 https://registry.npmjs.org/require-from-string 57ms (cache miss)
2471 silly packumentCache full:https://registry.npmjs.org/require-from-string set size:undefined disposed:false
2472 http fetch GET 200 https://registry.npmjs.org/fast-uri 128ms (cache miss)
2473 silly packumentCache full:https://registry.npmjs.org/fast-uri set size:undefined disposed:false
2474 http fetch GET 200 https://registry.npmjs.org/json-schema-traverse 131ms (cache revalidated)
2475 silly packumentCache full:https://registry.npmjs.org/json-schema-traverse set size:23537 disposed:false
2476 http fetch GET 200 https://registry.npmjs.org/is-fullwidth-code-point 136ms (cache miss)
2477 silly packumentCache full:https://registry.npmjs.org/is-fullwidth-code-point set size:undefined disposed:false
2478 http fetch GET 200 https://registry.npmjs.org/astral-regex 141ms (cache miss)
2479 silly packumentCache full:https://registry.npmjs.org/astral-regex set size:undefined disposed:false
2480 http fetch GET 200 https://registry.npmjs.org/is-fullwidth-code-point 143ms (cache miss)
2481 silly packumentCache full:https://registry.npmjs.org/is-fullwidth-code-point set size:undefined disposed:false
2482 http fetch GET 200 https://registry.npmjs.org/emoji-regex 145ms (cache miss)
2483 silly packumentCache full:https://registry.npmjs.org/emoji-regex set size:undefined disposed:false
2484 silly placeDep ROOT astral-regex@2.0.0 OK for: slice-ansi@4.0.0 want: ^2.0.0
2485 silly placeDep ROOT is-fullwidth-code-point@3.0.0 OK for: slice-ansi@4.0.0 want: ^3.0.0
2486 silly placeDep ROOT emoji-regex@8.0.0 OK for: string-width@4.2.3 want: ^8.0.0
2487 silly placeDep ROOT is-number@7.0.0 OK for: to-regex-range@5.0.1 want: ^7.0.0
2488 silly placeDep ROOT @types/json5@0.0.29 OK for: tsconfig-paths@3.15.0 want: ^0.0.29
2489 silly placeDep ROOT json5@1.0.2 OK for: tsconfig-paths@3.15.0 want: ^1.0.2
2490 silly placeDep ROOT strip-bom@3.0.0 OK for: tsconfig-paths@3.15.0 want: ^3.0.0
2491 silly placeDep ROOT tslib@1.14.1 OK for: tsutils@3.21.0 want: ^1.8.1
2492 silly placeDep ROOT for-each@0.3.5 OK for: typed-array-byte-length@1.0.3 want: ^0.3.3
2493 silly placeDep ROOT reflect.getprototypeof@1.0.10 OK for: typed-array-byte-offset@1.0.4 want: ^1.0.9
2494 silly fetch manifest which-builtin-type@^1.2.1
2495 silly packumentCache full:https://registry.npmjs.org/which-builtin-type cache-miss
2496 http fetch GET 200 https://registry.npmjs.org/which-builtin-type 66ms (cache miss)
2497 silly packumentCache full:https://registry.npmjs.org/which-builtin-type set size:undefined disposed:false
2498 silly placeDep ROOT which-builtin-type@1.2.1 OK for: reflect.getprototypeof@1.0.10 want: ^1.2.1
2499 silly fetch manifest is-async-function@^2.0.0
2500 silly packumentCache full:https://registry.npmjs.org/is-async-function cache-miss
2501 silly fetch manifest is-finalizationregistry@^1.1.0
2502 silly packumentCache full:https://registry.npmjs.org/is-finalizationregistry cache-miss
2503 silly fetch manifest is-generator-function@^1.0.10
2504 silly packumentCache full:https://registry.npmjs.org/is-generator-function cache-miss
2505 silly fetch manifest which-boxed-primitive@^1.1.0
2506 silly packumentCache full:https://registry.npmjs.org/which-boxed-primitive cache-miss
2507 silly fetch manifest which-collection@^1.0.2
2508 silly packumentCache full:https://registry.npmjs.org/which-collection cache-miss
2509 http fetch GET 200 https://registry.npmjs.org/is-finalizationregistry 51ms (cache miss)
2510 silly packumentCache full:https://registry.npmjs.org/is-finalizationregistry set size:undefined disposed:false
2511 http fetch GET 200 https://registry.npmjs.org/is-generator-function 57ms (cache miss)
2512 silly packumentCache full:https://registry.npmjs.org/is-generator-function set size:undefined disposed:false
2513 http fetch GET 200 https://registry.npmjs.org/which-boxed-primitive 63ms (cache revalidated)
2514 silly packumentCache full:https://registry.npmjs.org/which-boxed-primitive set size:19407 disposed:false
2515 http fetch GET 200 https://registry.npmjs.org/is-async-function 70ms (cache miss)
2516 silly packumentCache full:https://registry.npmjs.org/is-async-function set size:undefined disposed:false
2517 http fetch GET 200 https://registry.npmjs.org/which-collection 75ms (cache miss)
2518 silly packumentCache full:https://registry.npmjs.org/which-collection set size:undefined disposed:false
2519 silly placeDep ROOT has-bigints@1.1.0 OK for: unbox-primitive@1.1.0 want: ^1.0.2
2520 silly placeDep ROOT which-boxed-primitive@1.1.1 OK for: unbox-primitive@1.1.0 want: ^1.1.1
2521 silly fetch manifest is-bigint@^1.1.0
2522 silly packumentCache full:https://registry.npmjs.org/is-bigint cache-miss
2523 silly fetch manifest is-boolean-object@^1.2.1
2524 silly packumentCache full:https://registry.npmjs.org/is-boolean-object cache-miss
2525 silly fetch manifest is-number-object@^1.1.1
2526 silly packumentCache full:https://registry.npmjs.org/is-number-object cache-miss
2527 http fetch GET 200 https://registry.npmjs.org/is-boolean-object 70ms (cache miss)
2528 silly packumentCache full:https://registry.npmjs.org/is-boolean-object set size:undefined disposed:false
2529 http fetch GET 200 https://registry.npmjs.org/is-number-object 70ms (cache miss)
2530 silly packumentCache full:https://registry.npmjs.org/is-number-object set size:undefined disposed:false
2531 http fetch GET 200 https://registry.npmjs.org/is-bigint 76ms (cache miss)
2532 silly packumentCache full:https://registry.npmjs.org/is-bigint set size:undefined disposed:false
2533 silly placeDep ROOT punycode@2.3.1 OK for: uri-js@4.4.1 want: ^2.1.0
2534 silly placeDep ROOT copy-text-to-clipboard@3.2.2 OK for: vconsole@3.15.1 want: ^3.0.1
2535 silly placeDep ROOT mutation-observer@1.0.3 OK for: vconsole@3.15.1 want: ^1.0.3
2536 silly placeDep ROOT esbuild@0.14.54 OK for: vite@2.9.18 want: ^0.14.27
2537 silly placeDep ROOT fsevents@2.3.3 OK for: vite@2.9.18 want: ~2.3.2
2538 silly placeDep node_modules/vite resolve@1.22.12 OK for: vite@2.9.18 want: ^1.22.0
2539 silly placeDep ROOT rollup@2.77.3 OK for: vite@2.9.18 want: >=2.59.0 <2.78.0
2540 silly fetch manifest esbuild-linux-32@0.14.54
2541 silly packumentCache full:https://registry.npmjs.org/esbuild-linux-32 cache-miss
2542 silly fetch manifest esbuild-linux-64@0.14.54
2543 silly packumentCache full:https://registry.npmjs.org/esbuild-linux-64 cache-miss
2544 silly fetch manifest esbuild-sunos-64@0.14.54
2545 silly packumentCache full:https://registry.npmjs.org/esbuild-sunos-64 cache-miss
2546 silly fetch manifest esbuild-darwin-64@0.14.54
2547 silly packumentCache full:https://registry.npmjs.org/esbuild-darwin-64 cache-miss
2548 silly fetch manifest esbuild-linux-arm@0.14.54
2549 silly packumentCache full:https://registry.npmjs.org/esbuild-linux-arm cache-miss
2550 silly fetch manifest esbuild-netbsd-64@0.14.54
2551 silly packumentCache full:https://registry.npmjs.org/esbuild-netbsd-64 cache-miss
2552 silly fetch manifest esbuild-android-64@0.14.54
2553 silly packumentCache full:https://registry.npmjs.org/esbuild-android-64 cache-miss
2554 silly fetch manifest esbuild-freebsd-64@0.14.54
2555 silly packumentCache full:https://registry.npmjs.org/esbuild-freebsd-64 cache-miss
2556 silly fetch manifest esbuild-openbsd-64@0.14.54
2557 silly packumentCache full:https://registry.npmjs.org/esbuild-openbsd-64 cache-miss
2558 silly fetch manifest esbuild-windows-32@0.14.54
2559 silly packumentCache full:https://registry.npmjs.org/esbuild-windows-32 cache-miss
2560 silly fetch manifest esbuild-windows-64@0.14.54
2561 silly packumentCache full:https://registry.npmjs.org/esbuild-windows-64 cache-miss
2562 silly fetch manifest esbuild-linux-arm64@0.14.54
2563 silly packumentCache full:https://registry.npmjs.org/esbuild-linux-arm64 cache-miss
2564 silly fetch manifest esbuild-linux-s390x@0.14.54
2565 silly packumentCache full:https://registry.npmjs.org/esbuild-linux-s390x cache-miss
2566 silly fetch manifest esbuild-darwin-arm64@0.14.54
2567 silly packumentCache full:https://registry.npmjs.org/esbuild-darwin-arm64 cache-miss
2568 silly fetch manifest esbuild-android-arm64@0.14.54
2569 silly packumentCache full:https://registry.npmjs.org/esbuild-android-arm64 cache-miss
2570 silly fetch manifest esbuild-freebsd-arm64@0.14.54
2571 silly packumentCache full:https://registry.npmjs.org/esbuild-freebsd-arm64 cache-miss
2572 silly fetch manifest esbuild-linux-ppc64le@0.14.54
2573 silly packumentCache full:https://registry.npmjs.org/esbuild-linux-ppc64le cache-miss
2574 silly fetch manifest esbuild-linux-riscv64@0.14.54
2575 silly packumentCache full:https://registry.npmjs.org/esbuild-linux-riscv64 cache-miss
2576 silly fetch manifest esbuild-windows-arm64@0.14.54
2577 silly packumentCache full:https://registry.npmjs.org/esbuild-windows-arm64 cache-miss
2578 http fetch GET 200 https://registry.npmjs.org/esbuild-linux-s390x 63ms (cache miss)
2579 silly packumentCache full:https://registry.npmjs.org/esbuild-linux-s390x set size:undefined disposed:false
2580 silly fetch manifest @esbuild/linux-loong64@0.14.54
2581 silly packumentCache full:https://registry.npmjs.org/@esbuild%2flinux-loong64 cache-miss
2582 http fetch GET 200 https://registry.npmjs.org/esbuild-linux-arm 92ms (cache miss)
2583 silly packumentCache full:https://registry.npmjs.org/esbuild-linux-arm set size:undefined disposed:false
2584 silly fetch manifest esbuild-linux-mips64le@0.14.54
2585 silly packumentCache full:https://registry.npmjs.org/esbuild-linux-mips64le cache-miss
2586 http fetch GET 200 https://registry.npmjs.org/esbuild-sunos-64 97ms (cache miss)
2587 silly packumentCache full:https://registry.npmjs.org/esbuild-sunos-64 set size:undefined disposed:false
2588 http fetch GET 200 https://registry.npmjs.org/esbuild-linux-32 115ms (cache miss)
2589 silly packumentCache full:https://registry.npmjs.org/esbuild-linux-32 set size:undefined disposed:false
2590 http fetch GET 200 https://registry.npmjs.org/esbuild-freebsd-64 143ms (cache miss)
2591 silly packumentCache full:https://registry.npmjs.org/esbuild-freebsd-64 set size:undefined disposed:false
2592 http fetch GET 200 https://registry.npmjs.org/esbuild-android-64 157ms (cache miss)
2593 silly packumentCache full:https://registry.npmjs.org/esbuild-android-64 set size:undefined disposed:false
2594 http fetch GET 200 https://registry.npmjs.org/esbuild-openbsd-64 176ms (cache miss)
2595 silly packumentCache full:https://registry.npmjs.org/esbuild-openbsd-64 set size:undefined disposed:false
2596 http fetch GET 200 https://registry.npmjs.org/esbuild-darwin-64 188ms (cache miss)
2597 silly packumentCache full:https://registry.npmjs.org/esbuild-darwin-64 set size:undefined disposed:false
2598 http fetch GET 200 https://registry.npmjs.org/esbuild-darwin-arm64 223ms (cache miss)
2599 silly packumentCache full:https://registry.npmjs.org/esbuild-darwin-arm64 set size:undefined disposed:false
2600 http fetch GET 200 https://registry.npmjs.org/esbuild-linux-64 256ms (cache miss)
2601 silly packumentCache full:https://registry.npmjs.org/esbuild-linux-64 set size:undefined disposed:false
2602 http fetch GET 200 https://registry.npmjs.org/esbuild-linux-riscv64 281ms (cache miss)
2603 silly packumentCache full:https://registry.npmjs.org/esbuild-linux-riscv64 set size:undefined disposed:false
2604 http fetch GET 200 https://registry.npmjs.org/esbuild-windows-arm64 292ms (cache miss)
2605 silly packumentCache full:https://registry.npmjs.org/esbuild-windows-arm64 set size:undefined disposed:false
2606 http fetch GET 200 https://registry.npmjs.org/@esbuild%2flinux-loong64 230ms (cache miss)
2607 silly packumentCache full:https://registry.npmjs.org/@esbuild%2flinux-loong64 set size:undefined disposed:false
2608 http fetch GET 200 https://registry.npmjs.org/esbuild-netbsd-64 307ms (cache miss)
2609 silly packumentCache full:https://registry.npmjs.org/esbuild-netbsd-64 set size:undefined disposed:false
2610 http fetch GET 200 https://registry.npmjs.org/esbuild-freebsd-arm64 308ms (cache miss)
2611 silly packumentCache full:https://registry.npmjs.org/esbuild-freebsd-arm64 set size:undefined disposed:false
2612 http fetch GET 200 https://registry.npmjs.org/esbuild-linux-arm64 312ms (cache miss)
2613 silly packumentCache full:https://registry.npmjs.org/esbuild-linux-arm64 set size:undefined disposed:false
2614 http fetch GET 200 https://registry.npmjs.org/esbuild-windows-64 316ms (cache miss)
2615 silly packumentCache full:https://registry.npmjs.org/esbuild-windows-64 set size:undefined disposed:false
2616 http fetch GET 200 https://registry.npmjs.org/esbuild-android-arm64 325ms (cache miss)
2617 silly packumentCache full:https://registry.npmjs.org/esbuild-android-arm64 set size:undefined disposed:false
2618 http fetch GET 200 https://registry.npmjs.org/esbuild-linux-ppc64le 328ms (cache miss)
2619 silly packumentCache full:https://registry.npmjs.org/esbuild-linux-ppc64le set size:undefined disposed:false
2620 http fetch GET 200 https://registry.npmjs.org/esbuild-windows-32 337ms (cache miss)
2621 silly packumentCache full:https://registry.npmjs.org/esbuild-windows-32 set size:undefined disposed:false
2622 http fetch GET 200 https://registry.npmjs.org/esbuild-linux-mips64le 248ms (cache miss)
2623 silly packumentCache full:https://registry.npmjs.org/esbuild-linux-mips64le set size:undefined disposed:false
2624 silly placeDep ROOT @esbuild/linux-loong64@0.14.54 OK for: esbuild@0.14.54 want: 0.14.54
2625 silly placeDep ROOT esbuild-android-64@0.14.54 OK for: esbuild@0.14.54 want: 0.14.54
2626 silly placeDep ROOT esbuild-android-arm64@0.14.54 OK for: esbuild@0.14.54 want: 0.14.54
2627 silly placeDep ROOT esbuild-darwin-64@0.14.54 OK for: esbuild@0.14.54 want: 0.14.54
2628 silly placeDep ROOT esbuild-darwin-arm64@0.14.54 OK for: esbuild@0.14.54 want: 0.14.54
2629 silly placeDep ROOT esbuild-freebsd-64@0.14.54 OK for: esbuild@0.14.54 want: 0.14.54
2630 silly placeDep ROOT esbuild-freebsd-arm64@0.14.54 OK for: esbuild@0.14.54 want: 0.14.54
2631 silly placeDep ROOT esbuild-linux-32@0.14.54 OK for: esbuild@0.14.54 want: 0.14.54
2632 silly placeDep ROOT esbuild-linux-64@0.14.54 OK for: esbuild@0.14.54 want: 0.14.54
2633 silly placeDep ROOT esbuild-linux-arm@0.14.54 OK for: esbuild@0.14.54 want: 0.14.54
2634 silly placeDep ROOT esbuild-linux-arm64@0.14.54 OK for: esbuild@0.14.54 want: 0.14.54
2635 silly placeDep ROOT esbuild-linux-mips64le@0.14.54 OK for: esbuild@0.14.54 want: 0.14.54
2636 silly placeDep ROOT esbuild-linux-ppc64le@0.14.54 OK for: esbuild@0.14.54 want: 0.14.54
2637 silly placeDep ROOT esbuild-linux-riscv64@0.14.54 OK for: esbuild@0.14.54 want: 0.14.54
2638 silly placeDep ROOT esbuild-linux-s390x@0.14.54 OK for: esbuild@0.14.54 want: 0.14.54
2639 silly placeDep ROOT esbuild-netbsd-64@0.14.54 OK for: esbuild@0.14.54 want: 0.14.54
2640 silly placeDep ROOT esbuild-openbsd-64@0.14.54 OK for: esbuild@0.14.54 want: 0.14.54
2641 silly placeDep ROOT esbuild-sunos-64@0.14.54 OK for: esbuild@0.14.54 want: 0.14.54
2642 silly placeDep ROOT esbuild-windows-32@0.14.54 OK for: esbuild@0.14.54 want: 0.14.54
2643 silly placeDep ROOT esbuild-windows-64@0.14.54 OK for: esbuild@0.14.54 want: 0.14.54
2644 silly placeDep ROOT esbuild-windows-arm64@0.14.54 OK for: esbuild@0.14.54 want: 0.14.54
2645 silly placeDep node_modules/vite-plugin-components magic-string@0.25.9 OK for: vite-plugin-components@0.13.3 want: ^0.25.7
2646 silly placeDep ROOT @types/eslint@8.56.12 OK for: vite-plugin-eslint@1.8.1 want: ^8.4.5
2647 silly placeDep ROOT @babel/core@7.29.7 OK for: vite-plugin-importer@0.2.5 want: ^7.12.17
2648 silly placeDep ROOT @babel/plugin-syntax-import-meta@7.10.4 OK for: vite-plugin-importer@0.2.5 want: ^7.10.4
2649 silly placeDep ROOT babel-plugin-import@1.13.8 OK for: vite-plugin-importer@0.2.5 want: ^1.13.3
2650 silly fetch manifest json5@^2.2.3
2651 silly packumentCache full:https://registry.npmjs.org/json5 cache-miss
2652 silly fetch manifest gensync@^1.0.0-beta.2
2653 silly packumentCache full:https://registry.npmjs.org/gensync cache-miss
2654 silly fetch manifest @babel/helpers@^7.29.7
2655 silly packumentCache full:https://registry.npmjs.org/@babel%2fhelpers cache-miss
2656 silly fetch manifest @babel/template@^7.29.7
2657 silly packumentCache full:https://registry.npmjs.org/@babel%2ftemplate cache-miss
2658 silly fetch manifest @babel/traverse@^7.29.7
2659 silly packumentCache full:https://registry.npmjs.org/@babel%2ftraverse cache-miss
2660 silly fetch manifest @babel/generator@^7.29.7
2661 silly packumentCache full:https://registry.npmjs.org/@babel%2fgenerator cache-miss
2662 silly fetch manifest @babel/code-frame@^7.29.7
2663 silly packumentCache full:https://registry.npmjs.org/@babel%2fcode-frame cache-miss
2664 silly fetch manifest convert-source-map@^2.0.0
2665 silly packumentCache full:https://registry.npmjs.org/convert-source-map cache-miss
2666 silly fetch manifest @jridgewell/remapping@^2.3.5
2667 silly packumentCache full:https://registry.npmjs.org/@jridgewell%2fremapping cache-miss
2668 silly fetch manifest @babel/helper-module-transforms@^7.29.7
2669 silly packumentCache full:https://registry.npmjs.org/@babel%2fhelper-module-transforms cache-miss
2670 silly fetch manifest @babel/helper-compilation-targets@^7.29.7
2671 silly packumentCache full:https://registry.npmjs.org/@babel%2fhelper-compilation-targets cache-miss
2672 silly fetch manifest @babel/helper-plugin-utils@^7.10.4
2673 silly packumentCache full:https://registry.npmjs.org/@babel%2fhelper-plugin-utils cache-miss
2674 silly fetch manifest @babel/helper-module-imports@^7.0.0
2675 silly packumentCache full:https://registry.npmjs.org/@babel%2fhelper-module-imports cache-miss
2676 http fetch GET 200 https://registry.npmjs.org/gensync 54ms (cache miss)
2677 silly packumentCache full:https://registry.npmjs.org/gensync set size:undefined disposed:false
2678 http fetch GET 200 https://registry.npmjs.org/convert-source-map 57ms (cache miss)
2679 silly packumentCache full:https://registry.npmjs.org/convert-source-map set size:undefined disposed:false
2680 http fetch GET 200 https://registry.npmjs.org/@babel%2fhelper-module-imports 64ms (cache miss)
2681 silly packumentCache full:https://registry.npmjs.org/@babel%2fhelper-module-imports set size:undefined disposed:false
2682 http fetch GET 200 https://registry.npmjs.org/@babel%2fhelper-plugin-utils 74ms (cache miss)
2683 silly packumentCache full:https://registry.npmjs.org/@babel%2fhelper-plugin-utils set size:undefined disposed:false
2684 http fetch GET 200 https://registry.npmjs.org/@babel%2fhelpers 83ms (cache miss)
2685 silly packumentCache full:https://registry.npmjs.org/@babel%2fhelpers set size:undefined disposed:false
2686 http fetch GET 200 https://registry.npmjs.org/@babel%2fcode-frame 90ms (cache revalidated)
2687 silly packumentCache full:https://registry.npmjs.org/@babel%2fcode-frame set size:206617 disposed:false
2688 http fetch GET 200 https://registry.npmjs.org/json5 98ms (cache revalidated)
2689 silly packumentCache full:https://registry.npmjs.org/json5 set size:86136 disposed:false
2690 http fetch GET 200 https://registry.npmjs.org/@jridgewell%2fremapping 97ms (cache miss)
2691 silly packumentCache full:https://registry.npmjs.org/@jridgewell%2fremapping set size:undefined disposed:false
2692 http fetch GET 200 https://registry.npmjs.org/@babel%2ftemplate 102ms (cache miss)
2693 silly packumentCache full:https://registry.npmjs.org/@babel%2ftemplate set size:undefined disposed:false
2694 http fetch GET 200 https://registry.npmjs.org/@babel%2fhelper-module-transforms 102ms (cache miss)
2695 silly packumentCache full:https://registry.npmjs.org/@babel%2fhelper-module-transforms set size:undefined disposed:false
2696 http fetch GET 200 https://registry.npmjs.org/@babel%2fhelper-compilation-targets 110ms (cache miss)
2697 silly packumentCache full:https://registry.npmjs.org/@babel%2fhelper-compilation-targets set size:undefined disposed:false
2698 http fetch GET 200 https://registry.npmjs.org/@babel%2ftraverse 117ms (cache miss)
2699 silly packumentCache full:https://registry.npmjs.org/@babel%2ftraverse set size:undefined disposed:false
2700 http fetch GET 200 https://registry.npmjs.org/@babel%2fgenerator 121ms (cache miss)
2701 silly packumentCache full:https://registry.npmjs.org/@babel%2fgenerator set size:undefined disposed:false
2702 silly placeDep node_modules/@babel/core @babel/code-frame@7.29.7 OK for: @babel/core@7.29.7 want: ^7.29.7
2703 silly placeDep ROOT @babel/generator@7.29.7 OK for: @babel/core@7.29.7 want: ^7.29.7
2704 silly placeDep ROOT @babel/helper-compilation-targets@7.29.7 OK for: @babel/core@7.29.7 want: ^7.29.7
2705 silly placeDep ROOT @babel/helper-module-transforms@7.29.7 OK for: @babel/core@7.29.7 want: ^7.29.7
2706 silly placeDep ROOT @babel/helpers@7.29.7 OK for: @babel/core@7.29.7 want: ^7.29.7
2707 silly placeDep ROOT @babel/template@7.29.7 OK for: @babel/core@7.29.7 want: ^7.29.7
2708 silly placeDep ROOT @babel/traverse@7.29.7 OK for: @babel/core@7.29.7 want: ^7.29.7
2709 silly placeDep ROOT @jridgewell/remapping@2.3.5 OK for: @babel/core@7.29.7 want: ^2.3.5
2710 silly placeDep ROOT convert-source-map@2.0.0 OK for: @babel/core@7.29.7 want: ^2.0.0
2711 silly placeDep ROOT gensync@1.0.0-beta.2 OK for: @babel/core@7.29.7 want: ^1.0.0-beta.2
2712 silly placeDep node_modules/@babel/core json5@2.2.3 OK for: @babel/core@7.29.7 want: ^2.2.3
2713 silly placeDep node_modules/@babel/core semver@6.3.1 OK for: @babel/core@7.29.7 want: ^6.3.1
2714 silly fetch manifest jsesc@^3.0.2
2715 silly packumentCache full:https://registry.npmjs.org/jsesc cache-miss
2716 silly fetch manifest @jridgewell/gen-mapping@^0.3.12
2717 silly packumentCache full:https://registry.npmjs.org/@jridgewell%2fgen-mapping cache-miss
2718 silly fetch manifest @jridgewell/trace-mapping@^0.3.28
2719 silly packumentCache full:https://registry.npmjs.org/@jridgewell%2ftrace-mapping cache-miss
2720 silly fetch manifest lru-cache@^5.1.1
2721 silly packumentCache full:https://registry.npmjs.org/lru-cache cache-miss
2722 silly fetch manifest browserslist@^4.24.0
2723 silly packumentCache full:https://registry.npmjs.org/browserslist cache-miss
2724 silly fetch manifest @babel/compat-data@^7.29.7
2725 silly packumentCache full:https://registry.npmjs.org/@babel%2fcompat-data cache-miss
2726 silly fetch manifest @babel/helper-validator-option@^7.29.7
2727 silly packumentCache full:https://registry.npmjs.org/@babel%2fhelper-validator-option cache-miss
2728 silly fetch manifest @babel/helper-module-imports@^7.29.7
2729 silly packumentCache full:https://registry.npmjs.org/@babel%2fhelper-module-imports cache-miss
2730 silly fetch manifest @babel/helper-globals@^7.29.7
2731 silly packumentCache full:https://registry.npmjs.org/@babel%2fhelper-globals cache-miss
2732 silly fetch manifest @jridgewell/gen-mapping@^0.3.5
2733 silly packumentCache full:https://registry.npmjs.org/@jridgewell%2fgen-mapping cache-miss
2734 silly fetch manifest @jridgewell/trace-mapping@^0.3.24
2735 silly packumentCache full:https://registry.npmjs.org/@jridgewell%2ftrace-mapping cache-miss
2736 http fetch GET 200 https://registry.npmjs.org/@babel%2fhelper-globals 52ms (cache miss)
2737 silly packumentCache full:https://registry.npmjs.org/@babel%2fhelper-globals set size:undefined disposed:false
2738 http fetch GET 200 https://registry.npmjs.org/lru-cache 60ms (cache revalidated)
2739 silly packumentCache full:https://registry.npmjs.org/lru-cache set size:460407 disposed:false
2740 http fetch GET 200 https://registry.npmjs.org/@babel%2fhelper-module-imports 75ms (cache revalidated)
2741 silly packumentCache full:https://registry.npmjs.org/@babel%2fhelper-module-imports set size:203392 disposed:false
2742 http fetch GET 200 https://registry.npmjs.org/@babel%2fhelper-validator-option 91ms (cache miss)
2743 silly packumentCache full:https://registry.npmjs.org/@babel%2fhelper-validator-option set size:undefined disposed:false
2744 http fetch GET 200 https://registry.npmjs.org/jsesc 95ms (cache miss)
2745 silly packumentCache full:https://registry.npmjs.org/jsesc set size:undefined disposed:false
2746 http fetch GET 200 https://registry.npmjs.org/@babel%2fcompat-data 97ms (cache miss)
2747 silly packumentCache full:https://registry.npmjs.org/@babel%2fcompat-data set size:undefined disposed:false
2748 http fetch GET 200 https://registry.npmjs.org/@jridgewell%2fgen-mapping 104ms (cache miss)
2749 silly packumentCache full:https://registry.npmjs.org/@jridgewell%2fgen-mapping set size:undefined disposed:false
2750 http fetch GET 200 https://registry.npmjs.org/@jridgewell%2fgen-mapping 107ms (cache miss)
2751 silly packumentCache full:https://registry.npmjs.org/@jridgewell%2fgen-mapping set size:undefined disposed:false
2752 http fetch GET 200 https://registry.npmjs.org/@jridgewell%2ftrace-mapping 109ms (cache miss)
2753 silly packumentCache full:https://registry.npmjs.org/@jridgewell%2ftrace-mapping set size:undefined disposed:false
2754 http fetch GET 200 https://registry.npmjs.org/@jridgewell%2ftrace-mapping 115ms (cache miss)
2755 silly packumentCache full:https://registry.npmjs.org/@jridgewell%2ftrace-mapping set size:undefined disposed:false
2756 http fetch GET 200 https://registry.npmjs.org/browserslist 119ms (cache miss)
2757 silly packumentCache full:https://registry.npmjs.org/browserslist set size:undefined disposed:false
2758 silly placeDep ROOT @jridgewell/gen-mapping@0.3.13 OK for: @babel/generator@7.29.7 want: ^0.3.12
2759 silly placeDep ROOT @jridgewell/trace-mapping@0.3.31 OK for: @babel/generator@7.29.7 want: ^0.3.28
2760 silly placeDep ROOT jsesc@3.1.0 OK for: @babel/generator@7.29.7 want: ^3.0.2
2761 silly fetch manifest @jridgewell/sourcemap-codec@^1.5.0
2762 silly packumentCache full:https://registry.npmjs.org/@jridgewell%2fsourcemap-codec cache-miss
2763 silly fetch manifest @jridgewell/resolve-uri@^3.1.0
2764 silly packumentCache full:https://registry.npmjs.org/@jridgewell%2fresolve-uri cache-miss
2765 silly fetch manifest @jridgewell/sourcemap-codec@^1.4.14
2766 silly packumentCache full:https://registry.npmjs.org/@jridgewell%2fsourcemap-codec cache-miss
2767 http fetch GET 200 https://registry.npmjs.org/@jridgewell%2fresolve-uri 70ms (cache miss)
2768 silly packumentCache full:https://registry.npmjs.org/@jridgewell%2fresolve-uri set size:undefined disposed:false
2769 http fetch GET 200 https://registry.npmjs.org/@jridgewell%2fsourcemap-codec 73ms (cache revalidated)
2770 silly packumentCache full:https://registry.npmjs.org/@jridgewell%2fsourcemap-codec set size:51856 disposed:false
2771 http fetch GET 200 https://registry.npmjs.org/@jridgewell%2fsourcemap-codec 76ms (cache revalidated)
2772 silly packumentCache full:https://registry.npmjs.org/@jridgewell%2fsourcemap-codec set size:51856 disposed:false
2773 silly packumentCache full:https://registry.npmjs.org/@jridgewell%2fsourcemap-codec dispose
2774 silly placeDep ROOT @babel/compat-data@7.29.7 OK for: @babel/helper-compilation-targets@7.29.7 want: ^7.29.7
2775 silly placeDep ROOT @babel/helper-validator-option@7.29.7 OK for: @babel/helper-compilation-targets@7.29.7 want: ^7.29.7
2776 silly placeDep ROOT browserslist@4.28.7 OK for: @babel/helper-compilation-targets@7.29.7 want: ^4.24.0
2777 silly placeDep node_modules/@babel/helper-compilation-targets lru-cache@5.1.1 OK for: @babel/helper-compilation-targets@7.29.7 want: ^5.1.1
2778 silly placeDep node_modules/@babel/helper-compilation-targets semver@6.3.1 OK for: @babel/helper-compilation-targets@7.29.7 want: ^6.3.1
2779 silly fetch manifest caniuse-lite@^1.0.30001806
2780 silly packumentCache full:https://registry.npmjs.org/caniuse-lite cache-miss
2781 silly fetch manifest node-releases@^2.0.51
2782 silly packumentCache full:https://registry.npmjs.org/node-releases cache-miss
2783 silly fetch manifest electron-to-chromium@^1.5.393
2784 silly packumentCache full:https://registry.npmjs.org/electron-to-chromium cache-miss
2785 silly fetch manifest update-browserslist-db@^1.2.3
2786 silly packumentCache full:https://registry.npmjs.org/update-browserslist-db cache-miss
2787 silly fetch manifest baseline-browser-mapping@^2.10.44
2788 silly packumentCache full:https://registry.npmjs.org/baseline-browser-mapping cache-miss
2789 silly fetch manifest yallist@^3.0.2
2790 silly packumentCache full:https://registry.npmjs.org/yallist cache-miss
2791 http fetch GET 200 https://registry.npmjs.org/yallist 54ms (cache revalidated)
2792 silly packumentCache full:https://registry.npmjs.org/yallist set size:34610 disposed:false
2793 http fetch GET 200 https://registry.npmjs.org/update-browserslist-db 62ms (cache miss)
2794 silly packumentCache full:https://registry.npmjs.org/update-browserslist-db set size:undefined disposed:false
2795 http fetch GET 200 https://registry.npmjs.org/node-releases 73ms (cache miss)
2796 silly packumentCache full:https://registry.npmjs.org/node-releases set size:undefined disposed:false
2797 http fetch GET 200 https://registry.npmjs.org/baseline-browser-mapping 75ms (cache miss)
2798 silly packumentCache full:https://registry.npmjs.org/baseline-browser-mapping set size:undefined disposed:false
2799 http fetch GET 200 https://registry.npmjs.org/caniuse-lite 152ms (cache miss)
2800 silly packumentCache full:https://registry.npmjs.org/caniuse-lite set size:undefined disposed:false
2801 http fetch GET 200 https://registry.npmjs.org/electron-to-chromium 221ms (cache miss)
2802 silly packumentCache full:https://registry.npmjs.org/electron-to-chromium set size:undefined disposed:false
2803 silly placeDep ROOT @babel/helper-module-imports@7.29.7 OK for: @babel/helper-module-transforms@7.29.7 want: ^7.29.7
2804 silly placeDep ROOT @babel/helper-plugin-utils@7.29.7 OK for: @babel/plugin-syntax-import-meta@7.10.4 want: ^7.10.4
2805 silly placeDep node_modules/@babel/template @babel/code-frame@7.29.7 OK for: @babel/template@7.29.7 want: ^7.29.7
2806 silly placeDep node_modules/@babel/traverse @babel/code-frame@7.29.7 OK for: @babel/traverse@7.29.7 want: ^7.29.7
2807 silly placeDep ROOT @babel/helper-globals@7.29.7 OK for: @babel/traverse@7.29.7 want: ^7.29.7
2808 silly placeDep ROOT @jridgewell/sourcemap-codec@1.5.5 OK for: @jridgewell/gen-mapping@0.3.13 want: ^1.5.0
2809 silly placeDep ROOT @jridgewell/resolve-uri@3.1.2 OK for: @jridgewell/trace-mapping@0.3.31 want: ^3.1.0
2810 silly placeDep ROOT baseline-browser-mapping@2.11.1 OK for: browserslist@4.28.7 want: ^2.10.44
2811 silly placeDep ROOT caniuse-lite@1.0.30001806 OK for: browserslist@4.28.7 want: ^1.0.30001806
2812 silly placeDep ROOT electron-to-chromium@1.5.395 OK for: browserslist@4.28.7 want: ^1.5.393
2813 silly placeDep ROOT node-releases@2.0.51 OK for: browserslist@4.28.7 want: ^2.0.51
2814 silly placeDep ROOT update-browserslist-db@1.2.3 OK for: browserslist@4.28.7 want: ^1.2.3
2815 silly fetch manifest escalade@^3.2.0
2816 silly packumentCache full:https://registry.npmjs.org/escalade cache-miss
2817 http fetch GET 200 https://registry.npmjs.org/escalade 48ms (cache miss)
2818 silly packumentCache full:https://registry.npmjs.org/escalade set size:undefined disposed:false
2819 silly placeDep ROOT escalade@3.2.0 OK for: update-browserslist-db@1.2.3 want: ^3.2.0
2820 silly placeDep ROOT fs-extra@10.1.0 OK for: vite-plugin-optimize-persist@0.1.2 want: ^10.0.0
2821 silly fetch manifest jsonfile@^6.0.1
2822 silly packumentCache full:https://registry.npmjs.org/jsonfile cache-miss
2823 silly fetch manifest graceful-fs@^4.2.0
2824 silly packumentCache full:https://registry.npmjs.org/graceful-fs cache-miss
2825 silly fetch manifest universalify@^2.0.0
2826 silly packumentCache full:https://registry.npmjs.org/universalify cache-miss
2827 http fetch GET 200 https://registry.npmjs.org/universalify 50ms (cache miss)
2828 silly packumentCache full:https://registry.npmjs.org/universalify set size:undefined disposed:false
2829 http fetch GET 200 https://registry.npmjs.org/graceful-fs 56ms (cache miss)
2830 silly packumentCache full:https://registry.npmjs.org/graceful-fs set size:undefined disposed:false
2831 http fetch GET 200 https://registry.npmjs.org/jsonfile 62ms (cache miss)
2832 silly packumentCache full:https://registry.npmjs.org/jsonfile set size:undefined disposed:false
2833 silly placeDep ROOT graceful-fs@4.2.11 OK for: fs-extra@10.1.0 want: ^4.2.0
2834 silly placeDep ROOT jsonfile@6.2.1 OK for: fs-extra@10.1.0 want: ^6.0.1
2835 silly placeDep ROOT universalify@2.0.1 OK for: fs-extra@10.1.0 want: ^2.0.0
2836 silly placeDep ROOT change-case@4.1.2 OK for: vite-plugin-style-import@1.4.1 want: ^4.1.2
2837 silly placeDep ROOT es-module-lexer@0.9.3 OK for: vite-plugin-style-import@1.4.1 want: ^0.9.3
2838 silly placeDep node_modules/vite-plugin-style-import magic-string@0.25.9 OK for: vite-plugin-style-import@1.4.1 want: ^0.25.7
2839 silly fetch manifest tslib@^2.0.3
2840 silly packumentCache full:https://registry.npmjs.org/tslib cache-miss
2841 silly fetch manifest no-case@^3.0.4
2842 silly packumentCache full:https://registry.npmjs.org/no-case cache-miss
2843 silly fetch manifest dot-case@^3.0.4
2844 silly packumentCache full:https://registry.npmjs.org/dot-case cache-miss
2845 silly fetch manifest path-case@^3.0.4
2846 silly packumentCache full:https://registry.npmjs.org/path-case cache-miss
2847 silly fetch manifest camel-case@^4.1.2
2848 silly packumentCache full:https://registry.npmjs.org/camel-case cache-miss
2849 silly fetch manifest param-case@^3.0.4
2850 silly packumentCache full:https://registry.npmjs.org/param-case cache-miss
2851 silly fetch manifest snake-case@^3.0.4
2852 silly packumentCache full:https://registry.npmjs.org/snake-case cache-miss
2853 silly fetch manifest header-case@^2.0.4
2854 silly packumentCache full:https://registry.npmjs.org/header-case cache-miss
2855 silly fetch manifest pascal-case@^3.1.2
2856 silly packumentCache full:https://registry.npmjs.org/pascal-case cache-miss
2857 silly fetch manifest capital-case@^1.0.4
2858 silly packumentCache full:https://registry.npmjs.org/capital-case cache-miss
2859 silly fetch manifest constant-case@^3.0.4
2860 silly packumentCache full:https://registry.npmjs.org/constant-case cache-miss
2861 silly fetch manifest sentence-case@^3.0.4
2862 silly packumentCache full:https://registry.npmjs.org/sentence-case cache-miss
2863 http fetch GET 200 https://registry.npmjs.org/tslib 81ms (cache revalidated)
2864 silly packumentCache full:https://registry.npmjs.org/tslib set size:108843 disposed:false
2865 http fetch GET 200 https://registry.npmjs.org/camel-case 96ms (cache miss)
2866 silly packumentCache full:https://registry.npmjs.org/camel-case set size:undefined disposed:false
2867 http fetch GET 200 https://registry.npmjs.org/pascal-case 97ms (cache miss)
2868 silly packumentCache full:https://registry.npmjs.org/pascal-case set size:undefined disposed:false
2869 http fetch GET 200 https://registry.npmjs.org/sentence-case 98ms (cache miss)
2870 silly packumentCache full:https://registry.npmjs.org/sentence-case set size:undefined disposed:false
2871 http fetch GET 200 https://registry.npmjs.org/param-case 102ms (cache miss)
2872 silly packumentCache full:https://registry.npmjs.org/param-case set size:undefined disposed:false
2873 http fetch GET 200 https://registry.npmjs.org/snake-case 103ms (cache miss)
2874 silly packumentCache full:https://registry.npmjs.org/snake-case set size:undefined disposed:false
2875 http fetch GET 200 https://registry.npmjs.org/header-case 105ms (cache miss)
2876 silly packumentCache full:https://registry.npmjs.org/header-case set size:undefined disposed:false
2877 http fetch GET 200 https://registry.npmjs.org/capital-case 111ms (cache miss)
2878 silly packumentCache full:https://registry.npmjs.org/capital-case set size:undefined disposed:false
2879 http fetch GET 200 https://registry.npmjs.org/constant-case 112ms (cache miss)
2880 silly packumentCache full:https://registry.npmjs.org/constant-case set size:undefined disposed:false
2881 http fetch GET 200 https://registry.npmjs.org/dot-case 115ms (cache miss)
2882 silly packumentCache full:https://registry.npmjs.org/dot-case set size:undefined disposed:false
2883 http fetch GET 200 https://registry.npmjs.org/no-case 117ms (cache miss)
2884 silly packumentCache full:https://registry.npmjs.org/no-case set size:undefined disposed:false
2885 http fetch GET 200 https://registry.npmjs.org/path-case 117ms (cache miss)
2886 silly packumentCache full:https://registry.npmjs.org/path-case set size:undefined disposed:false
2887 silly placeDep ROOT camel-case@4.1.2 OK for: change-case@4.1.2 want: ^4.1.2
2888 silly placeDep ROOT capital-case@1.0.4 OK for: change-case@4.1.2 want: ^1.0.4
2889 silly placeDep ROOT constant-case@3.0.4 OK for: change-case@4.1.2 want: ^3.0.4
2890 silly placeDep ROOT dot-case@3.0.4 OK for: change-case@4.1.2 want: ^3.0.4
2891 silly placeDep ROOT header-case@2.0.4 OK for: change-case@4.1.2 want: ^2.0.4
2892 silly placeDep ROOT no-case@3.0.4 OK for: change-case@4.1.2 want: ^3.0.4
2893 silly placeDep ROOT param-case@3.0.4 OK for: change-case@4.1.2 want: ^3.0.4
2894 silly placeDep ROOT pascal-case@3.1.2 OK for: change-case@4.1.2 want: ^3.1.2
2895 silly placeDep ROOT path-case@3.0.4 OK for: change-case@4.1.2 want: ^3.0.4
2896 silly placeDep ROOT sentence-case@3.0.4 OK for: change-case@4.1.2 want: ^3.0.4
2897 silly placeDep ROOT snake-case@3.0.4 OK for: change-case@4.1.2 want: ^3.0.4
2898 silly placeDep node_modules/change-case tslib@2.8.1 OK for: change-case@4.1.2 want: ^2.0.3
2899 silly fetch manifest upper-case-first@^2.0.2
2900 silly packumentCache full:https://registry.npmjs.org/upper-case-first cache-miss
2901 silly fetch manifest upper-case@^2.0.2
2902 silly packumentCache full:https://registry.npmjs.org/upper-case cache-miss
2903 silly fetch manifest lower-case@^2.0.2
2904 silly packumentCache full:https://registry.npmjs.org/lower-case cache-miss
2905 silly fetch manifest upper-case-first@^2.0.2
2906 silly packumentCache full:https://registry.npmjs.org/upper-case-first cache-miss
2907 http fetch GET 200 https://registry.npmjs.org/upper-case-first 53ms (cache miss)
2908 silly packumentCache full:https://registry.npmjs.org/upper-case-first set size:undefined disposed:false
2909 http fetch GET 200 https://registry.npmjs.org/lower-case 56ms (cache miss)
2910 silly packumentCache full:https://registry.npmjs.org/lower-case set size:undefined disposed:false
2911 http fetch GET 200 https://registry.npmjs.org/upper-case-first 59ms (cache miss)
2912 silly packumentCache full:https://registry.npmjs.org/upper-case-first set size:undefined disposed:false
2913 http fetch GET 200 https://registry.npmjs.org/upper-case 64ms (cache miss)
2914 silly packumentCache full:https://registry.npmjs.org/upper-case set size:undefined disposed:false
2915 silly placeDep node_modules/camel-case tslib@2.8.1 OK for: camel-case@4.1.2 want: ^2.0.3
2916 silly placeDep node_modules/capital-case tslib@2.8.1 OK for: capital-case@1.0.4 want: ^2.0.3
2917 silly placeDep ROOT upper-case-first@2.0.2 OK for: capital-case@1.0.4 want: ^2.0.2
2918 silly placeDep node_modules/constant-case tslib@2.8.1 OK for: constant-case@3.0.4 want: ^2.0.3
2919 silly placeDep ROOT upper-case@2.0.2 OK for: constant-case@3.0.4 want: ^2.0.2
2920 silly placeDep node_modules/dot-case tslib@2.8.1 OK for: dot-case@3.0.4 want: ^2.0.3
2921 silly placeDep node_modules/header-case tslib@2.8.1 OK for: header-case@2.0.4 want: ^2.0.3
2922 silly placeDep ROOT lower-case@2.0.2 OK for: no-case@3.0.4 want: ^2.0.2
2923 silly placeDep node_modules/no-case tslib@2.8.1 OK for: no-case@3.0.4 want: ^2.0.3
2924 silly placeDep node_modules/lower-case tslib@2.8.1 OK for: lower-case@2.0.2 want: ^2.0.3
2925 silly placeDep node_modules/param-case tslib@2.8.1 OK for: param-case@3.0.4 want: ^2.0.3
2926 silly placeDep node_modules/pascal-case tslib@2.8.1 OK for: pascal-case@3.1.2 want: ^2.0.3
2927 silly placeDep node_modules/path-case tslib@2.8.1 OK for: path-case@3.0.4 want: ^2.0.3
2928 silly placeDep node_modules/sentence-case tslib@2.8.1 OK for: sentence-case@3.0.4 want: ^2.0.3
2929 silly placeDep node_modules/snake-case tslib@2.8.1 OK for: snake-case@3.0.4 want: ^2.0.3
2930 silly placeDep node_modules/upper-case tslib@2.8.1 OK for: upper-case@2.0.2 want: ^2.0.3
2931 silly placeDep node_modules/upper-case-first tslib@2.8.1 OK for: upper-case-first@2.0.2 want: ^2.0.3
2932 silly placeDep ROOT @types/svgo@2.6.4 OK for: vite-plugin-svg-icons@1.1.0 want: ^2.6.0
2933 silly placeDep ROOT cors@2.8.6 OK for: vite-plugin-svg-icons@1.1.0 want: ^2.8.5
2934 silly placeDep ROOT etag@1.8.1 OK for: vite-plugin-svg-icons@1.1.0 want: ^1.8.1
2935 silly placeDep ROOT svg-baker@1.7.0 OK for: vite-plugin-svg-icons@1.1.0 want: 1.7.0
2936 silly placeDep ROOT svgo@2.8.3 OK for: vite-plugin-svg-icons@1.1.0 want: ^2.8.0
2937 silly fetch manifest object-assign@^4
2938 silly packumentCache full:https://registry.npmjs.org/object-assign cache-miss
2939 silly fetch manifest vary@^1
2940 silly packumentCache full:https://registry.npmjs.org/vary cache-miss
2941 silly fetch manifest bluebird@^3.5.0
2942 silly packumentCache full:https://registry.npmjs.org/bluebird cache-miss
2943 silly fetch manifest clone@^2.1.1
2944 silly packumentCache full:https://registry.npmjs.org/clone cache-miss
2945 silly fetch manifest he@^1.1.1
2946 silly packumentCache full:https://registry.npmjs.org/he cache-miss
2947 silly fetch manifest image-size@^0.5.1
2948 silly packumentCache full:https://registry.npmjs.org/image-size cache-miss
2949 silly fetch manifest loader-utils@^1.1.0
2950 silly packumentCache full:https://registry.npmjs.org/loader-utils cache-miss
2951 silly fetch manifest merge-options@1.0.1
2952 silly packumentCache full:https://registry.npmjs.org/merge-options cache-miss
2953 silly fetch manifest micromatch@3.1.0
2954 silly packumentCache full:https://registry.npmjs.org/micromatch cache-miss
2955 silly fetch manifest postcss@^5.2.17
2956 silly packumentCache full:https://registry.npmjs.org/postcss cache-hit
2957 silly fetch manifest postcss-prefix-selector@^1.6.0
2958 silly packumentCache full:https://registry.npmjs.org/postcss-prefix-selector cache-miss
2959 silly fetch manifest posthtml-rename-id@^1.0
2960 silly packumentCache full:https://registry.npmjs.org/posthtml-rename-id cache-miss
2961 silly fetch manifest posthtml-svg-mode@^1.0.3
2962 silly packumentCache full:https://registry.npmjs.org/posthtml-svg-mode cache-miss
2963 silly fetch manifest query-string@^4.3.2
2964 silly packumentCache full:https://registry.npmjs.org/query-string cache-miss
2965 silly fetch manifest traverse@^0.6.6
2966 silly packumentCache full:https://registry.npmjs.org/traverse cache-miss
2967 silly fetch manifest commander@^7.2.0
2968 silly packumentCache full:https://registry.npmjs.org/commander cache-miss
2969 silly fetch manifest css-select@^4.1.3
2970 silly packumentCache full:https://registry.npmjs.org/css-select cache-miss
2971 silly fetch manifest css-tree@^1.1.3
2972 silly packumentCache full:https://registry.npmjs.org/css-tree cache-miss
2973 silly fetch manifest csso@^4.2.0
2974 silly packumentCache full:https://registry.npmjs.org/csso cache-miss
2975 silly fetch manifest sax@^1.5.0
2976 silly packumentCache full:https://registry.npmjs.org/sax cache-miss
2977 http fetch GET 200 https://registry.npmjs.org/vary 59ms (cache miss)
2978 silly packumentCache full:https://registry.npmjs.org/vary set size:undefined disposed:false
2979 silly fetch manifest stable@^0.1.8
2980 silly packumentCache full:https://registry.npmjs.org/stable cache-miss
2981 http fetch GET 200 https://registry.npmjs.org/object-assign 101ms (cache miss)
2982 silly packumentCache full:https://registry.npmjs.org/object-assign set size:undefined disposed:false
2983 http fetch GET 200 https://registry.npmjs.org/clone 104ms (cache miss)
2984 silly packumentCache full:https://registry.npmjs.org/clone set size:undefined disposed:false
2985 http fetch GET 200 https://registry.npmjs.org/he 107ms (cache miss)
2986 silly packumentCache full:https://registry.npmjs.org/he set size:undefined disposed:false
2987 http fetch GET 200 https://registry.npmjs.org/merge-options 110ms (cache miss)
2988 silly packumentCache full:https://registry.npmjs.org/merge-options set size:undefined disposed:false
2989 http fetch GET 200 https://registry.npmjs.org/posthtml-rename-id 115ms (cache miss)
2990 silly packumentCache full:https://registry.npmjs.org/posthtml-rename-id set size:undefined disposed:false
2991 http fetch GET 200 https://registry.npmjs.org/traverse 116ms (cache miss)
2992 silly packumentCache full:https://registry.npmjs.org/traverse set size:undefined disposed:false
2993 http fetch GET 200 https://registry.npmjs.org/postcss-prefix-selector 127ms (cache miss)
2994 silly packumentCache full:https://registry.npmjs.org/postcss-prefix-selector set size:undefined disposed:false
2995 http fetch GET 200 https://registry.npmjs.org/posthtml-svg-mode 130ms (cache miss)
2996 silly packumentCache full:https://registry.npmjs.org/posthtml-svg-mode set size:undefined disposed:false
2997 http fetch GET 200 https://registry.npmjs.org/loader-utils 137ms (cache miss)
2998 silly packumentCache full:https://registry.npmjs.org/loader-utils set size:undefined disposed:false
2999 http fetch GET 200 https://registry.npmjs.org/query-string 141ms (cache revalidated)
3000 silly packumentCache full:https://registry.npmjs.org/query-string set size:222154 disposed:false
3001 http fetch GET 200 https://registry.npmjs.org/css-select 145ms (cache miss)
3002 silly packumentCache full:https://registry.npmjs.org/css-select set size:undefined disposed:false
3003 http fetch GET 200 https://registry.npmjs.org/micromatch 152ms (cache revalidated)
3004 silly packumentCache full:https://registry.npmjs.org/micromatch set size:240630 disposed:false
3005 http fetch GET 200 https://registry.npmjs.org/stable 101ms (cache miss)
3006 silly packumentCache full:https://registry.npmjs.org/stable set size:undefined disposed:false
3007 http fetch GET 200 https://registry.npmjs.org/sax 157ms (cache miss)
3008 silly packumentCache full:https://registry.npmjs.org/sax set size:undefined disposed:false
3009 http fetch GET 200 https://registry.npmjs.org/css-tree 164ms (cache miss)
3010 silly packumentCache full:https://registry.npmjs.org/css-tree set size:undefined disposed:false
3011 http fetch GET 200 https://registry.npmjs.org/commander 170ms (cache miss)
3012 silly packumentCache full:https://registry.npmjs.org/commander set size:undefined disposed:false
3013 http fetch GET 200 https://registry.npmjs.org/csso 175ms (cache miss)
3014 silly packumentCache full:https://registry.npmjs.org/csso set size:undefined disposed:false
3015 http fetch GET 200 https://registry.npmjs.org/bluebird 185ms (cache miss)
3016 silly packumentCache full:https://registry.npmjs.org/bluebird set size:undefined disposed:false
3017 http fetch GET 200 https://registry.npmjs.org/image-size 216ms (cache miss)
3018 silly packumentCache full:https://registry.npmjs.org/image-size set size:undefined disposed:false
3019 silly placeDep ROOT object-assign@4.1.1 OK for: cors@2.8.6 want: ^4
3020 silly placeDep ROOT vary@1.1.2 OK for: cors@2.8.6 want: ^1
3021 silly placeDep ROOT bluebird@3.7.2 OK for: svg-baker@1.7.0 want: ^3.5.0
3022 silly placeDep ROOT clone@2.1.2 OK for: svg-baker@1.7.0 want: ^2.1.1
3023 silly placeDep ROOT he@1.2.0 OK for: svg-baker@1.7.0 want: ^1.1.1
3024 silly placeDep ROOT image-size@0.5.5 OK for: svg-baker@1.7.0 want: ^0.5.1
3025 silly placeDep ROOT loader-utils@1.4.2 OK for: svg-baker@1.7.0 want: ^1.1.0
3026 silly placeDep ROOT merge-options@1.0.1 OK for: svg-baker@1.7.0 want: 1.0.1
3027 silly placeDep node_modules/svg-baker micromatch@3.1.0 OK for: svg-baker@1.7.0 want: 3.1.0
3028 silly placeDep node_modules/svg-baker postcss@5.2.18 OK for: svg-baker@1.7.0 want: ^5.2.17
3029 silly placeDep ROOT postcss-prefix-selector@1.16.1 OK for: svg-baker@1.7.0 want: ^1.6.0
3030 silly placeDep ROOT posthtml-rename-id@1.0.12 OK for: svg-baker@1.7.0 want: ^1.0
3031 silly placeDep ROOT posthtml-svg-mode@1.0.3 OK for: svg-baker@1.7.0 want: ^1.0.3
3032 silly placeDep node_modules/svg-baker query-string@4.3.4 OK for: svg-baker@1.7.0 want: ^4.3.2
3033 silly placeDep ROOT traverse@0.6.11 OK for: svg-baker@1.7.0 want: ^0.6.6
3034 silly fetch manifest big.js@^5.2.2
3035 silly packumentCache full:https://registry.npmjs.org/big.js cache-miss
3036 silly fetch manifest emojis-list@^3.0.0
3037 silly packumentCache full:https://registry.npmjs.org/emojis-list cache-miss
3038 silly fetch manifest is-plain-obj@^1.1
3039 silly packumentCache full:https://registry.npmjs.org/is-plain-obj cache-miss
3040 silly fetch manifest braces@^2.2.2
3041 silly packumentCache full:https://registry.npmjs.org/braces cache-miss
3042 silly fetch manifest extglob@^2.0.2
3043 silly packumentCache full:https://registry.npmjs.org/extglob cache-miss
3044 silly fetch manifest kind-of@^5.0.2
3045 silly packumentCache full:https://registry.npmjs.org/kind-of cache-miss
3046 silly fetch manifest arr-diff@^4.0.0
3047 silly packumentCache full:https://registry.npmjs.org/arr-diff cache-miss
3048 silly fetch manifest to-regex@^3.0.1
3049 silly packumentCache full:https://registry.npmjs.org/to-regex cache-miss
3050 silly fetch manifest nanomatch@^1.2.1
3051 silly packumentCache full:https://registry.npmjs.org/nanomatch cache-miss
3052 silly fetch manifest regex-not@^1.0.0
3053 silly packumentCache full:https://registry.npmjs.org/regex-not cache-miss
3054 silly fetch manifest snapdragon@^0.8.1
3055 silly packumentCache full:https://registry.npmjs.org/snapdragon cache-miss
3056 silly fetch manifest object.pick@^1.3.0
3057 silly packumentCache full:https://registry.npmjs.org/object.pick cache-miss
3058 silly fetch manifest array-unique@^0.3.2
3059 silly packumentCache full:https://registry.npmjs.org/array-unique cache-miss
3060 silly fetch manifest extend-shallow@^2.0.1
3061 silly packumentCache full:https://registry.npmjs.org/extend-shallow cache-miss
3062 silly fetch manifest fragment-cache@^0.2.1
3063 silly packumentCache full:https://registry.npmjs.org/fragment-cache cache-miss
3064 silly fetch manifest define-property@^1.0.0
3065 silly packumentCache full:https://registry.npmjs.org/define-property cache-miss
3066 silly fetch manifest chalk@^1.1.3
3067 silly packumentCache full:https://registry.npmjs.org/chalk cache-hit
3068 silly fetch manifest js-base64@^2.1.9
3069 silly packumentCache full:https://registry.npmjs.org/js-base64 cache-miss
3070 silly fetch manifest source-map@^0.5.6
3071 silly packumentCache full:https://registry.npmjs.org/source-map cache-miss
3072 silly fetch manifest supports-color@^3.2.3
3073 silly packumentCache full:https://registry.npmjs.org/supports-color cache-hit
3074 silly fetch manifest escape-string-regexp@1.0.5
3075 silly packumentCache full:https://registry.npmjs.org/escape-string-regexp cache-hit
3076 silly fetch manifest posthtml@^0.9.2
3077 silly packumentCache full:https://registry.npmjs.org/posthtml cache-miss
3078 http fetch GET 200 https://registry.npmjs.org/object.pick 54ms (cache miss)
3079 silly packumentCache full:https://registry.npmjs.org/object.pick set size:undefined disposed:false
3080 silly fetch manifest posthtml-parser@^0.2.1
3081 silly packumentCache full:https://registry.npmjs.org/posthtml-parser cache-miss
3082 http fetch GET 200 https://registry.npmjs.org/big.js 60ms (cache miss)
3083 silly packumentCache full:https://registry.npmjs.org/big.js set size:undefined disposed:false
3084 silly fetch manifest posthtml-render@^1.0.6
3085 silly packumentCache full:https://registry.npmjs.org/posthtml-render cache-miss
3086 http fetch GET 200 https://registry.npmjs.org/array-unique 75ms (cache miss)
3087 silly packumentCache full:https://registry.npmjs.org/array-unique set size:undefined disposed:false
3088 silly fetch manifest strict-uri-encode@^1.0.0
3089 silly packumentCache full:https://registry.npmjs.org/strict-uri-encode cache-miss
3090 http fetch GET 200 https://registry.npmjs.org/define-property 78ms (cache miss)
3091 silly packumentCache full:https://registry.npmjs.org/define-property set size:undefined disposed:false
3092 silly fetch manifest typedarray.prototype.slice@^1.0.5
3093 silly packumentCache full:https://registry.npmjs.org/typedarray.prototype.slice cache-miss
3094 http fetch GET 200 https://registry.npmjs.org/fragment-cache 80ms (cache miss)
3095 silly packumentCache full:https://registry.npmjs.org/fragment-cache set size:undefined disposed:false
3096 http fetch GET 200 https://registry.npmjs.org/extend-shallow 81ms (cache miss)
3097 silly packumentCache full:https://registry.npmjs.org/extend-shallow set size:undefined disposed:false
3098 http fetch GET 200 https://registry.npmjs.org/arr-diff 85ms (cache miss)
3099 silly packumentCache full:https://registry.npmjs.org/arr-diff set size:undefined disposed:false
3100 http fetch GET 200 https://registry.npmjs.org/emojis-list 87ms (cache miss)
3101 silly packumentCache full:https://registry.npmjs.org/emojis-list set size:undefined disposed:false
3102 http fetch GET 200 https://registry.npmjs.org/is-plain-obj 88ms (cache miss)
3103 silly packumentCache full:https://registry.npmjs.org/is-plain-obj set size:undefined disposed:false
3104 http fetch GET 200 https://registry.npmjs.org/kind-of 88ms (cache miss)
3105 silly packumentCache full:https://registry.npmjs.org/kind-of set size:undefined disposed:false
3106 http fetch GET 200 https://registry.npmjs.org/to-regex 88ms (cache miss)
3107 silly packumentCache full:https://registry.npmjs.org/to-regex set size:undefined disposed:false
3108 http fetch GET 200 https://registry.npmjs.org/snapdragon 88ms (cache miss)
3109 silly packumentCache full:https://registry.npmjs.org/snapdragon set size:undefined disposed:false
3110 http fetch GET 200 https://registry.npmjs.org/nanomatch 90ms (cache miss)
3111 silly packumentCache full:https://registry.npmjs.org/nanomatch set size:undefined disposed:false
3112 http fetch GET 200 https://registry.npmjs.org/extglob 93ms (cache miss)
3113 silly packumentCache full:https://registry.npmjs.org/extglob set size:undefined disposed:false
3114 http fetch GET 200 https://registry.npmjs.org/regex-not 95ms (cache miss)
3115 silly packumentCache full:https://registry.npmjs.org/regex-not set size:undefined disposed:false
3116 http fetch GET 200 https://registry.npmjs.org/source-map 102ms (cache miss)
3117 silly packumentCache full:https://registry.npmjs.org/source-map set size:undefined disposed:false
3118 http fetch GET 200 https://registry.npmjs.org/braces 112ms (cache revalidated)
3119 silly packumentCache full:https://registry.npmjs.org/braces set size:114529 disposed:false
3120 http fetch GET 200 https://registry.npmjs.org/js-base64 122ms (cache miss)
3121 silly packumentCache full:https://registry.npmjs.org/js-base64 set size:undefined disposed:false
3122 http fetch GET 200 https://registry.npmjs.org/posthtml-parser 71ms (cache miss)
3123 silly packumentCache full:https://registry.npmjs.org/posthtml-parser set size:undefined disposed:false
3124 http fetch GET 200 https://registry.npmjs.org/posthtml-render 71ms (cache miss)
3125 silly packumentCache full:https://registry.npmjs.org/posthtml-render set size:undefined disposed:false
3126 http fetch GET 200 https://registry.npmjs.org/typedarray.prototype.slice 55ms (cache miss)
3127 silly packumentCache full:https://registry.npmjs.org/typedarray.prototype.slice set size:undefined disposed:false
3128 http fetch GET 200 https://registry.npmjs.org/strict-uri-encode 82ms (cache revalidated)
3129 silly packumentCache full:https://registry.npmjs.org/strict-uri-encode set size:8716 disposed:false
3130 http fetch GET 200 https://registry.npmjs.org/posthtml 257ms (cache miss)
3131 silly packumentCache full:https://registry.npmjs.org/posthtml set size:undefined disposed:false
3132 silly placeDep ROOT big.js@5.2.2 OK for: loader-utils@1.4.2 want: ^5.2.2
3133 silly placeDep ROOT emojis-list@3.0.0 OK for: loader-utils@1.4.2 want: ^3.0.0
3134 silly placeDep ROOT is-plain-obj@1.1.0 OK for: merge-options@1.0.1 want: ^1.1
3135 silly placeDep node_modules/posthtml-rename-id escape-string-regexp@1.0.5 OK for: posthtml-rename-id@1.0.12 want: 1.0.5
3136 silly placeDep ROOT posthtml@0.9.2 OK for: posthtml-svg-mode@1.0.3 want: ^0.9.2
3137 silly placeDep ROOT posthtml-parser@0.2.1 OK for: posthtml-svg-mode@1.0.3 want: ^0.2.1
3138 silly placeDep ROOT posthtml-render@1.4.0 OK for: posthtml-svg-mode@1.0.3 want: ^1.0.6
3139 silly fetch manifest posthtml-parser@^0.2.0
3140 silly packumentCache full:https://registry.npmjs.org/posthtml-parser cache-miss
3141 silly fetch manifest posthtml-render@^1.0.5
3142 silly packumentCache full:https://registry.npmjs.org/posthtml-render cache-miss
3143 silly fetch manifest isobject@^2.1.0
3144 silly packumentCache full:https://registry.npmjs.org/isobject cache-miss
3145 silly fetch manifest htmlparser2@^3.8.3
3146 silly packumentCache full:https://registry.npmjs.org/htmlparser2 cache-miss
3147 http fetch GET 200 https://registry.npmjs.org/isobject 49ms (cache miss)
3148 silly packumentCache full:https://registry.npmjs.org/isobject set size:undefined disposed:false
3149 http fetch GET 200 https://registry.npmjs.org/posthtml-render 54ms (cache revalidated)
3150 silly packumentCache full:https://registry.npmjs.org/posthtml-render set size:78551 disposed:false
3151 http fetch GET 200 https://registry.npmjs.org/posthtml-parser 57ms (cache revalidated)
3152 silly packumentCache full:https://registry.npmjs.org/posthtml-parser set size:102161 disposed:false
3153 http fetch GET 200 https://registry.npmjs.org/htmlparser2 66ms (cache miss)
3154 silly packumentCache full:https://registry.npmjs.org/htmlparser2 set size:undefined disposed:false
3155 silly placeDep ROOT htmlparser2@3.10.1 OK for: posthtml-parser@0.2.1 want: ^3.8.3
3156 silly placeDep ROOT isobject@2.1.0 OK for: posthtml-parser@0.2.1 want: ^2.1.0
3157 silly fetch manifest domutils@^1.5.1
3158 silly packumentCache full:https://registry.npmjs.org/domutils cache-miss
3159 silly fetch manifest entities@^1.1.1
3160 silly packumentCache full:https://registry.npmjs.org/entities cache-miss
3161 silly fetch manifest domhandler@^2.3.0
3162 silly packumentCache full:https://registry.npmjs.org/domhandler cache-miss
3163 silly fetch manifest domelementtype@^1.3.1
3164 silly packumentCache full:https://registry.npmjs.org/domelementtype cache-miss
3165 silly fetch manifest isarray@1.0.0
3166 silly packumentCache full:https://registry.npmjs.org/isarray cache-miss
3167 http fetch GET 200 https://registry.npmjs.org/entities 50ms (cache revalidated)
3168 silly packumentCache full:https://registry.npmjs.org/entities set size:101550 disposed:false
3169 http fetch GET 200 https://registry.npmjs.org/isarray 54ms (cache revalidated)
3170 silly packumentCache full:https://registry.npmjs.org/isarray set size:17392 disposed:false
3171 http fetch GET 200 https://registry.npmjs.org/domelementtype 57ms (cache miss)
3172 silly packumentCache full:https://registry.npmjs.org/domelementtype set size:undefined disposed:false
3173 http fetch GET 200 https://registry.npmjs.org/domhandler 66ms (cache miss)
3174 silly packumentCache full:https://registry.npmjs.org/domhandler set size:undefined disposed:false
3175 http fetch GET 200 https://registry.npmjs.org/domutils 67ms (cache miss)
3176 silly packumentCache full:https://registry.npmjs.org/domutils set size:undefined disposed:false
3177 silly placeDep ROOT domelementtype@1.3.1 OK for: htmlparser2@3.10.1 want: ^1.3.1
3178 silly placeDep ROOT domhandler@2.4.2 OK for: htmlparser2@3.10.1 want: ^2.3.0
3179 silly placeDep ROOT domutils@1.7.0 OK for: htmlparser2@3.10.1 want: ^1.5.1
3180 silly placeDep node_modules/htmlparser2 entities@1.1.2 OK for: htmlparser2@3.10.1 want: ^1.1.1
3181 silly fetch manifest dom-serializer@0
3182 silly packumentCache full:https://registry.npmjs.org/dom-serializer cache-miss
3183 http fetch GET 200 https://registry.npmjs.org/dom-serializer 48ms (cache miss)
3184 silly packumentCache full:https://registry.npmjs.org/dom-serializer set size:undefined disposed:false
3185 silly placeDep ROOT dom-serializer@0.2.2 OK for: domutils@1.7.0 want: 0
3186 silly fetch manifest entities@^2.0.0
3187 silly packumentCache full:https://registry.npmjs.org/entities cache-hit
3188 silly fetch manifest domelementtype@^2.0.1
3189 silly packumentCache full:https://registry.npmjs.org/domelementtype cache-miss
3190 http fetch GET 200 https://registry.npmjs.org/domelementtype 47ms (cache revalidated)
3191 silly packumentCache full:https://registry.npmjs.org/domelementtype set size:33363 disposed:false
3192 silly placeDep node_modules/dom-serializer domelementtype@2.3.0 OK for: dom-serializer@0.2.2 want: ^2.0.1
3193 silly placeDep node_modules/dom-serializer entities@2.2.0 OK for: dom-serializer@0.2.2 want: ^2.0.0
3194 silly placeDep node_modules/isobject isarray@1.0.0 OK for: isobject@2.1.0 want: 1.0.0
3195 silly placeDep ROOT commander@7.2.0 OK for: svgo@2.8.3 want: ^7.2.0
3196 silly placeDep ROOT css-select@4.3.0 OK for: svgo@2.8.3 want: ^4.1.3
3197 silly placeDep ROOT css-tree@1.1.3 OK for: svgo@2.8.3 want: ^1.1.3
3198 silly placeDep ROOT csso@4.2.0 OK for: svgo@2.8.3 want: ^4.2.0
3199 silly placeDep ROOT sax@1.6.0 OK for: svgo@2.8.3 want: ^1.5.0
3200 silly placeDep ROOT stable@0.1.8 OK for: svgo@2.8.3 want: ^0.1.8
3201 silly fetch manifest boolbase@^1.0.0
3202 silly packumentCache full:https://registry.npmjs.org/boolbase cache-miss
3203 silly fetch manifest css-what@^6.0.1
3204 silly packumentCache full:https://registry.npmjs.org/css-what cache-miss
3205 silly fetch manifest domutils@^2.8.0
3206 silly packumentCache full:https://registry.npmjs.org/domutils cache-miss
3207 silly fetch manifest nth-check@^2.0.1
3208 silly packumentCache full:https://registry.npmjs.org/nth-check cache-miss
3209 silly fetch manifest domhandler@^4.3.1
3210 silly packumentCache full:https://registry.npmjs.org/domhandler cache-miss
3211 silly fetch manifest mdn-data@2.0.14
3212 silly packumentCache full:https://registry.npmjs.org/mdn-data cache-miss
3213 silly fetch manifest source-map@^0.6.1
3214 silly packumentCache full:https://registry.npmjs.org/source-map cache-miss
3215 http fetch GET 200 https://registry.npmjs.org/domutils 56ms (cache revalidated)
3216 silly packumentCache full:https://registry.npmjs.org/domutils set size:110068 disposed:false
3217 http fetch GET 200 https://registry.npmjs.org/nth-check 64ms (cache miss)
3218 silly packumentCache full:https://registry.npmjs.org/nth-check set size:undefined disposed:false
3219 http fetch GET 200 https://registry.npmjs.org/source-map 69ms (cache revalidated)
3220 silly packumentCache full:https://registry.npmjs.org/source-map set size:231637 disposed:false
3221 http fetch GET 200 https://registry.npmjs.org/domhandler 72ms (cache revalidated)
3222 silly packumentCache full:https://registry.npmjs.org/domhandler set size:78187 disposed:false
3223 http fetch GET 200 https://registry.npmjs.org/boolbase 76ms (cache miss)
3224 silly packumentCache full:https://registry.npmjs.org/boolbase set size:undefined disposed:false
3225 http fetch GET 200 https://registry.npmjs.org/css-what 79ms (cache miss)
3226 silly packumentCache full:https://registry.npmjs.org/css-what set size:undefined disposed:false
3227 http fetch GET 200 https://registry.npmjs.org/mdn-data 82ms (cache miss)
3228 silly packumentCache full:https://registry.npmjs.org/mdn-data set size:undefined disposed:false
3229 silly placeDep ROOT boolbase@1.0.0 OK for: css-select@4.3.0 want: ^1.0.0
3230 silly placeDep ROOT css-what@6.2.2 OK for: css-select@4.3.0 want: ^6.0.1
3231 silly placeDep node_modules/css-select domhandler@4.3.1 OK for: css-select@4.3.0 want: ^4.3.1
3232 silly placeDep node_modules/css-select domutils@2.8.0 OK for: css-select@4.3.0 want: ^2.8.0
3233 silly placeDep ROOT nth-check@2.1.1 OK for: css-select@4.3.0 want: ^2.0.1
3234 silly fetch manifest domelementtype@^2.2.0
3235 silly packumentCache full:https://registry.npmjs.org/domelementtype cache-hit
3236 silly fetch manifest dom-serializer@^1.0.1
3237 silly packumentCache full:https://registry.npmjs.org/dom-serializer cache-miss
3238 silly fetch manifest domelementtype@^2.2.0
3239 silly packumentCache full:https://registry.npmjs.org/domelementtype cache-hit
3240 http fetch GET 200 https://registry.npmjs.org/dom-serializer 52ms (cache revalidated)
3241 silly packumentCache full:https://registry.npmjs.org/dom-serializer set size:61296 disposed:false
3242 silly placeDep ROOT mdn-data@2.0.14 OK for: css-tree@1.1.3 want: 2.0.14
3243 silly placeDep ROOT source-map@0.6.1 OK for: css-tree@1.1.3 want: ^0.6.1
3244 silly placeDep ROOT typedarray.prototype.slice@1.0.5 OK for: traverse@0.6.11 want: ^1.0.5
3245 silly placeDep ROOT @vue/runtime-dom@3.5.40 OK for: vue@3.5.40 want: 3.5.40
3246 silly placeDep ROOT @vue/server-renderer@3.5.40 OK for: vue@3.5.40 want: 3.5.40
3247 silly fetch manifest csstype@^3.2.3
3248 silly packumentCache full:https://registry.npmjs.org/csstype cache-miss
3249 silly fetch manifest @vue/reactivity@3.5.40
3250 silly packumentCache full:https://registry.npmjs.org/@vue%2freactivity cache-miss
3251 silly fetch manifest @vue/runtime-core@3.5.40
3252 silly packumentCache full:https://registry.npmjs.org/@vue%2fruntime-core cache-miss
3253 http fetch GET 200 https://registry.npmjs.org/csstype 62ms (cache miss)
3254 silly packumentCache full:https://registry.npmjs.org/csstype set size:undefined disposed:false
3255 http fetch GET 200 https://registry.npmjs.org/@vue%2freactivity 103ms (cache miss)
3256 silly packumentCache full:https://registry.npmjs.org/@vue%2freactivity set size:undefined disposed:false
3257 http fetch GET 200 https://registry.npmjs.org/@vue%2fruntime-core 125ms (cache miss)
3258 silly packumentCache full:https://registry.npmjs.org/@vue%2fruntime-core set size:undefined disposed:false
3259 silly placeDep ROOT @vue/reactivity@3.5.40 OK for: @vue/runtime-dom@3.5.40 want: 3.5.40
3260 silly placeDep ROOT @vue/runtime-core@3.5.40 OK for: @vue/runtime-dom@3.5.40 want: 3.5.40
3261 silly placeDep ROOT csstype@3.2.3 OK for: @vue/runtime-dom@3.5.40 want: ^3.2.3
3262 silly placeDep node_modules/vue-eslint-parser eslint-visitor-keys@1.3.0 OK for: vue-eslint-parser@7.11.0 want: ^1.1.0
3263 silly placeDep node_modules/vue-eslint-parser espree@6.2.1 OK for: vue-eslint-parser@7.11.0 want: ^6.2.1
3264 silly placeDep node_modules/vue-eslint-parser semver@6.3.1 OK for: vue-eslint-parser@7.11.0 want: ^6.3.0
3265 silly placeDep ROOT @intlify/core-base@9.14.5 OK for: vue-i18n@9.14.5 want: 9.14.5
3266 silly placeDep ROOT @intlify/shared@9.14.5 OK for: vue-i18n@9.14.5 want: 9.14.5
3267 silly placeDep ROOT @vue/devtools-api@6.6.4 OK for: vue-i18n@9.14.5 want: ^6.5.0
3268 silly fetch manifest @intlify/message-compiler@9.14.5
3269 silly packumentCache full:https://registry.npmjs.org/@intlify%2fmessage-compiler cache-miss
3270 http fetch GET 200 https://registry.npmjs.org/@intlify%2fmessage-compiler 106ms (cache miss)
3271 silly packumentCache full:https://registry.npmjs.org/@intlify%2fmessage-compiler set size:undefined disposed:false
3272 silly placeDep ROOT @intlify/message-compiler@9.14.5 OK for: @intlify/core-base@9.14.5 want: 9.14.5
3273 silly placeDep ROOT unzipper@0.10.11 OK for: vue-tsc@0.0.24 want: 0.10.11
3274 silly fetch manifest binary@~0.3.0
3275 silly packumentCache full:https://registry.npmjs.org/binary cache-miss
3276 silly fetch manifest fstream@^1.0.12
3277 silly packumentCache full:https://registry.npmjs.org/fstream cache-miss
3278 silly fetch manifest bluebird@~3.4.1
3279 silly packumentCache full:https://registry.npmjs.org/bluebird cache-miss
3280 silly fetch manifest duplexer2@~0.1.4
3281 silly packumentCache full:https://registry.npmjs.org/duplexer2 cache-miss
3282 silly fetch manifest big-integer@^1.6.17
3283 silly packumentCache full:https://registry.npmjs.org/big-integer cache-miss
3284 silly fetch manifest setimmediate@~1.0.4
3285 silly packumentCache full:https://registry.npmjs.org/setimmediate cache-miss
3286 silly fetch manifest listenercount@~1.0.1
3287 silly packumentCache full:https://registry.npmjs.org/listenercount cache-miss
3288 silly fetch manifest readable-stream@~2.3.6
3289 silly packumentCache full:https://registry.npmjs.org/readable-stream cache-hit
3290 silly fetch manifest buffer-indexof-polyfill@~1.0.0
3291 silly packumentCache full:https://registry.npmjs.org/buffer-indexof-polyfill cache-miss
3292 http fetch GET 200 https://registry.npmjs.org/bluebird 55ms (cache revalidated)
3293 silly packumentCache full:https://registry.npmjs.org/bluebird set size:490988 disposed:false
3294 http fetch GET 200 https://registry.npmjs.org/duplexer2 60ms (cache miss)
3295 silly packumentCache full:https://registry.npmjs.org/duplexer2 set size:undefined disposed:false
3296 http fetch GET 200 https://registry.npmjs.org/setimmediate 62ms (cache miss)
3297 silly packumentCache full:https://registry.npmjs.org/setimmediate set size:undefined disposed:false
3298 http fetch GET 200 https://registry.npmjs.org/listenercount 64ms (cache miss)
3299 silly packumentCache full:https://registry.npmjs.org/listenercount set size:undefined disposed:false
3300 http fetch GET 200 https://registry.npmjs.org/buffer-indexof-polyfill 65ms (cache miss)
3301 silly packumentCache full:https://registry.npmjs.org/buffer-indexof-polyfill set size:undefined disposed:false
3302 http fetch GET 200 https://registry.npmjs.org/fstream 67ms (cache miss)
3303 silly packumentCache full:https://registry.npmjs.org/fstream set size:undefined disposed:false
3304 http fetch GET 200 https://registry.npmjs.org/binary 69ms (cache miss)
3305 silly packumentCache full:https://registry.npmjs.org/binary set size:undefined disposed:false
3306 http fetch GET 200 https://registry.npmjs.org/big-integer 75ms (cache miss)
3307 silly packumentCache full:https://registry.npmjs.org/big-integer set size:undefined disposed:false
3308 silly placeDep ROOT big-integer@1.6.52 OK for: unzipper@0.10.11 want: ^1.6.17
3309 silly placeDep ROOT binary@0.3.0 OK for: unzipper@0.10.11 want: ~0.3.0
3310 silly placeDep node_modules/unzipper bluebird@3.4.7 OK for: unzipper@0.10.11 want: ~3.4.1
3311 silly placeDep ROOT buffer-indexof-polyfill@1.0.2 OK for: unzipper@0.10.11 want: ~1.0.0
3312 silly placeDep ROOT duplexer2@0.1.4 OK for: unzipper@0.10.11 want: ~0.1.4
3313 silly placeDep ROOT fstream@1.0.12 OK for: unzipper@0.10.11 want: ^1.0.12
3314 silly placeDep ROOT listenercount@1.0.1 OK for: unzipper@0.10.11 want: ~1.0.1
3315 silly placeDep node_modules/unzipper readable-stream@2.3.8 OK for: unzipper@0.10.11 want: ~2.3.6
3316 silly placeDep ROOT setimmediate@1.0.5 OK for: unzipper@0.10.11 want: ~1.0.4
3317 silly fetch manifest chainsaw@~0.1.0
3318 silly packumentCache full:https://registry.npmjs.org/chainsaw cache-miss
3319 silly fetch manifest buffers@~0.1.1
3320 silly packumentCache full:https://registry.npmjs.org/buffers cache-miss
3321 silly fetch manifest readable-stream@^2.0.2
3322 silly packumentCache full:https://registry.npmjs.org/readable-stream cache-hit
3323 silly fetch manifest mkdirp@>=0.5 0
3324 silly packumentCache full:https://registry.npmjs.org/mkdirp cache-miss
3325 silly fetch manifest rimraf@2
3326 silly packumentCache full:https://registry.npmjs.org/rimraf cache-miss
3327 silly fetch manifest isarray@~1.0.0
3328 silly packumentCache full:https://registry.npmjs.org/isarray cache-hit
3329 silly fetch manifest safe-buffer@~5.1.1
3330 silly packumentCache full:https://registry.npmjs.org/safe-buffer cache-miss
3331 silly fetch manifest core-util-is@~1.0.0
3332 silly packumentCache full:https://registry.npmjs.org/core-util-is cache-miss
3333 silly fetch manifest string_decoder@~1.1.1
3334 silly packumentCache full:https://registry.npmjs.org/string_decoder cache-miss
3335 http fetch GET 200 https://registry.npmjs.org/core-util-is 50ms (cache miss)
3336 silly packumentCache full:https://registry.npmjs.org/core-util-is set size:undefined disposed:false
3337 http fetch GET 200 https://registry.npmjs.org/rimraf 52ms (cache revalidated)
3338 silly packumentCache full:https://registry.npmjs.org/rimraf set size:212626 disposed:false
3339 http fetch GET 200 https://registry.npmjs.org/buffers 57ms (cache miss)
3340 silly packumentCache full:https://registry.npmjs.org/buffers set size:undefined disposed:false
3341 http fetch GET 200 https://registry.npmjs.org/safe-buffer 68ms (cache revalidated)
3342 silly packumentCache full:https://registry.npmjs.org/safe-buffer set size:41183 disposed:false
3343 http fetch GET 200 https://registry.npmjs.org/chainsaw 71ms (cache miss)
3344 silly packumentCache full:https://registry.npmjs.org/chainsaw set size:undefined disposed:false
3345 http fetch GET 200 https://registry.npmjs.org/mkdirp 71ms (cache miss)
3346 silly packumentCache full:https://registry.npmjs.org/mkdirp set size:undefined disposed:false
3347 http fetch GET 200 https://registry.npmjs.org/string_decoder 84ms (cache revalidated)
3348 silly packumentCache full:https://registry.npmjs.org/string_decoder set size:28441 disposed:false
3349 silly placeDep ROOT buffers@0.1.1 OK for: binary@0.3.0 want: ~0.1.1
3350 silly placeDep ROOT chainsaw@0.1.0 OK for: binary@0.3.0 want: ~0.1.0
3351 silly fetch manifest traverse@>=0.3.0 <0.4
3352 silly packumentCache full:https://registry.npmjs.org/traverse cache-miss
3353 http fetch GET 200 https://registry.npmjs.org/traverse 51ms (cache revalidated)
3354 silly packumentCache full:https://registry.npmjs.org/traverse set size:58393 disposed:false
3355 silly placeDep node_modules/chainsaw traverse@0.3.9 OK for: chainsaw@0.1.0 want: >=0.3.0 <0.4
3356 silly placeDep node_modules/duplexer2 readable-stream@2.3.8 OK for: duplexer2@0.1.4 want: ^2.0.2
3357 silly placeDep ROOT mkdirp@0.5.6 OK for: fstream@1.0.12 want: >=0.5 0
3358 silly placeDep node_modules/fstream rimraf@2.7.1 OK for: fstream@1.0.12 want: 2
3359 silly placeDep ROOT is-plain-object@3.0.1 OK for: vue-types@3.0.2 want: 3.0.1
3360 silly placeDep ROOT loose-envify@1.4.0 OK for: warning@4.0.3 want: ^1.0.0
3361 silly placeDep ROOT sdp@3.2.2 OK for: webrtc-adapter@8.2.0 want: ^3.0.2
3362 silly placeDep ROOT isexe@2.0.0 OK for: which@2.0.2 want: ^2.0.0
3363 silly placeDep ROOT is-bigint@1.1.0 OK for: which-boxed-primitive@1.1.1 want: ^1.1.0
3364 silly placeDep ROOT is-boolean-object@1.2.2 OK for: which-boxed-primitive@1.1.1 want: ^1.2.1
3365 silly placeDep ROOT is-number-object@1.1.1 OK for: which-boxed-primitive@1.1.1 want: ^1.1.1
3366 silly placeDep ROOT is-async-function@2.1.1 OK for: which-builtin-type@1.2.1 want: ^2.0.0
3367 silly placeDep ROOT is-finalizationregistry@1.1.1 OK for: which-builtin-type@1.2.1 want: ^1.1.0
3368 silly placeDep ROOT is-generator-function@1.1.2 OK for: which-builtin-type@1.2.1 want: ^1.0.10
3369 silly placeDep ROOT which-collection@1.0.2 OK for: which-builtin-type@1.2.1 want: ^1.0.2
3370 silly fetch manifest async-function@^1.0.0
3371 silly packumentCache full:https://registry.npmjs.org/async-function cache-miss
3372 silly fetch manifest generator-function@^2.0.0
3373 silly packumentCache full:https://registry.npmjs.org/generator-function cache-miss
3374 silly fetch manifest is-map@^2.0.3
3375 silly packumentCache full:https://registry.npmjs.org/is-map cache-miss
3376 silly fetch manifest is-weakmap@^2.0.2
3377 silly packumentCache full:https://registry.npmjs.org/is-weakmap cache-miss
3378 silly fetch manifest is-weakset@^2.0.3
3379 silly packumentCache full:https://registry.npmjs.org/is-weakset cache-miss
3380 http fetch GET 200 https://registry.npmjs.org/generator-function 62ms (cache miss)
3381 silly packumentCache full:https://registry.npmjs.org/generator-function set size:undefined disposed:false
3382 http fetch GET 200 https://registry.npmjs.org/is-map 68ms (cache miss)
3383 silly packumentCache full:https://registry.npmjs.org/is-map set size:undefined disposed:false
3384 http fetch GET 200 https://registry.npmjs.org/is-weakset 68ms (cache miss)
3385 silly packumentCache full:https://registry.npmjs.org/is-weakset set size:undefined disposed:false
3386 http fetch GET 200 https://registry.npmjs.org/async-function 74ms (cache miss)
3387 silly packumentCache full:https://registry.npmjs.org/async-function set size:undefined disposed:false
3388 http fetch GET 200 https://registry.npmjs.org/is-weakmap 76ms (cache miss)
3389 silly packumentCache full:https://registry.npmjs.org/is-weakmap set size:undefined disposed:false
3390 silly placeDep ROOT async-function@1.0.0 OK for: is-async-function@2.1.1 want: ^1.0.0
3391 silly placeDep ROOT generator-function@2.0.1 OK for: is-generator-function@1.1.2 want: ^2.0.0
3392 silly placeDep ROOT is-map@2.0.3 OK for: which-collection@1.0.2 want: ^2.0.3
3393 silly placeDep ROOT is-weakmap@2.0.2 OK for: which-collection@1.0.2 want: ^2.0.2
3394 silly placeDep ROOT is-weakset@2.0.4 OK for: which-collection@1.0.2 want: ^2.0.3
3395 silly placeDep ROOT form-data@4.0.6 OK for: axios@1.18.1 want: ^4.0.5
3396 silly placeDep ROOT https-proxy-agent@5.0.1 OK for: axios@1.18.1 want: ^5.0.1
3397 silly placeDep ROOT proxy-from-env@2.1.0 OK for: axios@1.18.1 want: ^2.1.0
3398 silly fetch manifest asynckit@^0.4.0
3399 silly packumentCache full:https://registry.npmjs.org/asynckit cache-miss
3400 silly fetch manifest mime-types@^2.1.35
3401 silly packumentCache full:https://registry.npmjs.org/mime-types cache-miss
3402 silly fetch manifest combined-stream@^1.0.8
3403 silly packumentCache full:https://registry.npmjs.org/combined-stream cache-miss
3404 silly fetch manifest agent-base@6
3405 silly packumentCache full:https://registry.npmjs.org/agent-base cache-miss
3406 http fetch GET 200 https://registry.npmjs.org/combined-stream 48ms (cache miss)
3407 silly packumentCache full:https://registry.npmjs.org/combined-stream set size:undefined disposed:false
3408 http fetch GET 200 https://registry.npmjs.org/asynckit 53ms (cache miss)
3409 silly packumentCache full:https://registry.npmjs.org/asynckit set size:undefined disposed:false
3410 http fetch GET 200 https://registry.npmjs.org/agent-base 53ms (cache miss)
3411 silly packumentCache full:https://registry.npmjs.org/agent-base set size:undefined disposed:false
3412 http fetch GET 200 https://registry.npmjs.org/mime-types 61ms (cache miss)
3413 silly packumentCache full:https://registry.npmjs.org/mime-types set size:undefined disposed:false
3414 silly placeDep ROOT asynckit@0.4.0 OK for: form-data@4.0.6 want: ^0.4.0
3415 silly placeDep ROOT combined-stream@1.0.8 OK for: form-data@4.0.6 want: ^1.0.8
3416 silly placeDep ROOT mime-types@2.1.35 OK for: form-data@4.0.6 want: ^2.1.35
3417 silly fetch manifest delayed-stream@~1.0.0
3418 silly packumentCache full:https://registry.npmjs.org/delayed-stream cache-miss
3419 silly fetch manifest mime-db@1.52.0
3420 silly packumentCache full:https://registry.npmjs.org/mime-db cache-miss
3421 http fetch GET 200 https://registry.npmjs.org/delayed-stream 68ms (cache miss)
3422 silly packumentCache full:https://registry.npmjs.org/delayed-stream set size:undefined disposed:false
3423 http fetch GET 200 https://registry.npmjs.org/mime-db 82ms (cache miss)
3424 silly packumentCache full:https://registry.npmjs.org/mime-db set size:undefined disposed:false
3425 silly placeDep ROOT delayed-stream@1.0.0 OK for: combined-stream@1.0.8 want: ~1.0.0
3426 silly placeDep ROOT agent-base@6.0.2 OK for: https-proxy-agent@5.0.1 want: 6
3427 silly placeDep ROOT mime-db@1.52.0 OK for: mime-types@2.1.35 want: 1.52.0
3428 silly placeDep node_modules/@babel/helper-compilation-targets yallist@3.1.1 OK for: lru-cache@5.1.1 want: ^3.0.2
3429 silly placeDep node_modules/@babel/highlight ansi-styles@3.2.1 OK for: chalk@2.4.2 want: ^3.2.1
3430 silly placeDep node_modules/@babel/highlight escape-string-regexp@1.0.5 OK for: chalk@2.4.2 want: ^1.0.5
3431 silly placeDep node_modules/@babel/highlight supports-color@5.5.0 OK for: chalk@2.4.2 want: ^5.3.0
3432 silly fetch manifest color-convert@^1.9.0
3433 silly packumentCache full:https://registry.npmjs.org/color-convert cache-miss
3434 silly fetch manifest has-flag@^3.0.0
3435 silly packumentCache full:https://registry.npmjs.org/has-flag cache-miss
3436 http fetch GET 200 https://registry.npmjs.org/color-convert 54ms (cache revalidated)
3437 silly packumentCache full:https://registry.npmjs.org/color-convert set size:72663 disposed:false
3438 http fetch GET 200 https://registry.npmjs.org/has-flag 71ms (cache revalidated)
3439 silly packumentCache full:https://registry.npmjs.org/has-flag set size:15180 disposed:false
3440 silly placeDep node_modules/@babel/highlight color-convert@1.9.3 OK for: ansi-styles@3.2.1 want: ^1.9.0
3441 silly fetch manifest color-name@1.1.3
3442 silly packumentCache full:https://registry.npmjs.org/color-name cache-miss
3443 http fetch GET 200 https://registry.npmjs.org/color-name 109ms (cache revalidated)
3444 silly packumentCache full:https://registry.npmjs.org/color-name set size:20968 disposed:false
3445 silly placeDep node_modules/@babel/highlight color-name@1.1.3 OK for: color-convert@1.9.3 want: 1.1.3
3446 silly placeDep node_modules/@babel/highlight has-flag@3.0.0 OK for: supports-color@5.5.0 want: ^3.0.0
3447 silly placeDep node_modules/css-select domelementtype@2.3.0 OK for: domhandler@4.3.1 want: ^2.2.0
3448 silly placeDep node_modules/css-select dom-serializer@1.4.1 OK for: domutils@2.8.0 want: ^1.0.1
3449 silly placeDep node_modules/css-select entities@2.2.0 OK for: dom-serializer@1.4.1 want: ^2.0.0
3450 silly placeDep ROOT core-util-is@1.0.3 OK for: readable-stream@2.3.8 want: ~1.0.0
3451 silly placeDep node_modules/duplexer2 isarray@1.0.0 OK for: readable-stream@2.3.8 want: ~1.0.0
3452 silly placeDep node_modules/duplexer2 safe-buffer@5.1.2 OK for: readable-stream@2.3.8 want: ~5.1.1
3453 silly placeDep node_modules/duplexer2 string_decoder@1.1.1 OK for: readable-stream@2.3.8 want: ~1.1.1
3454 silly placeDep ROOT arr-diff@4.0.0 OK for: micromatch@3.1.0 want: ^4.0.0
3455 silly placeDep ROOT array-unique@0.3.2 OK for: micromatch@3.1.0 want: ^0.3.2
3456 silly placeDep node_modules/svg-baker braces@2.3.2 OK for: micromatch@3.1.0 want: ^2.2.2
3457 silly placeDep ROOT define-property@1.0.0 OK for: micromatch@3.1.0 want: ^1.0.0
3458 silly placeDep ROOT extend-shallow@2.0.1 OK for: micromatch@3.1.0 want: ^2.0.1
3459 silly placeDep ROOT extglob@2.0.4 OK for: micromatch@3.1.0 want: ^2.0.2
3460 silly placeDep ROOT fragment-cache@0.2.1 OK for: micromatch@3.1.0 want: ^0.2.1
3461 silly placeDep ROOT kind-of@5.1.0 OK for: micromatch@3.1.0 want: ^5.0.2
3462 silly placeDep ROOT nanomatch@1.2.13 OK for: micromatch@3.1.0 want: ^1.2.1
3463 silly placeDep ROOT object.pick@1.3.0 OK for: micromatch@3.1.0 want: ^1.3.0
3464 silly placeDep ROOT regex-not@1.0.2 OK for: micromatch@3.1.0 want: ^1.0.0
3465 silly placeDep ROOT snapdragon@0.8.2 OK for: micromatch@3.1.0 want: ^0.8.1
3466 silly placeDep ROOT to-regex@3.0.2 OK for: micromatch@3.1.0 want: ^3.0.1
3467 silly fetch manifest isobject@^3.0.1
3468 silly packumentCache full:https://registry.npmjs.org/isobject cache-miss
3469 silly fetch manifest fill-range@^4.0.0
3470 silly packumentCache full:https://registry.npmjs.org/fill-range cache-miss
3471 silly fetch manifest arr-flatten@^1.1.0
3472 silly packumentCache full:https://registry.npmjs.org/arr-flatten cache-miss
3473 silly fetch manifest split-string@^3.0.2
3474 silly packumentCache full:https://registry.npmjs.org/split-string cache-miss
3475 silly fetch manifest repeat-element@^1.1.2
3476 silly packumentCache full:https://registry.npmjs.org/repeat-element cache-miss
3477 silly fetch manifest snapdragon-node@^2.0.1
3478 silly packumentCache full:https://registry.npmjs.org/snapdragon-node cache-miss
3479 silly fetch manifest is-descriptor@^1.0.0
3480 silly packumentCache full:https://registry.npmjs.org/is-descriptor cache-miss
3481 silly fetch manifest is-extendable@^0.1.0
3482 silly packumentCache full:https://registry.npmjs.org/is-extendable cache-miss
3483 silly fetch manifest expand-brackets@^2.1.4
3484 silly packumentCache full:https://registry.npmjs.org/expand-brackets cache-miss
3485 silly fetch manifest map-cache@^0.2.2
3486 silly packumentCache full:https://registry.npmjs.org/map-cache cache-miss
3487 silly fetch manifest define-property@^2.0.2
3488 silly packumentCache full:https://registry.npmjs.org/define-property cache-miss
3489 silly fetch manifest extend-shallow@^3.0.2
3490 silly packumentCache full:https://registry.npmjs.org/extend-shallow cache-miss
3491 silly fetch manifest is-windows@^1.0.2
3492 silly packumentCache full:https://registry.npmjs.org/is-windows cache-miss
3493 silly fetch manifest kind-of@^6.0.2
3494 silly packumentCache full:https://registry.npmjs.org/kind-of cache-miss
3495 silly fetch manifest isobject@^3.0.1
3496 silly packumentCache full:https://registry.npmjs.org/isobject cache-miss
3497 silly fetch manifest extend-shallow@^3.0.2
3498 silly packumentCache full:https://registry.npmjs.org/extend-shallow cache-miss
3499 silly fetch manifest safe-regex@^1.1.0
3500 silly packumentCache full:https://registry.npmjs.org/safe-regex cache-miss
3501 silly fetch manifest base@^0.11.1
3502 silly packumentCache full:https://registry.npmjs.org/base cache-miss
3503 silly fetch manifest debug@^2.2.0
3504 silly packumentCache full:https://registry.npmjs.org/debug cache-hit
3505 silly fetch manifest define-property@^0.2.5
3506 silly packumentCache full:https://registry.npmjs.org/define-property cache-miss
3507 http fetch GET 200 https://registry.npmjs.org/safe-regex 80ms (cache miss)
3508 silly packumentCache full:https://registry.npmjs.org/safe-regex set size:undefined disposed:false
3509 silly fetch manifest map-cache@^0.2.2
3510 silly packumentCache full:https://registry.npmjs.org/map-cache cache-miss
3511 http fetch GET 200 https://registry.npmjs.org/isobject 94ms (cache revalidated)
3512 silly packumentCache full:https://registry.npmjs.org/isobject set size:26140 disposed:false
3513 silly fetch manifest source-map-resolve@^0.5.0
3514 silly packumentCache full:https://registry.npmjs.org/source-map-resolve cache-miss
3515 http fetch GET 200 https://registry.npmjs.org/define-property 94ms (cache revalidated)
3516 silly packumentCache full:https://registry.npmjs.org/define-property set size:27005 disposed:false
3517 silly fetch manifest use@^3.1.0
3518 silly packumentCache full:https://registry.npmjs.org/use cache-miss
3519 http fetch GET 200 https://registry.npmjs.org/isobject 94ms (cache revalidated)
3520 silly packumentCache full:https://registry.npmjs.org/isobject set size:26140 disposed:false
3521 silly packumentCache full:https://registry.npmjs.org/isobject dispose
3522 silly fetch manifest extend-shallow@^3.0.2
3523 silly packumentCache full:https://registry.npmjs.org/extend-shallow cache-miss
3524 http fetch GET 200 https://registry.npmjs.org/fill-range 100ms (cache revalidated)
3525 silly packumentCache full:https://registry.npmjs.org/fill-range set size:90162 disposed:false
3526 http fetch GET 200 https://registry.npmjs.org/map-cache 107ms (cache miss)
3527 silly packumentCache full:https://registry.npmjs.org/map-cache set size:undefined disposed:false
3528 http fetch GET 200 https://registry.npmjs.org/repeat-element 110ms (cache miss)
3529 silly packumentCache full:https://registry.npmjs.org/repeat-element set size:undefined disposed:false
3530 http fetch GET 200 https://registry.npmjs.org/snapdragon-node 112ms (cache miss)
3531 silly packumentCache full:https://registry.npmjs.org/snapdragon-node set size:undefined disposed:false
3532 http fetch GET 200 https://registry.npmjs.org/is-windows 115ms (cache miss)
3533 silly packumentCache full:https://registry.npmjs.org/is-windows set size:undefined disposed:false
3534 http fetch GET 200 https://registry.npmjs.org/split-string 118ms (cache miss)
3535 silly packumentCache full:https://registry.npmjs.org/split-string set size:undefined disposed:false
3536 http fetch GET 200 https://registry.npmjs.org/is-descriptor 121ms (cache miss)
3537 silly packumentCache full:https://registry.npmjs.org/is-descriptor set size:undefined disposed:false
3538 http fetch GET 200 https://registry.npmjs.org/base 122ms (cache miss)
3539 silly packumentCache full:https://registry.npmjs.org/base set size:undefined disposed:false
3540 http fetch GET 200 https://registry.npmjs.org/extend-shallow 133ms (cache revalidated)
3541 silly packumentCache full:https://registry.npmjs.org/extend-shallow set size:30182 disposed:false
3542 http fetch GET 200 https://registry.npmjs.org/kind-of 133ms (cache revalidated)
3543 silly packumentCache full:https://registry.npmjs.org/kind-of set size:70901 disposed:false
3544 http fetch GET 200 https://registry.npmjs.org/define-property 134ms (cache revalidated)
3545 silly packumentCache full:https://registry.npmjs.org/define-property set size:27005 disposed:false
3546 silly packumentCache full:https://registry.npmjs.org/define-property dispose
3547 http fetch GET 200 https://registry.npmjs.org/extend-shallow 136ms (cache revalidated)
3548 silly packumentCache full:https://registry.npmjs.org/extend-shallow set size:30182 disposed:false
3549 silly packumentCache full:https://registry.npmjs.org/extend-shallow dispose
3550 http fetch GET 200 https://registry.npmjs.org/map-cache 56ms (cache miss)
3551 silly packumentCache full:https://registry.npmjs.org/map-cache set size:undefined disposed:false
3552 http fetch GET 200 https://registry.npmjs.org/use 57ms (cache miss)
3553 silly packumentCache full:https://registry.npmjs.org/use set size:undefined disposed:false
3554 http fetch GET 200 https://registry.npmjs.org/source-map-resolve 59ms (cache miss)
3555 silly packumentCache full:https://registry.npmjs.org/source-map-resolve set size:undefined disposed:false
3556 http fetch GET 200 https://registry.npmjs.org/extend-shallow 81ms (cache revalidated)
3557 silly packumentCache full:https://registry.npmjs.org/extend-shallow set size:30182 disposed:true
3558 silly packumentCache full:https://registry.npmjs.org/extend-shallow dispose
3559 http fetch GET 200 https://registry.npmjs.org/arr-flatten 199ms (cache miss)
3560 silly packumentCache full:https://registry.npmjs.org/arr-flatten set size:undefined disposed:false
3561 http fetch GET 200 https://registry.npmjs.org/is-extendable 208ms (cache miss)
3562 silly packumentCache full:https://registry.npmjs.org/is-extendable set size:undefined disposed:false
3563 http fetch GET 200 https://registry.npmjs.org/expand-brackets 218ms (cache miss)
3564 silly packumentCache full:https://registry.npmjs.org/expand-brackets set size:undefined disposed:false
3565 silly placeDep ROOT is-descriptor@1.0.4 OK for: define-property@1.0.0 want: ^1.0.0
3566 silly fetch manifest is-data-descriptor@^1.0.1
3567 silly packumentCache full:https://registry.npmjs.org/is-data-descriptor cache-miss
3568 silly fetch manifest is-accessor-descriptor@^1.0.2
3569 silly packumentCache full:https://registry.npmjs.org/is-accessor-descriptor cache-miss
3570 http fetch GET 200 https://registry.npmjs.org/is-accessor-descriptor 89ms (cache miss)
3571 silly packumentCache full:https://registry.npmjs.org/is-accessor-descriptor set size:undefined disposed:false
3572 http fetch GET 200 https://registry.npmjs.org/is-data-descriptor 92ms (cache miss)
3573 silly packumentCache full:https://registry.npmjs.org/is-data-descriptor set size:undefined disposed:false
3574 silly placeDep ROOT is-extendable@0.1.1 OK for: extend-shallow@2.0.1 want: ^0.1.0
3575 silly placeDep ROOT expand-brackets@2.1.4 OK for: extglob@2.0.4 want: ^2.1.4
3576 silly fetch manifest debug@^2.3.3
3577 silly packumentCache full:https://registry.npmjs.org/debug cache-hit
3578 silly fetch manifest posix-character-classes@^0.1.0
3579 silly packumentCache full:https://registry.npmjs.org/posix-character-classes cache-miss
3580 http fetch GET 200 https://registry.npmjs.org/posix-character-classes 61ms (cache miss)
3581 silly packumentCache full:https://registry.npmjs.org/posix-character-classes set size:undefined disposed:false
3582 silly placeDep node_modules/expand-brackets debug@2.6.9 OK for: expand-brackets@2.1.4 want: ^2.3.3
3583 silly placeDep node_modules/expand-brackets define-property@0.2.5 OK for: expand-brackets@2.1.4 want: ^0.2.5
3584 silly placeDep ROOT posix-character-classes@0.1.1 OK for: expand-brackets@2.1.4 want: ^0.1.0
3585 silly fetch manifest ms@2.0.0
3586 silly packumentCache full:https://registry.npmjs.org/ms cache-miss
3587 silly fetch manifest is-descriptor@^0.1.0
3588 silly packumentCache full:https://registry.npmjs.org/is-descriptor cache-miss
3589 http fetch GET 200 https://registry.npmjs.org/is-descriptor 58ms (cache revalidated)
3590 silly packumentCache full:https://registry.npmjs.org/is-descriptor set size:53183 disposed:false
3591 http fetch GET 200 https://registry.npmjs.org/ms 67ms (cache revalidated)
3592 silly packumentCache full:https://registry.npmjs.org/ms set size:92208 disposed:false
3593 silly placeDep ROOT map-cache@0.2.2 OK for: fragment-cache@0.2.1 want: ^0.2.2
3594 silly placeDep ROOT is-accessor-descriptor@1.0.2 OK for: is-descriptor@1.0.4 want: ^1.0.2
3595 silly placeDep ROOT is-data-descriptor@1.0.1 OK for: is-descriptor@1.0.4 want: ^1.0.1
3596 silly placeDep node_modules/nanomatch define-property@2.0.2 OK for: nanomatch@1.2.13 want: ^2.0.2
3597 silly placeDep node_modules/nanomatch extend-shallow@3.0.2 OK for: nanomatch@1.2.13 want: ^3.0.2
3598 silly placeDep ROOT is-windows@1.0.2 OK for: nanomatch@1.2.13 want: ^1.0.2
3599 silly placeDep node_modules/nanomatch kind-of@6.0.3 OK for: nanomatch@1.2.13 want: ^6.0.2
3600 silly fetch manifest assign-symbols@^1.0.0
3601 silly packumentCache full:https://registry.npmjs.org/assign-symbols cache-miss
3602 silly fetch manifest is-extendable@^1.0.1
3603 silly packumentCache full:https://registry.npmjs.org/is-extendable cache-miss
3604 http fetch GET 200 https://registry.npmjs.org/assign-symbols 61ms (cache miss)
3605 silly packumentCache full:https://registry.npmjs.org/assign-symbols set size:undefined disposed:false
3606 http fetch GET 200 https://registry.npmjs.org/is-extendable 67ms (cache revalidated)
3607 silly packumentCache full:https://registry.npmjs.org/is-extendable set size:12265 disposed:false
3608 silly placeDep node_modules/object.pick isobject@3.0.1 OK for: object.pick@1.3.0 want: ^3.0.1
3609 silly placeDep node_modules/regex-not extend-shallow@3.0.2 OK for: regex-not@1.0.2 want: ^3.0.2
3610 silly placeDep ROOT safe-regex@1.1.0 OK for: regex-not@1.0.2 want: ^1.1.0
3611 silly fetch manifest ret@~0.1.10
3612 silly packumentCache full:https://registry.npmjs.org/ret cache-miss
3613 http fetch GET 200 https://registry.npmjs.org/ret 50ms (cache miss)
3614 silly packumentCache full:https://registry.npmjs.org/ret set size:undefined disposed:false
3615 silly placeDep ROOT ret@0.1.15 OK for: safe-regex@1.1.0 want: ~0.1.10
3616 silly placeDep ROOT base@0.11.2 OK for: snapdragon@0.8.2 want: ^0.11.1
3617 silly placeDep node_modules/snapdragon debug@2.6.9 OK for: snapdragon@0.8.2 want: ^2.2.0
3618 silly placeDep node_modules/snapdragon define-property@0.2.5 OK for: snapdragon@0.8.2 want: ^0.2.5
3619 silly placeDep node_modules/snapdragon source-map@0.5.7 OK for: snapdragon@0.8.2 want: ^0.5.6
3620 silly placeDep ROOT source-map-resolve@0.5.3 OK for: snapdragon@0.8.2 want: ^0.5.0
3621 silly placeDep ROOT use@3.1.1 OK for: snapdragon@0.8.2 want: ^3.1.0
3622 silly fetch manifest cache-base@^1.0.1
3623 silly packumentCache full:https://registry.npmjs.org/cache-base cache-miss
3624 silly fetch manifest class-utils@^0.3.5
3625 silly packumentCache full:https://registry.npmjs.org/class-utils cache-miss
3626 silly fetch manifest component-emitter@^1.2.1
3627 silly packumentCache full:https://registry.npmjs.org/component-emitter cache-miss
3628 silly fetch manifest mixin-deep@^1.2.0
3629 silly packumentCache full:https://registry.npmjs.org/mixin-deep cache-miss
3630 silly fetch manifest pascalcase@^0.1.1
3631 silly packumentCache full:https://registry.npmjs.org/pascalcase cache-miss
3632 silly fetch manifest atob@^2.1.2
3633 silly packumentCache full:https://registry.npmjs.org/atob cache-miss
3634 silly fetch manifest resolve-url@^0.2.1
3635 silly packumentCache full:https://registry.npmjs.org/resolve-url cache-miss
3636 silly fetch manifest source-map-url@^0.4.0
3637 silly packumentCache full:https://registry.npmjs.org/source-map-url cache-miss
3638 silly fetch manifest urix@^0.1.0
3639 silly packumentCache full:https://registry.npmjs.org/urix cache-miss
3640 http fetch GET 200 https://registry.npmjs.org/resolve-url 56ms (cache miss)
3641 silly packumentCache full:https://registry.npmjs.org/resolve-url set size:undefined disposed:false
3642 http fetch GET 200 https://registry.npmjs.org/urix 68ms (cache miss)
3643 silly packumentCache full:https://registry.npmjs.org/urix set size:undefined disposed:false
3644 http fetch GET 200 https://registry.npmjs.org/mixin-deep 72ms (cache miss)
3645 silly packumentCache full:https://registry.npmjs.org/mixin-deep set size:undefined disposed:false
3646 http fetch GET 200 https://registry.npmjs.org/class-utils 75ms (cache miss)
3647 silly packumentCache full:https://registry.npmjs.org/class-utils set size:undefined disposed:false
3648 http fetch GET 200 https://registry.npmjs.org/source-map-url 75ms (cache miss)
3649 silly packumentCache full:https://registry.npmjs.org/source-map-url set size:undefined disposed:false
3650 http fetch GET 200 https://registry.npmjs.org/component-emitter 78ms (cache miss)
3651 silly packumentCache full:https://registry.npmjs.org/component-emitter set size:undefined disposed:false
3652 http fetch GET 200 https://registry.npmjs.org/cache-base 80ms (cache miss)
3653 silly packumentCache full:https://registry.npmjs.org/cache-base set size:undefined disposed:false
3654 http fetch GET 200 https://registry.npmjs.org/atob 82ms (cache miss)
3655 silly packumentCache full:https://registry.npmjs.org/atob set size:undefined disposed:false
3656 http fetch GET 200 https://registry.npmjs.org/pascalcase 202ms (cache miss)
3657 silly packumentCache full:https://registry.npmjs.org/pascalcase set size:undefined disposed:false
3658 silly placeDep ROOT cache-base@1.0.1 OK for: base@0.11.2 want: ^1.0.1
3659 silly placeDep ROOT class-utils@0.3.6 OK for: base@0.11.2 want: ^0.3.5
3660 silly placeDep ROOT component-emitter@1.3.1 OK for: base@0.11.2 want: ^1.2.1
3661 silly placeDep node_modules/base isobject@3.0.1 OK for: base@0.11.2 want: ^3.0.1
3662 silly placeDep ROOT mixin-deep@1.3.2 OK for: base@0.11.2 want: ^1.2.0
3663 silly placeDep ROOT pascalcase@0.1.1 OK for: base@0.11.2 want: ^0.1.1
3664 silly fetch manifest collection-visit@^1.0.0
3665 silly packumentCache full:https://registry.npmjs.org/collection-visit cache-miss
3666 silly fetch manifest get-value@^2.0.6
3667 silly packumentCache full:https://registry.npmjs.org/get-value cache-miss
3668 silly fetch manifest has-value@^1.0.0
3669 silly packumentCache full:https://registry.npmjs.org/has-value cache-miss
3670 silly fetch manifest set-value@^2.0.0
3671 silly packumentCache full:https://registry.npmjs.org/set-value cache-miss
3672 silly fetch manifest to-object-path@^0.3.0
3673 silly packumentCache full:https://registry.npmjs.org/to-object-path cache-miss
3674 silly fetch manifest union-value@^1.0.0
3675 silly packumentCache full:https://registry.npmjs.org/union-value cache-miss
3676 silly fetch manifest unset-value@^1.0.0
3677 silly packumentCache full:https://registry.npmjs.org/unset-value cache-miss
3678 silly fetch manifest arr-union@^3.1.0
3679 silly packumentCache full:https://registry.npmjs.org/arr-union cache-miss
3680 silly fetch manifest isobject@^3.0.0
3681 silly packumentCache full:https://registry.npmjs.org/isobject cache-hit
3682 silly fetch manifest static-extend@^0.1.1
3683 silly packumentCache full:https://registry.npmjs.org/static-extend cache-miss
3684 silly fetch manifest for-in@^1.0.2
3685 silly packumentCache full:https://registry.npmjs.org/for-in cache-miss
3686 http fetch GET 200 https://registry.npmjs.org/static-extend 61ms (cache miss)
3687 silly packumentCache full:https://registry.npmjs.org/static-extend set size:undefined disposed:false
3688 http fetch GET 200 https://registry.npmjs.org/unset-value 66ms (cache miss)
3689 silly packumentCache full:https://registry.npmjs.org/unset-value set size:undefined disposed:false
3690 http fetch GET 200 https://registry.npmjs.org/for-in 67ms (cache miss)
3691 silly packumentCache full:https://registry.npmjs.org/for-in set size:undefined disposed:false
3692 http fetch GET 200 https://registry.npmjs.org/to-object-path 76ms (cache miss)
3693 silly packumentCache full:https://registry.npmjs.org/to-object-path set size:undefined disposed:false
3694 http fetch GET 200 https://registry.npmjs.org/has-value 81ms (cache miss)
3695 silly packumentCache full:https://registry.npmjs.org/has-value set size:undefined disposed:false
3696 http fetch GET 200 https://registry.npmjs.org/union-value 80ms (cache miss)
3697 silly packumentCache full:https://registry.npmjs.org/union-value set size:undefined disposed:false
3698 http fetch GET 200 https://registry.npmjs.org/arr-union 81ms (cache miss)
3699 silly packumentCache full:https://registry.npmjs.org/arr-union set size:undefined disposed:false
3700 http fetch GET 200 https://registry.npmjs.org/get-value 90ms (cache miss)
3701 silly packumentCache full:https://registry.npmjs.org/get-value set size:undefined disposed:false
3702 http fetch GET 200 https://registry.npmjs.org/collection-visit 92ms (cache miss)
3703 silly packumentCache full:https://registry.npmjs.org/collection-visit set size:undefined disposed:false
3704 http fetch GET 200 https://registry.npmjs.org/set-value 88ms (cache miss)
3705 silly packumentCache full:https://registry.npmjs.org/set-value set size:undefined disposed:false
3706 silly placeDep ROOT collection-visit@1.0.0 OK for: cache-base@1.0.1 want: ^1.0.0
3707 silly placeDep ROOT get-value@2.0.6 OK for: cache-base@1.0.1 want: ^2.0.6
3708 silly placeDep ROOT has-value@1.0.0 OK for: cache-base@1.0.1 want: ^1.0.0
3709 silly placeDep node_modules/cache-base isobject@3.0.1 OK for: cache-base@1.0.1 want: ^3.0.1
3710 silly placeDep ROOT set-value@2.0.1 OK for: cache-base@1.0.1 want: ^2.0.0
3711 silly placeDep ROOT to-object-path@0.3.0 OK for: cache-base@1.0.1 want: ^0.3.0
3712 silly placeDep ROOT union-value@1.0.1 OK for: cache-base@1.0.1 want: ^1.0.0
3713 silly placeDep ROOT unset-value@1.0.0 OK for: cache-base@1.0.1 want: ^1.0.0
3714 silly fetch manifest map-visit@^1.0.0
3715 silly packumentCache full:https://registry.npmjs.org/map-visit cache-miss
3716 silly fetch manifest object-visit@^1.0.0
3717 silly packumentCache full:https://registry.npmjs.org/object-visit cache-miss
3718 silly fetch manifest has-values@^1.0.0
3719 silly packumentCache full:https://registry.npmjs.org/has-values cache-miss
3720 silly fetch manifest is-plain-object@^2.0.3
3721 silly packumentCache full:https://registry.npmjs.org/is-plain-object cache-miss
3722 silly fetch manifest split-string@^3.0.1
3723 silly packumentCache full:https://registry.npmjs.org/split-string cache-miss
3724 silly fetch manifest kind-of@^3.0.2
3725 silly packumentCache full:https://registry.npmjs.org/kind-of cache-hit
3726 silly fetch manifest has-value@^0.3.1
3727 silly packumentCache full:https://registry.npmjs.org/has-value cache-miss
3728 http fetch GET 200 https://registry.npmjs.org/split-string 54ms (cache revalidated)
3729 silly packumentCache full:https://registry.npmjs.org/split-string set size:49946 disposed:false
3730 http fetch GET 200 https://registry.npmjs.org/is-plain-object 58ms (cache revalidated)
3731 silly packumentCache full:https://registry.npmjs.org/is-plain-object set size:47016 disposed:false
3732 http fetch GET 200 https://registry.npmjs.org/has-value 67ms (cache revalidated)
3733 silly packumentCache full:https://registry.npmjs.org/has-value set size:26861 disposed:false
3734 http fetch GET 200 https://registry.npmjs.org/object-visit 73ms (cache miss)
3735 silly packumentCache full:https://registry.npmjs.org/object-visit set size:undefined disposed:false
3736 http fetch GET 200 https://registry.npmjs.org/map-visit 76ms (cache miss)
3737 silly packumentCache full:https://registry.npmjs.org/map-visit set size:undefined disposed:false
3738 http fetch GET 200 https://registry.npmjs.org/has-values 78ms (cache miss)
3739 silly packumentCache full:https://registry.npmjs.org/has-values set size:undefined disposed:false
3740 silly placeDep ROOT arr-union@3.1.0 OK for: class-utils@0.3.6 want: ^3.1.0
3741 silly placeDep node_modules/class-utils define-property@0.2.5 OK for: class-utils@0.3.6 want: ^0.2.5
3742 silly placeDep node_modules/class-utils isobject@3.0.1 OK for: class-utils@0.3.6 want: ^3.0.0
3743 silly placeDep ROOT static-extend@0.1.2 OK for: class-utils@0.3.6 want: ^0.1.1
3744 silly fetch manifest object-copy@^0.1.0
3745 silly packumentCache full:https://registry.npmjs.org/object-copy cache-miss
3746 http fetch GET 200 https://registry.npmjs.org/object-copy 80ms (cache miss)
3747 silly packumentCache full:https://registry.npmjs.org/object-copy set size:undefined disposed:false
3748 silly placeDep ROOT map-visit@1.0.0 OK for: collection-visit@1.0.0 want: ^1.0.0
3749 silly placeDep ROOT object-visit@1.0.1 OK for: collection-visit@1.0.0 want: ^1.0.0
3750 silly placeDep ROOT has-values@1.0.0 OK for: has-value@1.0.0 want: ^1.0.0
3751 silly placeDep node_modules/has-value isobject@3.0.1 OK for: has-value@1.0.0 want: ^3.0.0
3752 silly fetch manifest is-number@^3.0.0
3753 silly packumentCache full:https://registry.npmjs.org/is-number cache-miss
3754 silly fetch manifest kind-of@^4.0.0
3755 silly packumentCache full:https://registry.npmjs.org/kind-of cache-hit
3756 http fetch GET 200 https://registry.npmjs.org/is-number 60ms (cache revalidated)
3757 silly packumentCache full:https://registry.npmjs.org/is-number set size:36183 disposed:false
3758 silly placeDep node_modules/has-values is-number@3.0.0 OK for: has-values@1.0.0 want: ^3.0.0
3759 silly placeDep node_modules/has-values kind-of@4.0.0 OK for: has-values@1.0.0 want: ^4.0.0
3760 silly fetch manifest is-buffer@^1.1.5
3761 silly packumentCache full:https://registry.npmjs.org/is-buffer cache-miss
3762 http fetch GET 200 https://registry.npmjs.org/is-buffer 56ms (cache miss)
3763 silly packumentCache full:https://registry.npmjs.org/is-buffer set size:undefined disposed:false
3764 silly placeDep ROOT for-in@1.0.2 OK for: mixin-deep@1.3.2 want: ^1.0.2
3765 silly placeDep node_modules/mixin-deep is-extendable@1.0.1 OK for: mixin-deep@1.3.2 want: ^1.0.1
3766 silly fetch manifest is-plain-object@^2.0.4
3767 silly packumentCache full:https://registry.npmjs.org/is-plain-object cache-hit
3768 silly placeDep node_modules/object-visit isobject@3.0.1 OK for: object-visit@1.0.1 want: ^3.0.0
3769 silly placeDep node_modules/set-value is-plain-object@2.0.4 OK for: set-value@2.0.1 want: ^2.0.3
3770 silly placeDep ROOT split-string@3.1.0 OK for: set-value@2.0.1 want: ^3.0.1
3771 silly fetch manifest extend-shallow@^3.0.0
3772 silly packumentCache full:https://registry.npmjs.org/extend-shallow cache-hit
3773 silly placeDep ROOT atob@2.1.2 OK for: source-map-resolve@0.5.3 want: ^2.1.2
3774 silly placeDep ROOT resolve-url@0.2.1 OK for: source-map-resolve@0.5.3 want: ^0.2.1
3775 silly placeDep ROOT source-map-url@0.4.1 OK for: source-map-resolve@0.5.3 want: ^0.4.0
3776 silly placeDep ROOT urix@0.1.0 OK for: source-map-resolve@0.5.3 want: ^0.1.0
3777 silly placeDep node_modules/split-string extend-shallow@3.0.2 OK for: split-string@3.1.0 want: ^3.0.0
3778 silly placeDep node_modules/static-extend define-property@0.2.5 OK for: static-extend@0.1.2 want: ^0.2.5
3779 silly placeDep ROOT object-copy@0.1.0 OK for: static-extend@0.1.2 want: ^0.1.0
3780 silly fetch manifest copy-descriptor@^0.1.0
3781 silly packumentCache full:https://registry.npmjs.org/copy-descriptor cache-miss
3782 silly fetch manifest kind-of@^3.0.3
3783 silly packumentCache full:https://registry.npmjs.org/kind-of cache-hit
3784 http fetch GET 200 https://registry.npmjs.org/copy-descriptor 54ms (cache miss)
3785 silly packumentCache full:https://registry.npmjs.org/copy-descriptor set size:undefined disposed:false
3786 silly placeDep ROOT copy-descriptor@0.1.1 OK for: object-copy@0.1.0 want: ^0.1.0
3787 silly placeDep node_modules/object-copy define-property@0.2.5 OK for: object-copy@0.1.0 want: ^0.2.5
3788 silly placeDep node_modules/object-copy kind-of@3.2.2 OK for: object-copy@0.1.0 want: ^3.0.3
3789 silly placeDep node_modules/to-object-path kind-of@3.2.2 OK for: to-object-path@0.3.0 want: ^3.0.2
3790 silly placeDep node_modules/to-regex define-property@2.0.2 OK for: to-regex@3.0.2 want: ^2.0.2
3791 silly placeDep node_modules/to-regex extend-shallow@3.0.2 OK for: to-regex@3.0.2 want: ^3.0.2
3792 silly placeDep node_modules/unset-value has-value@0.3.1 OK for: unset-value@1.0.0 want: ^0.3.1
3793 silly placeDep node_modules/unset-value isobject@3.0.1 OK for: unset-value@1.0.0 want: ^3.0.0
3794 silly fetch manifest has-values@^0.1.4
3795 silly packumentCache full:https://registry.npmjs.org/has-values cache-miss
3796 http fetch GET 200 https://registry.npmjs.org/has-values 51ms (cache revalidated)
3797 silly packumentCache full:https://registry.npmjs.org/has-values set size:20840 disposed:false
3798 silly placeDep node_modules/class-utils is-descriptor@0.1.8 OK for: define-property@0.2.5 want: ^0.1.0
3799 silly placeDep node_modules/expand-brackets ms@2.0.0 OK for: debug@2.6.9 want: 2.0.0
3800 silly placeDep node_modules/expand-brackets is-descriptor@0.1.8 OK for: define-property@0.2.5 want: ^0.1.0
3801 silly placeDep node_modules/has-values/node_modules/is-number kind-of@3.2.2 OK for: is-number@3.0.0 want: ^3.0.2
3802 silly placeDep ROOT is-buffer@1.1.6 OK for: kind-of@4.0.0 want: ^1.1.5
3803 silly placeDep node_modules/mixin-deep is-plain-object@2.0.4 OK for: is-extendable@1.0.1 want: ^2.0.4
3804 silly placeDep node_modules/mixin-deep isobject@3.0.1 OK for: is-plain-object@2.0.4 want: ^3.0.1
3805 silly placeDep node_modules/nanomatch isobject@3.0.1 OK for: define-property@2.0.2 want: ^3.0.1
3806 silly placeDep ROOT assign-symbols@1.0.0 OK for: extend-shallow@3.0.2 want: ^1.0.0
3807 silly placeDep node_modules/nanomatch is-extendable@1.0.1 OK for: extend-shallow@3.0.2 want: ^1.0.1
3808 silly placeDep node_modules/nanomatch is-plain-object@2.0.4 OK for: is-extendable@1.0.1 want: ^2.0.4
3809 silly placeDep node_modules/object-copy is-descriptor@0.1.8 OK for: define-property@0.2.5 want: ^0.1.0
3810 silly placeDep node_modules/regex-not is-extendable@1.0.1 OK for: extend-shallow@3.0.2 want: ^1.0.1
3811 silly placeDep node_modules/regex-not is-plain-object@2.0.4 OK for: is-extendable@1.0.1 want: ^2.0.4
3812 silly placeDep node_modules/regex-not isobject@3.0.1 OK for: is-plain-object@2.0.4 want: ^3.0.1
3813 silly placeDep node_modules/set-value isobject@3.0.1 OK for: is-plain-object@2.0.4 want: ^3.0.1
3814 silly placeDep node_modules/snapdragon ms@2.0.0 OK for: debug@2.6.9 want: 2.0.0
3815 silly placeDep node_modules/snapdragon is-descriptor@0.1.8 OK for: define-property@0.2.5 want: ^0.1.0
3816 silly placeDep node_modules/split-string is-extendable@1.0.1 OK for: extend-shallow@3.0.2 want: ^1.0.1
3817 silly placeDep node_modules/split-string is-plain-object@2.0.4 OK for: is-extendable@1.0.1 want: ^2.0.4
3818 silly placeDep node_modules/split-string isobject@3.0.1 OK for: is-plain-object@2.0.4 want: ^3.0.1
3819 silly placeDep node_modules/static-extend is-descriptor@0.1.8 OK for: define-property@0.2.5 want: ^0.1.0
3820 silly placeDep ROOT arr-flatten@1.1.0 OK for: braces@2.3.2 want: ^1.1.0
3821 silly placeDep node_modules/svg-baker fill-range@4.0.0 OK for: braces@2.3.2 want: ^4.0.0
3822 silly placeDep node_modules/svg-baker isobject@3.0.1 OK for: braces@2.3.2 want: ^3.0.1
3823 silly placeDep ROOT repeat-element@1.1.4 OK for: braces@2.3.2 want: ^1.1.2
3824 silly placeDep ROOT snapdragon-node@2.1.1 OK for: braces@2.3.2 want: ^2.0.1
3825 silly fetch manifest repeat-string@^1.6.1
3826 silly packumentCache full:https://registry.npmjs.org/repeat-string cache-miss
3827 silly fetch manifest to-regex-range@^2.1.0
3828 silly packumentCache full:https://registry.npmjs.org/to-regex-range cache-miss
3829 silly fetch manifest snapdragon-util@^3.0.1
3830 silly packumentCache full:https://registry.npmjs.org/snapdragon-util cache-miss
3831 http fetch GET 200 https://registry.npmjs.org/to-regex-range 52ms (cache revalidated)
3832 silly packumentCache full:https://registry.npmjs.org/to-regex-range set size:61569 disposed:false
3833 http fetch GET 200 https://registry.npmjs.org/repeat-string 63ms (cache miss)
3834 silly packumentCache full:https://registry.npmjs.org/repeat-string set size:undefined disposed:false
3835 http fetch GET 200 https://registry.npmjs.org/snapdragon-util 68ms (cache miss)
3836 silly packumentCache full:https://registry.npmjs.org/snapdragon-util set size:undefined disposed:false
3837 silly placeDep node_modules/snapdragon-node isobject@3.0.1 OK for: snapdragon-node@2.1.1 want: ^3.0.0
3838 silly placeDep ROOT snapdragon-util@3.0.1 OK for: snapdragon-node@2.1.1 want: ^3.0.1
3839 silly fetch manifest kind-of@^3.2.0
3840 silly packumentCache full:https://registry.npmjs.org/kind-of cache-hit
3841 silly placeDep node_modules/snapdragon-util kind-of@3.2.2 OK for: snapdragon-util@3.0.1 want: ^3.2.0
3842 silly placeDep node_modules/svg-baker is-number@3.0.0 OK for: fill-range@4.0.0 want: ^3.0.0
3843 silly placeDep ROOT repeat-string@1.6.1 OK for: fill-range@4.0.0 want: ^1.6.1
3844 silly placeDep node_modules/svg-baker to-regex-range@2.1.1 OK for: fill-range@4.0.0 want: ^2.1.0
3845 silly placeDep node_modules/svg-baker/node_modules/is-number kind-of@3.2.2 OK for: is-number@3.0.0 want: ^3.0.2
3846 silly placeDep node_modules/svg-baker chalk@1.1.3 OK for: postcss@5.2.18 want: ^1.1.3
3847 silly placeDep ROOT js-base64@2.6.4 OK for: postcss@5.2.18 want: ^2.1.9
3848 silly placeDep node_modules/svg-baker source-map@0.5.7 OK for: postcss@5.2.18 want: ^0.5.6
3849 silly placeDep node_modules/svg-baker supports-color@3.2.3 OK for: postcss@5.2.18 want: ^3.2.3
3850 silly fetch manifest has-ansi@^2.0.0
3851 silly packumentCache full:https://registry.npmjs.org/has-ansi cache-miss
3852 silly fetch manifest strip-ansi@^3.0.0
3853 silly packumentCache full:https://registry.npmjs.org/strip-ansi cache-hit
3854 silly fetch manifest ansi-styles@^2.2.1
3855 silly packumentCache full:https://registry.npmjs.org/ansi-styles cache-hit
3856 silly fetch manifest supports-color@^2.0.0
3857 silly packumentCache full:https://registry.npmjs.org/supports-color cache-hit
3858 silly fetch manifest escape-string-regexp@^1.0.2
3859 silly packumentCache full:https://registry.npmjs.org/escape-string-regexp cache-hit
3860 silly fetch manifest has-flag@^1.0.0
3861 silly packumentCache full:https://registry.npmjs.org/has-flag cache-hit
3862 http fetch GET 200 https://registry.npmjs.org/has-ansi 67ms (cache miss)
3863 silly packumentCache full:https://registry.npmjs.org/has-ansi set size:undefined disposed:false
3864 silly placeDep node_modules/svg-baker ansi-styles@2.2.1 OK for: chalk@1.1.3 want: ^2.2.1
3865 silly placeDep node_modules/svg-baker escape-string-regexp@1.0.5 OK for: chalk@1.1.3 want: ^1.0.2
3866 silly placeDep ROOT has-ansi@2.0.0 OK for: chalk@1.1.3 want: ^2.0.0
3867 silly placeDep node_modules/svg-baker strip-ansi@3.0.1 OK for: chalk@1.1.3 want: ^3.0.0
3868 silly placeDep node_modules/svg-baker/node_modules/chalk supports-color@2.0.0 OK for: chalk@1.1.3 want: ^2.0.0
3869 silly fetch manifest ansi-regex@^2.0.0
3870 silly packumentCache full:https://registry.npmjs.org/ansi-regex cache-miss
3871 silly fetch manifest ansi-regex@^2.0.0
3872 silly packumentCache full:https://registry.npmjs.org/ansi-regex cache-miss
3873 http fetch GET 200 https://registry.npmjs.org/ansi-regex 56ms (cache revalidated)
3874 silly packumentCache full:https://registry.npmjs.org/ansi-regex set size:43572 disposed:false
3875 http fetch GET 200 https://registry.npmjs.org/ansi-regex 59ms (cache revalidated)
3876 silly packumentCache full:https://registry.npmjs.org/ansi-regex set size:43572 disposed:false
3877 silly packumentCache full:https://registry.npmjs.org/ansi-regex dispose
3878 silly placeDep node_modules/has-ansi ansi-regex@2.1.1 OK for: has-ansi@2.0.0 want: ^2.0.0
3879 silly placeDep node_modules/svg-baker strict-uri-encode@1.1.0 OK for: query-string@4.3.4 want: ^1.0.0
3880 silly placeDep node_modules/svg-baker ansi-regex@2.1.1 OK for: strip-ansi@3.0.1 want: ^2.0.0
3881 silly placeDep node_modules/svg-baker has-flag@1.0.0 OK for: supports-color@3.2.3 want: ^1.0.0
3882 silly placeDep ROOT fast-uri@3.1.4 OK for: ajv@8.20.0 want: ^3.0.1
3883 silly placeDep node_modules/table json-schema-traverse@1.0.0 OK for: ajv@8.20.0 want: ^1.0.0
3884 silly placeDep ROOT require-from-string@2.0.2 OK for: ajv@8.20.0 want: ^2.0.2
3885 silly placeDep node_modules/to-regex isobject@3.0.1 OK for: define-property@2.0.2 want: ^3.0.1
3886 silly placeDep node_modules/to-regex is-extendable@1.0.1 OK for: extend-shallow@3.0.2 want: ^1.0.1
3887 silly placeDep node_modules/to-regex is-plain-object@2.0.4 OK for: is-extendable@1.0.1 want: ^2.0.4
3888 silly fetch manifest isobject@^2.0.0
3889 silly packumentCache full:https://registry.npmjs.org/isobject cache-hit
3890 silly placeDep node_modules/unset-value has-values@0.1.4 OK for: has-value@0.3.1 want: ^0.1.4
3891 silly placeDep node_modules/unset-value/node_modules/has-value isobject@2.1.0 OK for: has-value@0.3.1 want: ^2.0.0
3892 silly placeDep node_modules/unzipper isarray@1.0.0 OK for: readable-stream@2.3.8 want: ~1.0.0
3893 silly placeDep node_modules/unzipper safe-buffer@5.1.2 OK for: readable-stream@2.3.8 want: ~5.1.1
3894 silly placeDep node_modules/unzipper string_decoder@1.1.1 OK for: readable-stream@2.3.8 want: ~1.1.1
3895 silly placeDep node_modules/unset-value isarray@1.0.0 OK for: isobject@2.1.0 want: 1.0.0
3896 silly reify moves {}
3897 silly audit bulk request {
3897 silly audit   '@amap/amap-jsapi-loader': [ '1.0.1' ],
3897 silly audit   '@ant-design/icons-vue': [ '6.1.0' ],
3897 silly audit   '@types/node': [ '16.18.126' ],
3897 silly audit   '@types/urlencode': [ '1.1.4' ],
3897 silly audit   '@typescript-eslint/eslint-plugin': [ '5.62.0' ],
3897 silly audit   '@typescript-eslint/parser': [ '5.62.0' ],
3897 silly audit   '@vitejs/plugin-legacy': [ '1.8.2' ],
3897 silly audit   '@vitejs/plugin-vue': [ '1.10.2' ],
3897 silly audit   '@vue/compiler-sfc': [ '3.5.40' ],
3897 silly audit   'agora-rtc-sdk-ng': [ '4.24.6' ],
3897 silly audit   'ant-design-vue': [ '2.2.8' ],
3897 silly audit   axios: [ '0.21.4', '1.18.1' ],
3897 silly audit   eslint: [ '7.32.0' ],
3897 silly audit   'eslint-config-standard': [ '16.0.3' ],
3897 silly audit   'eslint-plugin-import': [ '2.32.0' ],
3897 silly audit   'eslint-plugin-node': [ '11.1.0' ],
3897 silly audit   'eslint-plugin-promise': [ '5.2.0' ],
3897 silly audit   'eslint-plugin-vue': [ '7.20.0' ],
3897 silly audit   eventemitter3: [ '5.0.4' ],
3897 silly audit   mitt: [ '3.0.1' ],
3897 silly audit   mqtt: [ '4.3.8' ],
3897 silly audit   'query-string': [ '7.1.3', '4.3.4' ],
3897 silly audit   'reconnecting-websocket': [ '4.4.0' ],
3897 silly audit   'rollup-plugin-external-globals': [ '0.6.1' ],
3897 silly audit   sass: [ '1.101.6' ],
3897 silly audit   typescript: [ '4.9.5' ],
3897 silly audit   vconsole: [ '3.15.1' ],
3897 silly audit   vite: [ '2.9.18' ],
3897 silly audit   'vite-plugin-components': [ '0.13.3' ],
3897 silly audit   'vite-plugin-eslint': [ '1.8.1' ],
3897 silly audit   'vite-plugin-importer': [ '0.2.5' ],
3897 silly audit   'vite-plugin-optimize-persist': [ '0.1.2' ],
3897 silly audit   'vite-plugin-package-config': [ '0.1.1' ],
3897 silly audit   'vite-plugin-style-import': [ '1.4.1' ],
3897 silly audit   'vite-plugin-svg-icons': [ '1.1.0' ],
3897 silly audit   'vite-plugin-vconsole': [ '1.3.1' ],
3897 silly audit   vue: [ '3.5.40' ],
3897 silly audit   'vue-cookies': [ '1.7.4' ],
3897 silly audit   'vue-i18n': [ '9.14.5' ],
3897 silly audit   'vue-router': [ '4.6.4' ],
3897 silly audit   'vue-tsc': [ '0.0.24' ],
3897 silly audit   vuex: [ '4.1.0' ],
3897 silly audit   '@ant-design/colors': [ '6.0.0' ],
3897 silly audit   '@ant-design/icons-svg': [ '4.5.0' ],
3897 silly audit   '@ctrl/tinycolor': [ '3.6.1' ],
3897 silly audit   '@eslint-community/regexpp': [ '4.12.2' ],
3897 silly audit   '@typescript-eslint/scope-manager': [ '5.62.0' ],
3897 silly audit   '@typescript-eslint/type-utils': [ '5.62.0' ],
3897 silly audit   '@typescript-eslint/utils': [ '5.62.0' ],
3897 silly audit   debug: [ '4.4.3', '3.2.7', '2.6.9' ],
3897 silly audit   graphemer: [ '1.4.0' ],
3897 silly audit   ignore: [ '5.3.2', '4.0.6' ],
3897 silly audit   'natural-compare-lite': [ '1.4.0' ],
3897 silly audit   semver: [ '7.8.5', '6.3.1' ],
3897 silly audit   tsutils: [ '3.21.0' ],
3897 silly audit   '@typescript-eslint/types': [ '5.62.0' ],
3897 silly audit   '@typescript-eslint/typescript-estree': [ '5.62.0' ],
3897 silly audit   '@typescript-eslint/visitor-keys': [ '5.62.0' ],
3897 silly audit   globby: [ '11.1.0' ],
3897 silly audit   'is-glob': [ '4.0.3' ],
3897 silly audit   '@eslint-community/eslint-utils': [ '4.10.1' ],
3897 silly audit   '@types/json-schema': [ '7.0.15' ],
3897 silly audit   '@types/semver': [ '7.7.1' ],
3897 silly audit   'eslint-scope': [ '5.1.1' ],
3897 silly audit   'eslint-visitor-keys': [ '3.4.3', '2.1.0', '1.3.0' ],
3897 silly audit   '@babel/standalone': [ '7.29.7' ],
3897 silly audit   'core-js': [ '3.49.0' ],
3897 silly audit   'magic-string': [ '0.26.7', '0.30.21', '0.25.9' ],
3897 silly audit   'regenerator-runtime': [ '0.13.11' ],
3897 silly audit   systemjs: [ '6.15.1' ],
3897 silly audit   '@babel/parser': [ '7.29.7' ],
3897 silly audit   '@vue/compiler-core': [ '3.5.40' ],
3897 silly audit   '@vue/compiler-dom': [ '3.5.40' ],
3897 silly audit   '@vue/compiler-ssr': [ '3.5.40' ],
3897 silly audit   '@vue/shared': [ '3.5.40' ],
3897 silly audit   'estree-walker': [ '2.0.2' ],
3897 silly audit   postcss: [ '8.5.22', '5.2.18' ],
3897 silly audit   'source-map-js': [ '1.2.1' ],
3897 silly audit   '@babel/types': [ '7.29.7' ],
3897 silly audit   '@babel/helper-string-parser': [ '7.29.7' ],
3897 silly audit   '@babel/helper-validator-identifier': [ '7.29.7' ],
3897 silly audit   entities: [ '7.0.1', '1.1.2', '2.2.0' ],
3897 silly audit   '@agora-js/media': [ '4.24.6' ],
3897 silly audit   '@agora-js/protocol': [ '4.24.6' ],
3897 silly audit   '@agora-js/report': [ '4.24.6' ],
3897 silly audit   '@agora-js/shared': [ '4.24.6' ],
3897 silly audit   'agora-rte-extension': [ '1.2.4' ],
3897 silly audit   'agora-rte-extension-ng': [ '1.0.3' ],
3897 silly audit   'formdata-polyfill': [ '4.0.10' ],
3897 silly audit   pako: [ '2.2.0' ],
3897 silly audit   'ua-parser-js': [ '0.7.41' ],
3897 silly audit   'webrtc-adapter': [ '8.2.0' ],
3897 silly audit   '@bufbuild/protobuf': [ '2.10.1' ],
3897 silly audit   '@types/pako': [ '2.0.4' ],
3897 silly audit   '@babel/runtime': [ '7.29.7' ],
3897 silly audit   '@simonwep/pickr': [ '1.8.2' ],
3897 silly audit   'array-tree-filter': [ '2.1.0' ],
3897 silly audit   'async-validator': [ '3.5.2' ],
3897 silly audit   'dom-align': [ '1.12.4' ],
3897 silly audit   'dom-scroll-into-view': [ '2.0.1' ],
3897 silly audit   lodash: [ '4.18.1' ],
3897 silly audit   'lodash-es': [ '4.18.1' ],
3897 silly audit   moment: [ '2.30.1' ],
3897 silly audit   'omit.js': [ '2.0.2' ],
3897 silly audit   'resize-observer-polyfill': [ '1.5.1' ],
3897 silly audit   'scroll-into-view-if-needed': [ '2.2.31' ],
3897 silly audit   'shallow-equal': [ '1.2.1' ],
3897 silly audit   'vue-types': [ '3.0.2' ],
3897 silly audit   warning: [ '4.0.3' ],
3897 silly audit   nanopop: [ '2.4.2' ],
3897 silly audit   'follow-redirects': [ '1.16.0' ],
3897 silly audit   ms: [ '2.1.3', '2.0.0' ],
3897 silly audit   '@babel/code-frame': [ '7.12.11', '7.29.7' ],
3897 silly audit   '@eslint/eslintrc': [ '0.4.3' ],
3897 silly audit   '@humanwhocodes/config-array': [ '0.5.0' ],
3897 silly audit   ajv: [ '6.15.0', '8.20.0' ],
3897 silly audit   chalk: [ '4.1.2', '2.4.2', '1.1.3' ],
3897 silly audit   'cross-spawn': [ '7.0.6' ],
3897 silly audit   doctrine: [ '3.0.0', '2.1.0' ],
3897 silly audit   enquirer: [ '2.4.1' ],
3897 silly audit   'escape-string-regexp': [ '4.0.0', '1.0.5' ],
3897 silly audit   'eslint-utils': [ '2.1.0' ],
3897 silly audit   espree: [ '7.3.1', '6.2.1' ],
3897 silly audit   esquery: [ '1.7.0' ],
3897 silly audit   esutils: [ '2.0.3' ],
3897 silly audit   'fast-deep-equal': [ '3.1.3' ],
3897 silly audit   'file-entry-cache': [ '6.0.1' ],
3897 silly audit   'functional-red-black-tree': [ '1.0.1' ],
3897 silly audit   'glob-parent': [ '5.1.2' ],
3897 silly audit   globals: [ '13.24.0' ],
3897 silly audit   'import-fresh': [ '3.3.1' ],
3897 silly audit   imurmurhash: [ '0.1.4' ],
3897 silly audit   'js-yaml': [ '3.15.0' ],
3897 silly audit   'json-stable-stringify-without-jsonify': [ '1.0.1' ],
3897 silly audit   levn: [ '0.4.1' ],
3897 silly audit   'lodash.merge': [ '4.6.2' ],
3897 silly audit   minimatch: [ '3.1.5' ],
3897 silly audit   'natural-compare': [ '1.4.0' ],
3897 silly audit   optionator: [ '0.9.4' ],
3897 silly audit   progress: [ '2.0.3' ],
3897 silly audit   regexpp: [ '3.2.0' ],
3897 silly audit   'strip-ansi': [ '6.0.1', '3.0.1' ],
3897 silly audit   'strip-json-comments': [ '3.1.1' ],
3897 silly audit   table: [ '6.9.0' ],
3897 silly audit   'text-table': [ '0.2.0' ],
3897 silly audit   'v8-compile-cache': [ '2.4.0' ],
3897 silly audit   '@babel/highlight': [ '7.25.9' ],
3897 silly audit   'js-tokens': [ '4.0.0' ],
3897 silly audit   picocolors: [ '1.1.1' ],
3897 silly audit   '@humanwhocodes/object-schema': [ '1.2.1' ],
3897 silly audit   'fast-json-stable-stringify': [ '2.1.0' ],
3897 silly audit   'json-schema-traverse': [ '0.4.1', '1.0.0' ],
3897 silly audit   'uri-js': [ '4.4.1' ],
3897 silly audit   'ansi-styles': [ '4.3.0', '3.2.1', '2.2.1' ],
3897 silly audit   'supports-color': [ '7.2.0', '5.5.0', '3.2.3', '2.0.0' ],
3897 silly audit   'color-convert': [ '2.0.1', '1.9.3' ],
3897 silly audit   'color-name': [ '1.1.4', '1.1.3' ],
3897 silly audit   'path-key': [ '3.1.1' ],
3897 silly audit   'shebang-command': [ '2.0.0' ],
3897 silly audit   which: [ '2.0.2' ],
3897 silly audit   'ansi-colors': [ '4.1.3' ],
3897 silly audit   '@rtsao/scc': [ '1.1.0' ],
3897 silly audit   'array-includes': [ '3.1.9' ],
3897 silly audit   'array.prototype.findlastindex': [ '1.2.6' ],
3897 silly audit   'array.prototype.flat': [ '1.3.3' ],
3897 silly audit   'array.prototype.flatmap': [ '1.3.3' ],
3897 silly audit   'eslint-import-resolver-node': [ '0.3.10' ],
3897 silly audit   'eslint-module-utils': [ '2.14.0' ],
3897 silly audit   hasown: [ '2.0.4' ],
3897 silly audit   'is-core-module': [ '2.16.2' ],
3897 silly audit   'object.fromentries': [ '2.0.8' ],
3897 silly audit   'object.groupby': [ '1.0.3' ],
3897 silly audit   'object.values': [ '1.2.1' ],
3897 silly audit   'string.prototype.trimend': [ '1.0.10' ],
3897 silly audit   'tsconfig-paths': [ '3.15.0' ],
3897 silly audit   'call-bind': [ '1.0.9' ],
3897 silly audit   'call-bound': [ '1.0.4' ],
3897 silly audit   'define-properties': [ '1.2.1' ],
3897 silly audit   'es-abstract': [ '1.24.2' ],
3897 silly audit   'es-object-atoms': [ '1.1.2' ],
3897 silly audit   'get-intrinsic': [ '1.3.0' ],
3897 silly audit   'is-string': [ '1.1.1' ],
3897 silly audit   'math-intrinsics': [ '1.1.0' ],
3897 silly audit   'es-errors': [ '1.3.0' ],
3897 silly audit   'es-shim-unscopables': [ '1.1.0' ],
3897 silly audit   'call-bind-apply-helpers': [ '1.0.2' ],
3897 silly audit   'es-define-property': [ '1.0.1' ],
3897 silly audit   'set-function-length': [ '1.2.2' ],
3897 silly audit   'function-bind': [ '1.1.2' ],
3897 silly audit   'define-data-property': [ '1.1.4' ],
3897 silly audit   'has-property-descriptors': [ '1.0.2' ],
3897 silly audit   'object-keys': [ '1.1.1' ],
3897 silly audit   gopd: [ '1.2.0' ],
3897 silly audit   'array-buffer-byte-length': [ '1.0.2' ],
3897 silly audit   'arraybuffer.prototype.slice': [ '1.0.4' ],
3897 silly audit   'available-typed-arrays': [ '1.0.7' ],
3897 silly audit   'data-view-buffer': [ '1.0.2' ],
3897 silly audit   'data-view-byte-length': [ '1.0.2' ],
3897 silly audit   'data-view-byte-offset': [ '1.0.1' ],
3897 silly audit   'es-set-tostringtag': [ '2.1.0' ],
3897 silly audit   'es-to-primitive': [ '1.3.4' ],
3897 silly audit   'function.prototype.name': [ '1.2.0' ],
3897 silly audit   'get-proto': [ '1.0.1' ],
3897 silly audit   'get-symbol-description': [ '1.1.0' ],
3897 silly audit   globalthis: [ '1.0.4' ],
3897 silly audit   'has-proto': [ '1.2.0' ],
3897 silly audit   'has-symbols': [ '1.1.0' ],
3897 silly audit   'internal-slot': [ '1.1.0' ],
3897 silly audit   'is-array-buffer': [ '3.0.5' ],
3897 silly audit   'is-callable': [ '1.2.7' ],
3897 silly audit   'is-data-view': [ '1.0.2' ],
3897 silly audit   'is-negative-zero': [ '2.0.3' ],
3897 silly audit   'is-regex': [ '1.2.1' ],
3897 silly audit   'is-set': [ '2.0.3' ],
3897 silly audit   'is-shared-array-buffer': [ '1.0.4' ],
3897 silly audit   'is-typed-array': [ '1.1.15' ],
3897 silly audit   'is-weakref': [ '1.1.1' ],
3897 silly audit   'object-inspect': [ '1.13.4' ],
3897 silly audit   'object.assign': [ '4.1.7' ],
3897 silly audit   'own-keys': [ '1.0.2' ],
3897 silly audit   'regexp.prototype.flags': [ '1.5.4' ],
3897 silly audit   'safe-array-concat': [ '1.1.4' ],
3897 silly audit   'safe-push-apply': [ '1.0.0' ],
3897 silly audit   'safe-regex-test': [ '1.1.0' ],
3897 silly audit   'set-proto': [ '1.0.0' ],
3897 silly audit   'stop-iteration-iterator': [ '1.1.0' ],
3897 silly audit   'string.prototype.trim': [ '1.2.11' ],
3897 silly audit   'string.prototype.trimstart': [ '1.0.8' ],
3897 silly audit   'typed-array-buffer': [ '1.0.3' ],
3897 silly audit   'typed-array-byte-length': [ '1.0.3' ],
3897 silly audit   'typed-array-byte-offset': [ '1.0.4' ],
3897 silly audit   'typed-array-length': [ '1.0.8' ],
3897 silly audit   'unbox-primitive': [ '1.1.0' ],
3897 silly audit   'which-typed-array': [ '1.1.22' ],
3897 silly audit   'possible-typed-array-names': [ '1.1.0' ],
3897 silly audit   'has-tostringtag': [ '1.0.2' ],
3897 silly audit   'es-abstract-get': [ '1.0.0' ],
3897 silly audit   'is-date-object': [ '1.1.0' ],
3897 silly audit   'is-symbol': [ '1.1.1' ],
3897 silly audit   resolve: [ '2.0.0-next.7', '1.22.12' ],
3897 silly audit   'eslint-plugin-es': [ '3.0.1' ],
3897 silly audit   'vue-eslint-parser': [ '7.11.0' ],
3897 silly audit   esrecurse: [ '4.3.0' ],
3897 silly audit   estraverse: [ '4.3.0', '5.3.0' ],
3897 silly audit   acorn: [ '7.4.1' ],
3897 silly audit   'acorn-jsx': [ '5.3.2' ],
3897 silly audit   'flat-cache': [ '3.2.0' ],
3897 silly audit   flatted: [ '3.4.3' ],
3897 silly audit   keyv: [ '4.5.4' ],
3897 silly audit   rimraf: [ '3.0.2', '2.7.1' ],
3897 silly audit   'fetch-blob': [ '3.2.0' ],
3897 silly audit   'node-domexception': [ '1.0.0' ],
3897 silly audit   'web-streams-polyfill': [ '3.3.3' ],
3897 silly audit   'functions-have-names': [ '1.2.3' ],
3897 silly audit   'is-document.all': [ '1.0.0' ],
3897 silly audit   'dunder-proto': [ '1.0.1' ],
3897 silly audit   'type-fest': [ '0.20.2' ],
3897 silly audit   'array-union': [ '2.1.0' ],
3897 silly audit   'dir-glob': [ '3.0.1' ],
3897 silly audit   'fast-glob': [ '3.3.3' ],
3897 silly audit   merge2: [ '1.4.1' ],
3897 silly audit   slash: [ '3.0.0' ],
3897 silly audit   'path-type': [ '4.0.0' ],
3897 silly audit   '@nodelib/fs.stat': [ '2.0.5' ],
3897 silly audit   '@nodelib/fs.walk': [ '1.2.8' ],
3897 silly audit   micromatch: [ '4.0.8', '3.1.0' ],
3897 silly audit   '@nodelib/fs.scandir': [ '2.1.5' ],
3897 silly audit   fastq: [ '1.20.1' ],
3897 silly audit   'run-parallel': [ '1.2.0' ],
3897 silly audit   reusify: [ '1.1.0' ],
3897 silly audit   'parent-module': [ '1.0.1' ],
3897 silly audit   'resolve-from': [ '4.0.0' ],
3897 silly audit   'side-channel': [ '1.1.1' ],
3897 silly audit   'is-extglob': [ '2.1.1' ],
3897 silly audit   argparse: [ '1.0.10' ],
3897 silly audit   esprima: [ '4.0.1' ],
3897 silly audit   'sprintf-js': [ '1.0.3' ],
3897 silly audit   'json-buffer': [ '3.0.1' ],
3897 silly audit   'prelude-ls': [ '1.2.1' ],
3897 silly audit   'type-check': [ '0.4.0' ],
3897 silly audit   'sourcemap-codec': [ '1.4.8' ],
3897 silly audit   braces: [ '3.0.3', '2.3.2' ],
3897 silly audit   picomatch: [ '2.3.2', '4.0.5' ],
3897 silly audit   'fill-range': [ '7.1.1', '4.0.0' ],
3897 silly audit   'to-regex-range': [ '5.0.1', '2.1.1' ],
3897 silly audit   'brace-expansion': [ '1.1.16' ],
3897 silly audit   'balanced-match': [ '1.0.2' ],
3897 silly audit   'concat-map': [ '0.0.1' ],
3897 silly audit   commist: [ '1.1.0' ],
3897 silly audit   'concat-stream': [ '2.0.0' ],
3897 silly audit   duplexify: [ '4.1.3' ],
3897 silly audit   'help-me': [ '3.0.0' ],
3897 silly audit   inherits: [ '2.0.4' ],
3897 silly audit   'lru-cache': [ '6.0.0', '5.1.1' ],
3897 silly audit   minimist: [ '1.2.8' ],
3897 silly audit   'mqtt-packet': [ '6.10.0' ],
3897 silly audit   'number-allocator': [ '1.0.14' ],
3897 silly audit   pump: [ '3.0.4' ],
3897 silly audit   'readable-stream': [ '3.6.2', '2.3.8' ],
3897 silly audit   reinterval: [ '1.1.0' ],
3897 silly audit   rfdc: [ '1.4.1' ],
3897 silly audit   split2: [ '3.2.2' ],
3897 silly audit   ws: [ '7.5.13' ],
3897 silly audit   xtend: [ '4.0.2' ],
3897 silly audit   leven: [ '2.1.0' ],
3897 silly audit   'buffer-from': [ '1.1.2' ],
3897 silly audit   typedarray: [ '0.0.6' ],
3897 silly audit   'end-of-stream': [ '1.4.5' ],
3897 silly audit   'stream-shift': [ '1.0.3' ],
3897 silly audit   once: [ '1.4.0' ],
3897 silly audit   glob: [ '7.2.3' ],
3897 silly audit   'fs.realpath': [ '1.0.0' ],
3897 silly audit   inflight: [ '1.0.6' ],
3897 silly audit   'path-is-absolute': [ '1.0.1' ],
3897 silly audit   wrappy: [ '1.0.2' ],
3897 silly audit   yallist: [ '4.0.0', '3.1.1' ],
3897 silly audit   bl: [ '4.1.0' ],
3897 silly audit   'process-nextick-args': [ '2.0.1' ],
3897 silly audit   buffer: [ '5.7.1' ],
3897 silly audit   'base64-js': [ '1.5.1' ],
3897 silly audit   ieee754: [ '1.2.1' ],
3897 silly audit   'js-sdsl': [ '4.3.0' ],
3897 silly audit   'deep-is': [ '0.1.4' ],
3897 silly audit   'fast-levenshtein': [ '2.0.6' ],
3897 silly audit   'word-wrap': [ '1.2.5' ],
3897 silly audit   callsites: [ '3.1.0' ],
3897 silly audit   nanoid: [ '3.3.16' ],
3897 silly audit   'decode-uri-component': [ '0.2.2' ],
3897 silly audit   'filter-obj': [ '1.1.0' ],
3897 silly audit   'split-on-first': [ '1.1.0' ],
3897 silly audit   'strict-uri-encode': [ '2.0.0', '1.1.0' ],
3897 silly audit   string_decoder: [ '1.3.0', '1.1.1' ],
3897 silly audit   'util-deprecate': [ '1.0.2' ],
3897 silly audit   'set-function-name': [ '2.0.2' ],
3897 silly audit   'node-exports-info': [ '1.6.2' ],
3897 silly audit   'path-parse': [ '1.0.7' ],
3897 silly audit   'supports-preserve-symlinks-flag': [ '1.0.0' ],
3897 silly audit   'object.entries': [ '1.1.9' ],
3897 silly audit   '@rollup/pluginutils': [ '4.2.1' ],
3897 silly audit   'is-reference': [ '1.2.1' ],
3897 silly audit   '@types/estree': [ '1.0.9' ],
3897 silly audit   'queue-microtask': [ '1.2.3' ],
3897 silly audit   isarray: [ '2.0.5', '1.0.0' ],
3897 silly audit   '@parcel/watcher': [ '2.6.0' ],
3897 silly audit   chokidar: [ '5.0.0' ],
3897 silly audit   immutable: [ '5.1.9' ],
3897 silly audit   '@parcel/watcher-android-arm64': [ '2.6.0' ],
3897 silly audit   '@parcel/watcher-darwin-arm64': [ '2.6.0' ],
3897 silly audit   '@parcel/watcher-darwin-x64': [ '2.6.0' ],
3897 silly audit   '@parcel/watcher-freebsd-x64': [ '2.6.0' ],
3897 silly audit   '@parcel/watcher-linux-arm-glibc': [ '2.6.0' ],
3897 silly audit   '@parcel/watcher-linux-arm-musl': [ '2.6.0' ],
3897 silly audit   '@parcel/watcher-linux-arm64-glibc': [ '2.6.0' ],
3897 silly audit   '@parcel/watcher-linux-arm64-musl': [ '2.6.0' ],
3897 silly audit   '@parcel/watcher-linux-x64-glibc': [ '2.6.0' ],
3897 silly audit   '@parcel/watcher-linux-x64-musl': [ '2.6.0' ],
3897 silly audit   '@parcel/watcher-win32-arm64': [ '2.6.0' ],
3897 silly audit   '@parcel/watcher-win32-x64': [ '2.6.0' ],
3897 silly audit   'detect-libc': [ '2.1.2' ],
3897 silly audit   'node-addon-api': [ '7.1.1' ],
3897 silly audit   readdirp: [ '5.0.0' ],
3897 silly audit   'compute-scroll-into-view': [ '1.0.20' ],
3897 silly audit   'shebang-regex': [ '3.0.0' ],
3897 silly audit   'side-channel-list': [ '1.0.1' ],
3897 silly audit   'side-channel-map': [ '1.0.1' ],
3897 silly audit   'side-channel-weakmap': [ '1.0.2' ],
3897 silly audit   'safe-buffer': [ '5.2.1', '5.1.2' ],
3897 silly audit   'ansi-regex': [ '5.0.1', '2.1.1' ],
3897 silly audit   'has-flag': [ '4.0.0', '3.0.0', '1.0.0' ],
3897 silly audit   'lodash.truncate': [ '4.4.2' ],
3897 silly audit   'slice-ansi': [ '4.0.0' ],
3897 silly audit   'string-width': [ '4.2.3' ],
3897 silly audit   'astral-regex': [ '2.0.0' ],
3897 silly audit   'is-fullwidth-code-point': [ '3.0.0' ],
3897 silly audit   'emoji-regex': [ '8.0.0' ],
3897 silly audit   'is-number': [ '7.0.0', '3.0.0' ],
3897 silly audit   '@types/json5': [ '0.0.29' ],
3897 silly audit   json5: [ '1.0.2', '2.2.3' ],
3897 silly audit   'strip-bom': [ '3.0.0' ],
3897 silly audit   tslib: [ '1.14.1', '2.8.1' ],
3897 silly audit   'for-each': [ '0.3.5' ],
3897 silly audit   'reflect.getprototypeof': [ '1.0.10' ],
3897 silly audit   'which-builtin-type': [ '1.2.1' ],
3897 silly audit   'has-bigints': [ '1.1.0' ],
3897 silly audit   'which-boxed-primitive': [ '1.1.1' ],
3897 silly audit   punycode: [ '2.3.1' ],
3897 silly audit   'copy-text-to-clipboard': [ '3.2.2' ],
3897 silly audit   'mutation-observer': [ '1.0.3' ],
3897 silly audit   esbuild: [ '0.14.54' ],
3897 silly audit   fsevents: [ '2.3.3' ],
3897 silly audit   rollup: [ '2.77.3' ],
3897 silly audit   '@esbuild/linux-loong64': [ '0.14.54' ],
3897 silly audit   'esbuild-android-64': [ '0.14.54' ],
3897 silly audit   'esbuild-android-arm64': [ '0.14.54' ],
3897 silly audit   'esbuild-darwin-64': [ '0.14.54' ],
3897 silly audit   'esbuild-darwin-arm64': [ '0.14.54' ],
3897 silly audit   'esbuild-freebsd-64': [ '0.14.54' ],
3897 silly audit   'esbuild-freebsd-arm64': [ '0.14.54' ],
3897 silly audit   'esbuild-linux-32': [ '0.14.54' ],
3897 silly audit   'esbuild-linux-64': [ '0.14.54' ],
3897 silly audit   'esbuild-linux-arm': [ '0.14.54' ],
3897 silly audit   'esbuild-linux-arm64': [ '0.14.54' ],
3897 silly audit   'esbuild-linux-mips64le': [ '0.14.54' ],
3897 silly audit   'esbuild-linux-ppc64le': [ '0.14.54' ],
3897 silly audit   'esbuild-linux-riscv64': [ '0.14.54' ],
3897 silly audit   'esbuild-linux-s390x': [ '0.14.54' ],
3897 silly audit   'esbuild-netbsd-64': [ '0.14.54' ],
3897 silly audit   'esbuild-openbsd-64': [ '0.14.54' ],
3897 silly audit   'esbuild-sunos-64': [ '0.14.54' ],
3897 silly audit   'esbuild-windows-32': [ '0.14.54' ],
3897 silly audit   'esbuild-windows-64': [ '0.14.54' ],
3897 silly audit   'esbuild-windows-arm64': [ '0.14.54' ],
3897 silly audit   '@types/eslint': [ '8.56.12' ],
3897 silly audit   '@babel/core': [ '7.29.7' ],
3897 silly audit   '@babel/plugin-syntax-import-meta': [ '7.10.4' ],
3897 silly audit   'babel-plugin-import': [ '1.13.8' ],
3897 silly audit   '@babel/generator': [ '7.29.7' ],
3897 silly audit   '@babel/helper-compilation-targets': [ '7.29.7' ],
3897 silly audit   '@babel/helper-module-transforms': [ '7.29.7' ],
3897 silly audit   '@babel/helpers': [ '7.29.7' ],
3897 silly audit   '@babel/template': [ '7.29.7' ],
3897 silly audit   '@babel/traverse': [ '7.29.7' ],
3897 silly audit   '@jridgewell/remapping': [ '2.3.5' ],
3897 silly audit   'convert-source-map': [ '2.0.0' ],
3897 silly audit   gensync: [ '1.0.0-beta.2' ],
3897 silly audit   '@jridgewell/gen-mapping': [ '0.3.13' ],
3897 silly audit   '@jridgewell/trace-mapping': [ '0.3.31' ],
3897 silly audit   jsesc: [ '3.1.0' ],
3897 silly audit   '@babel/compat-data': [ '7.29.7' ],
3897 silly audit   '@babel/helper-validator-option': [ '7.29.7' ],
3897 silly audit   browserslist: [ '4.28.7' ],
3897 silly audit   '@babel/helper-module-imports': [ '7.29.7' ],
3897 silly audit   '@babel/helper-plugin-utils': [ '7.29.7' ],
3897 silly audit   '@babel/helper-globals': [ '7.29.7' ],
3897 silly audit   '@jridgewell/sourcemap-codec': [ '1.5.5' ],
3897 silly audit   '@jridgewell/resolve-uri': [ '3.1.2' ],
3897 silly audit   'baseline-browser-mapping': [ '2.11.1' ],
3897 silly audit   'caniuse-lite': [ '1.0.30001806' ],
3897 silly audit   'electron-to-chromium': [ '1.5.395' ],
3897 silly audit   'node-releases': [ '2.0.51' ],
3897 silly audit   'update-browserslist-db': [ '1.2.3' ],
3897 silly audit   escalade: [ '3.2.0' ],
3897 silly audit   'fs-extra': [ '10.1.0' ],
3897 silly audit   'graceful-fs': [ '4.2.11' ],
3897 silly audit   jsonfile: [ '6.2.1' ],
3897 silly audit   universalify: [ '2.0.1' ],
3897 silly audit   'change-case': [ '4.1.2' ],
3897 silly audit   'es-module-lexer': [ '0.9.3' ],
3897 silly audit   'camel-case': [ '4.1.2' ],
3897 silly audit   'capital-case': [ '1.0.4' ],
3897 silly audit   'constant-case': [ '3.0.4' ],
3897 silly audit   'dot-case': [ '3.0.4' ],
3897 silly audit   'header-case': [ '2.0.4' ],
3897 silly audit   'no-case': [ '3.0.4' ],
3897 silly audit   'param-case': [ '3.0.4' ],
3897 silly audit   'pascal-case': [ '3.1.2' ],
3897 silly audit   'path-case': [ '3.0.4' ],
3897 silly audit   'sentence-case': [ '3.0.4' ],
3897 silly audit   'snake-case': [ '3.0.4' ],
3897 silly audit   'upper-case-first': [ '2.0.2' ],
3897 silly audit   'upper-case': [ '2.0.2' ],
3897 silly audit   'lower-case': [ '2.0.2' ],
3897 silly audit   '@types/svgo': [ '2.6.4' ],
3897 silly audit   cors: [ '2.8.6' ],
3897 silly audit   etag: [ '1.8.1' ],
3897 silly audit   'svg-baker': [ '1.7.0' ],
3897 silly audit   svgo: [ '2.8.3' ],
3897 silly audit   'object-assign': [ '4.1.1' ],
3897 silly audit   vary: [ '1.1.2' ],
3897 silly audit   bluebird: [ '3.7.2', '3.4.7' ],
3897 silly audit   clone: [ '2.1.2' ],
3897 silly audit   he: [ '1.2.0' ],
3897 silly audit   'image-size': [ '0.5.5' ],
3897 silly audit   'loader-utils': [ '1.4.2' ],
3897 silly audit   'merge-options': [ '1.0.1' ],
3897 silly audit   'postcss-prefix-selector': [ '1.16.1' ],
3897 silly audit   'posthtml-rename-id': [ '1.0.12' ],
3897 silly audit   'posthtml-svg-mode': [ '1.0.3' ],
3897 silly audit   traverse: [ '0.6.11', '0.3.9' ],
3897 silly audit   'big.js': [ '5.2.2' ],
3897 silly audit   'emojis-list': [ '3.0.0' ],
3897 silly audit   'is-plain-obj': [ '1.1.0' ],
3897 silly audit   posthtml: [ '0.9.2' ],
3897 silly audit   'posthtml-parser': [ '0.2.1' ],
3897 silly audit   'posthtml-render': [ '1.4.0' ],
3897 silly audit   htmlparser2: [ '3.10.1' ],
3897 silly audit   isobject: [ '2.1.0', '3.0.1' ],
3897 silly audit   domelementtype: [ '1.3.1', '2.3.0' ],
3897 silly audit   domhandler: [ '2.4.2', '4.3.1' ],
3897 silly audit   domutils: [ '1.7.0', '2.8.0' ],
3897 silly audit   'dom-serializer': [ '0.2.2', '1.4.1' ],
3897 silly audit   commander: [ '7.2.0' ],
3897 silly audit   'css-select': [ '4.3.0' ],
3897 silly audit   'css-tree': [ '1.1.3' ],
3897 silly audit   csso: [ '4.2.0' ],
3897 silly audit   sax: [ '1.6.0' ],
3897 silly audit   stable: [ '0.1.8' ],
3897 silly audit   boolbase: [ '1.0.0' ],
3897 silly audit   'css-what': [ '6.2.2' ],
3897 silly audit   'nth-check': [ '2.1.1' ],
3897 silly audit   'mdn-data': [ '2.0.14' ],
3897 silly audit   'source-map': [ '0.6.1', '0.5.7' ],
3897 silly audit   'typedarray.prototype.slice': [ '1.0.5' ],
3897 silly audit   '@vue/runtime-dom': [ '3.5.40' ],
3897 silly audit   '@vue/server-renderer': [ '3.5.40' ],
3897 silly audit   '@vue/reactivity': [ '3.5.40' ],
3897 silly audit   '@vue/runtime-core': [ '3.5.40' ],
3897 silly audit   csstype: [ '3.2.3' ],
3897 silly audit   '@intlify/core-base': [ '9.14.5' ],
3897 silly audit   '@intlify/shared': [ '9.14.5' ],
3897 silly audit   '@vue/devtools-api': [ '6.6.4' ],
3897 silly audit   '@intlify/message-compiler': [ '9.14.5' ],
3897 silly audit   unzipper: [ '0.10.11' ],
3897 silly audit   'big-integer': [ '1.6.52' ],
3897 silly audit   binary: [ '0.3.0' ],
3897 silly audit   'buffer-indexof-polyfill': [ '1.0.2' ],
3897 silly audit   duplexer2: [ '0.1.4' ],
3897 silly audit   fstream: [ '1.0.12' ],
3897 silly audit   listenercount: [ '1.0.1' ],
3897 silly audit   setimmediate: [ '1.0.5' ],
3897 silly audit   buffers: [ '0.1.1' ],
3897 silly audit   chainsaw: [ '0.1.0' ],
3897 silly audit   mkdirp: [ '0.5.6' ],
3897 silly audit   'is-plain-object': [ '3.0.1', '2.0.4' ],
3897 silly audit   'loose-envify': [ '1.4.0' ],
3897 silly audit   sdp: [ '3.2.2' ],
3897 silly audit   isexe: [ '2.0.0' ],
3897 silly audit   'is-bigint': [ '1.1.0' ],
3897 silly audit   'is-boolean-object': [ '1.2.2' ],
3897 silly audit   'is-number-object': [ '1.1.1' ],
3897 silly audit   'is-async-function': [ '2.1.1' ],
3897 silly audit   'is-finalizationregistry': [ '1.1.1' ],
3897 silly audit   'is-generator-function': [ '1.1.2' ],
3897 silly audit   'which-collection': [ '1.0.2' ],
3897 silly audit   'async-function': [ '1.0.0' ],
3897 silly audit   'generator-function': [ '2.0.1' ],
3897 silly audit   'is-map': [ '2.0.3' ],
3897 silly audit   'is-weakmap': [ '2.0.2' ],
3897 silly audit   'is-weakset': [ '2.0.4' ],
3897 silly audit   'form-data': [ '4.0.6' ],
3897 silly audit   'https-proxy-agent': [ '5.0.1' ],
3897 silly audit   'proxy-from-env': [ '2.1.0' ],
3897 silly audit   asynckit: [ '0.4.0' ],
3897 silly audit   'combined-stream': [ '1.0.8' ],
3897 silly audit   'mime-types': [ '2.1.35' ],
3897 silly audit   'delayed-stream': [ '1.0.0' ],
3897 silly audit   'agent-base': [ '6.0.2' ],
3897 silly audit   'mime-db': [ '1.52.0' ],
3897 silly audit   'core-util-is': [ '1.0.3' ],
3897 silly audit   'arr-diff': [ '4.0.0' ],
3897 silly audit   'array-unique': [ '0.3.2' ],
3897 silly audit   'define-property': [ '1.0.0', '0.2.5', '2.0.2' ],
3897 silly audit   'extend-shallow': [ '2.0.1', '3.0.2' ],
3897 silly audit   extglob: [ '2.0.4' ],
3897 silly audit   'fragment-cache': [ '0.2.1' ],
3897 silly audit   'kind-of': [ '5.1.0', '6.0.3', '4.0.0', '3.2.2' ],
3897 silly audit   nanomatch: [ '1.2.13' ],
3897 silly audit   'object.pick': [ '1.3.0' ],
3897 silly audit   'regex-not': [ '1.0.2' ],
3897 silly audit   snapdragon: [ '0.8.2' ],
3897 silly audit   'to-regex': [ '3.0.2' ],
3897 silly audit   'is-descriptor': [ '1.0.4', '0.1.8' ],
3897 silly audit   'is-extendable': [ '0.1.1', '1.0.1' ],
3897 silly audit   'expand-brackets': [ '2.1.4' ],
3897 silly audit   'posix-character-classes': [ '0.1.1' ],
3897 silly audit   'map-cache': [ '0.2.2' ],
3897 silly audit   'is-accessor-descriptor': [ '1.0.2' ],
3897 silly audit   'is-data-descriptor': [ '1.0.1' ],
3897 silly audit   'is-windows': [ '1.0.2' ],
3897 silly audit   'safe-regex': [ '1.1.0' ],
3897 silly audit   ret: [ '0.1.15' ],
3897 silly audit   base: [ '0.11.2' ],
3897 silly audit   'source-map-resolve': [ '0.5.3' ],
3897 silly audit   use: [ '3.1.1' ],
3897 silly audit   'cache-base': [ '1.0.1' ],
3897 silly audit   'class-utils': [ '0.3.6' ],
3897 silly audit   'component-emitter': [ '1.3.1' ],
3897 silly audit   'mixin-deep': [ '1.3.2' ],
3897 silly audit   pascalcase: [ '0.1.1' ],
3897 silly audit   'collection-visit': [ '1.0.0' ],
3897 silly audit   'get-value': [ '2.0.6' ],
3897 silly audit   'has-value': [ '1.0.0', '0.3.1' ],
3897 silly audit   'set-value': [ '2.0.1' ],
3897 silly audit   'to-object-path': [ '0.3.0' ],
3897 silly audit   'union-value': [ '1.0.1' ],
3897 silly audit   'unset-value': [ '1.0.0' ],
3897 silly audit   'arr-union': [ '3.1.0' ],
3897 silly audit   'static-extend': [ '0.1.2' ],
3897 silly audit   'map-visit': [ '1.0.0' ],
3897 silly audit   'object-visit': [ '1.0.1' ],
3897 silly audit   'has-values': [ '1.0.0', '0.1.4' ],
3897 silly audit   'for-in': [ '1.0.2' ],
3897 silly audit   'split-string': [ '3.1.0' ],
3897 silly audit   atob: [ '2.1.2' ],
3897 silly audit   'resolve-url': [ '0.2.1' ],
3897 silly audit   'source-map-url': [ '0.4.1' ],
3897 silly audit   urix: [ '0.1.0' ],
3897 silly audit   'object-copy': [ '0.1.0' ],
3897 silly audit   'copy-descriptor': [ '0.1.1' ],
3897 silly audit   'is-buffer': [ '1.1.6' ],
3897 silly audit   'assign-symbols': [ '1.0.0' ],
3897 silly audit   'arr-flatten': [ '1.1.0' ],
3897 silly audit   'repeat-element': [ '1.1.4' ],
3897 silly audit   'snapdragon-node': [ '2.1.1' ],
3897 silly audit   'snapdragon-util': [ '3.0.1' ],
3897 silly audit   'repeat-string': [ '1.6.1' ],
3897 silly audit   'js-base64': [ '2.6.4' ],
3897 silly audit   'has-ansi': [ '2.0.0' ],
3897 silly audit   'fast-uri': [ '3.1.4' ],
3897 silly audit   'require-from-string': [ '2.0.2' ]
3897 silly audit }
3898 http fetch POST 200 https://registry.npmjs.org/-/npm/v1/security/advisories/bulk 368ms
3899 silly audit report {
3899 silly audit report   axios: [
3899 silly audit report     {
3899 silly audit report       id: 1111034,
3899 silly audit report       url: 'https://github.com/advisories/GHSA-jr5f-v2jv-69x6',
3899 silly audit report       title: 'axios Requests Vulnerable To Possible SSRF and Credential Leakage via Absolute URL',
3899 silly audit report       severity: 'high',
3899 silly audit report       vulnerable_versions: '<0.30.0',
3899 silly audit report       cwe: [Array],
3899 silly audit report       cvss: [Object]
3899 silly audit report     },
3899 silly audit report     {
3899 silly audit report       id: 1119403,
3899 silly audit report       url: 'https://github.com/advisories/GHSA-fvcv-3m26-pcqx',
3899 silly audit report       title: 'Axios has Unrestricted Cloud Metadata Exfiltration via Header Injection Chain',
3899 silly audit report       severity: 'moderate',
3899 silly audit report       vulnerable_versions: '<0.31.0',
3899 silly audit report       cwe: [Array],
3899 silly audit report       cvss: [Object]
3899 silly audit report     },
3899 silly audit report     {
3899 silly audit report       id: 1120124,
3899 silly audit report       url: 'https://github.com/advisories/GHSA-62hf-57xw-28j9',
3899 silly audit report       title: 'Axios: unbounded recursion in toFormData causes DoS via deeply nested request data',
3899 silly audit report       severity: 'moderate',
3899 silly audit report       vulnerable_versions: '<=0.31.0',
3899 silly audit report       cwe: [Array],
3899 silly audit report       cvss: [Object]
3899 silly audit report     },
3899 silly audit report     {
3899 silly audit report       id: 1120546,
3899 silly audit report       url: 'https://github.com/advisories/GHSA-hfxv-24rg-xrqf',
3899 silly audit report       title: 'Axios: Regular Expression Denial of Service (ReDoS) via Cookie Name Injection',
3899 silly audit report       severity: 'high',
3899 silly audit report       vulnerable_versions: '<=0.31.1',
3899 silly audit report       cwe: [Array],
3899 silly audit report       cvss: [Object]
3899 silly audit report     },
3899 silly audit report     {
3899 silly audit report       id: 1120644,
3899 silly audit report       url: 'https://github.com/advisories/GHSA-p92q-9vqr-4j8v',
3899 silly audit report       title: 'Axios: Proxy-Authorization Credential Leak to Origin Server Across HTTP-to-HTTPS Redirect in Axios Node.js HTTP Adapter',
3899 silly audit report       severity: 'high',
3899 silly audit report       vulnerable_versions: '<=0.31.1',
3899 silly audit report       cwe: [Array],
3899 silly audit report       cvss: [Object]
3899 silly audit report     },
3899 silly audit report     {
3899 silly audit report       id: 1120646,
3899 silly audit report       url: 'https://github.com/advisories/GHSA-j5f8-grm9-p9fc',
3899 silly audit report       title: 'Axios: Proxy-Authorization header leaks to redirect target when proxy is re-evaluated to direct connection',
3899 silly audit report       severity: 'high',
3899 silly audit report       vulnerable_versions: '<=0.31.1',
3899 silly audit report       cwe: [Array],
3899 silly audit report       cvss: [Object]
3899 silly audit report     },
3899 silly audit report     {
3899 silly audit report       id: 1120648,
3899 silly audit report       url: 'https://github.com/advisories/GHSA-3g43-6gmg-66jw',
3899 silly audit report       title: 'axios Vulnerable to Credential Theft and Response Hijacking via Prototype Pollution Gadget in Config Merge',
3899 silly audit report       severity: 'high',
3899 silly audit report       vulnerable_versions: '>=0.19.0 <0.31.1',
3899 silly audit report       cwe: [Array],
3899 silly audit report       cvss: [Object]
3899 silly audit report     },
3899 silly audit report     {
3899 silly audit report       id: 1120651,
3899 silly audit report       url: 'https://github.com/advisories/GHSA-898c-q2cr-xwhg',
3899 silly audit report       title: 'axios has DoS & Header Injection via Prototype Pollution Read-Side Gadgets in axios merge functions',
3899 silly audit report       severity: 'moderate',
3899 silly audit report       vulnerable_versions: '<=0.31.1',
3899 silly audit report       cwe: [Array],
3899 silly audit report       cvss: [Object]
3899 silly audit report     },
3899 silly audit report     {
3899 silly audit report       id: 1116672,
3899 silly audit report       url: 'https://github.com/advisories/GHSA-3p68-rc4w-qgx5',
3899 silly audit report       title: 'Axios has a NO_PROXY Hostname Normalization Bypass that Leads to SSRF',
3899 silly audit report       severity: 'moderate',
3899 silly audit report       vulnerable_versions: '<0.31.0',
3899 silly audit report       cwe: [Array],
3899 silly audit report       cvss: [Object]
3899 silly audit report     },
3899 silly audit report     {
3899 silly audit report       id: 1117573,
3899 silly audit report       url: 'https://github.com/advisories/GHSA-w9j2-pvgh-6h63',
3899 silly audit report       title: 'Axios: Authentication Bypass via Prototype Pollution Gadget in `validateStatus` Merge Strategy',
3899 silly audit report       severity: 'moderate',
3899 silly audit report       vulnerable_versions: '<=0.31.0',
3899 silly audit report       cwe: [Array],
3899 silly audit report       cvss: [Object]
3899 silly audit report     },
3899 silly audit report     {
3899 silly audit report       id: 1117575,
3899 silly audit report       url: 'https://github.com/advisories/GHSA-pmwg-cvhr-8vh7',
3899 silly audit report       title: 'Axios: Incomplete Fix for CVE-2025-62718 — NO_PROXY Protection Bypassed via RFC 1122 Loopback Subnet (127.0.0.0/8) in Axios 1.15.0',
3899 silly audit report       severity: 'high',
3899 silly audit report       vulnerable_versions: '<=0.31.0',
3899 silly audit report       cwe: [Array],
3899 silly audit report       cvss: [Object]
3899 silly audit report     },
3899 silly audit report     {
3899 silly audit report       id: 1117579,
3899 silly audit report       url: 'https://github.com/advisories/GHSA-xhjh-pmcv-23jw',
3899 silly audit report       title: 'Axios: Null Byte Injection via Reverse-Encoding in AxiosURLSearchParams',
3899 silly audit report       severity: 'low',
3899 silly audit report       vulnerable_versions: '<=0.31.0',
3899 silly audit report       cwe: [Array],
3899 silly audit report       cvss: [Object]
3899 silly audit report     },
3899 silly audit report     {
3899 silly audit report       id: 1117582,
3899 silly audit report       url: 'https://github.com/advisories/GHSA-m7pr-hjqh-92cm',
3899 silly audit report       title: 'Axios: no_proxy bypass via IP alias allows SSRF',
3899 silly audit report       severity: 'moderate',
3899 silly audit report       vulnerable_versions: '<=0.31.0',
3899 silly audit report       cwe: [Array],
3899 silly audit report       cvss: [Object]
3899 silly audit report     },
3899 silly audit report     {
3899 silly audit report       id: 1117586,
3899 silly audit report       url: 'https://github.com/advisories/GHSA-5c9x-8gcm-mpgx',
3899 silly audit report       title: "Axios' HTTP adapter-streamed uploads bypass maxBodyLength when maxRedirects: 0",
3899 silly audit report       severity: 'moderate',
3899 silly audit report       vulnerable_versions: '<=0.31.0',
3899 silly audit report       cwe: [Array],
3899 silly audit report       cvss: [Object]
3899 silly audit report     },
3899 silly audit report     {
3899 silly audit report       id: 1117588,
3899 silly audit report       url: 'https://github.com/advisories/GHSA-vf2m-468p-8v99',
3899 silly audit report       title: 'Axios: HTTP adapter streamed responses bypass maxContentLength',
3899 silly audit report       severity: 'moderate',
3899 silly audit report       vulnerable_versions: '<=0.31.0',
3899 silly audit report       cwe: [Array],
3899 silly audit report       cvss: [Object]
3899 silly audit report     },
3899 silly audit report     {
3899 silly audit report       id: 1117590,
3899 silly audit report       url: 'https://github.com/advisories/GHSA-pf86-5x62-jrwf',
3899 silly audit report       title: 'Axios: Prototype Pollution Gadgets - Response Tampering, Data Exfiltration, and Request Hijacking',
3899 silly audit report       severity: 'high',
3899 silly audit report       vulnerable_versions: '<=0.31.0',
3899 silly audit report       cwe: [Array],
3899 silly audit report       cvss: [Object]
3899 silly audit report     },
3899 silly audit report     {
3899 silly audit report       id: 1117592,
3899 silly audit report       url: 'https://github.com/advisories/GHSA-6chq-wfr3-2hj9',
3899 silly audit report       title: 'Axios: Header Injection via Prototype Pollution',
3899 silly audit report       severity: 'high',
3899 silly audit report       vulnerable_versions: '<=0.31.0',
3899 silly audit report       cwe: [Array],
3899 silly audit report       cvss: [Object]
3899 silly audit report     },
3899 silly audit report     {
3899 silly audit report       id: 1117594,
3899 silly audit report       url: 'https://github.com/advisories/GHSA-xx6v-rp6x-q39c',
3899 silly audit report       title: 'Axios: XSRF Token Cross-Origin Leakage via Prototype Pollution Gadget in `withXSRFToken` Boolean Coercion',
3899 silly audit report       severity: 'moderate',
3899 silly audit report       vulnerable_versions: '<=0.31.0',
3899 silly audit report       cwe: [Array],
3899 silly audit report       cvss: [Object]
3899 silly audit report     },
3899 silly audit report     {
3899 silly audit report       id: 1117857,
3899 silly audit report       url: 'https://github.com/advisories/GHSA-43fc-jf86-j433',
3899 silly audit report       title: 'Axios is Vulnerable to Denial of Service via __proto__ Key in mergeConfig',
3899 silly audit report       severity: 'high',
3899 silly audit report       vulnerable_versions: '<=0.30.2',
3899 silly audit report       cwe: [Array],
3899 silly audit report       cvss: [Object]
3899 silly audit report     },
3899 silly audit report     {
3899 silly audit report       id: 1123825,
3899 silly audit report       url: 'https://github.com/advisories/GHSA-pjwm-pj3p-43mv',
3899 silly audit report       title: "axios's shouldBypassProxy does not recognize IPv4-mapped IPv6 addresses, allowing NO_PROXY bypass (incomplete fix for CVE-2025-62718)",
3899 silly audit report       severity: 'high',
3899 silly audit report       vulnerable_versions: '<=0.31.1',
3899 silly audit report       cwe: [Array],
3899 silly audit report       cvss: [Object]
3899 silly audit report     },
3899 silly audit report     {
3899 silly audit report       id: 1123958,
3899 silly audit report       url: 'https://github.com/advisories/GHSA-mmx7-hfxf-jppx',
3899 silly audit report       title: 'Axios: Prototype pollution gadgets can alter axios request construction',
3899 silly audit report       severity: 'moderate',
3899 silly audit report       vulnerable_versions: '<0.33.0',
3899 silly audit report       cwe: [Array],
3899 silly audit report       cvss: [Object]
3899 silly audit report     },
3899 silly audit report     {
3899 silly audit report       id: 1123972,
3899 silly audit report       url: 'https://github.com/advisories/GHSA-7q8q-rj6j-mhjq',
3899 silly audit report       title: 'Axios: Nested axios option objects can consume polluted prototype values',
3899 silly audit report       severity: 'moderate',
3899 silly audit report       vulnerable_versions: '>=0.8.0 <0.33.0',
3899 silly audit report       cwe: [Array],
3899 silly audit report       cvss: [Object]
3899 silly audit report     },
3899 silly audit report     {
3899 silly audit report       id: 1097679,
3899 silly audit report       url: 'https://github.com/advisories/GHSA-wf5p-g6vw-rhxx',
3899 silly audit report       title: 'Axios Cross-Site Request Forgery Vulnerability',
3899 silly audit report       severity: 'moderate',
3899 silly audit report       vulnerable_versions: '>=0.8.1 <0.28.0',
3899 silly audit report       cwe: [Array],
3899 silly audit report       cvss: [Object]
3899 silly audit report     }
3899 silly audit report   ],
3899 silly audit report   vite: [
3899 silly audit report     {
3899 silly audit report       id: 1099690,
3899 silly audit report       url: 'https://github.com/advisories/GHSA-64vr-g452-qvp3',
3899 silly audit report       title: 'Vite DOM Clobbering gadget found in vite bundled scripts that leads to XSS',
3899 silly audit report       severity: 'moderate',
3899 silly audit report       vulnerable_versions: '<3.2.11',
3899 silly audit report       cwe: [Array],
3899 silly audit report       cvss: [Object]
3899 silly audit report     },
3899 silly audit report     {
3899 silly audit report       id: 1099695,
3899 silly audit report       url: 'https://github.com/advisories/GHSA-9cwx-2883-4wfx',
3899 silly audit report       title: "Vite's `server.fs.deny` is bypassed when using `?import&raw`",
3899 silly audit report       severity: 'moderate',
3899 silly audit report       vulnerable_versions: '<=3.2.10',
3899 silly audit report       cwe: [Array],
3899 silly audit report       cvss: [Object]
3899 silly audit report     },
3899 silly audit report     {
3899 silly audit report       id: 1102436,
3899 silly audit report       url: 'https://github.com/advisories/GHSA-vg6x-rcgg-rjx6',
3899 silly audit report       title: 'Websites were able to send any requests to the development server and read the response in vite',
3899 silly audit report       severity: 'moderate',
3899 silly audit report       vulnerable_versions: '<=4.5.5',
3899 silly audit report       cwe: [Array],
3899 silly audit report       cvss: [Object]
3899 silly audit report     },
3899 silly audit report     {
3899 silly audit report       id: 1103516,
3899 silly audit report       url: 'https://github.com/advisories/GHSA-x574-m823-4x7w',
3899 silly audit report       title: 'Vite bypasses server.fs.deny when using ?raw??',
3899 silly audit report       severity: 'moderate',
3899 silly audit report       vulnerable_versions: '<4.5.10',
3899 silly audit report       cwe: [Array],
3899 silly audit report       cvss: [Object]
3899 silly audit report     },
3899 silly audit report     {
3899 silly audit report       id: 1103883,
3899 silly audit report       url: 'https://github.com/advisories/GHSA-356w-63v5-8wf4',
3899 silly audit report       title: 'Vite has an `server.fs.deny` bypass with an invalid `request-target`',
3899 silly audit report       severity: 'moderate',
3899 silly audit report       vulnerable_versions: '<4.5.13',
3899 silly audit report       cwe: [Array],
3899 silly audit report       cvss: [Object]
3899 silly audit report     },
3899 silly audit report     {
3899 silly audit report       id: 1104172,
3899 silly audit report       url: 'https://github.com/advisories/GHSA-859w-5945-r5v3',
3899 silly audit report       title: "Vite's server.fs.deny bypassed with /. for files under project root",
3899 silly audit report       severity: 'moderate',
3899 silly audit report       vulnerable_versions: '<=4.5.13',
3899 silly audit report       cwe: [Array],
3899 silly audit report       cvss: [Object]
3899 silly audit report     },
3899 silly audit report     {
3899 silly audit report       id: 1104201,
3899 silly audit report       url: 'https://github.com/advisories/GHSA-xcj6-pq6g-qj4x',
3899 silly audit report       title: 'Vite allows server.fs.deny to be bypassed with .svg or relative paths',
3899 silly audit report       severity: 'moderate',
3899 silly audit report       vulnerable_versions: '<4.5.12',
3899 silly audit report       cwe: [Array],
3899 silly audit report       cvss: [Object]
3899 silly audit report     },
3899 silly audit report     {
3899 silly audit report       id: 1107323,
3899 silly audit report       url: 'https://github.com/advisories/GHSA-g4jq-h2w9-997c',
3899 silly audit report       title: 'Vite middleware may serve files starting with the same name with the public directory',
3899 silly audit report       severity: 'low',
3899 silly audit report       vulnerable_versions: '<=5.4.19',
3899 silly audit report       cwe: [Array],
3899 silly audit report       cvss: [Object]
3899 silly audit report     },
3899 silly audit report     {
3899 silly audit report       id: 1107327,
3899 silly audit report       url: 'https://github.com/advisories/GHSA-jqfw-vq24-v9c3',
3899 silly audit report       title: "Vite's `server.fs` settings were not applied to HTML files",
3899 silly audit report       severity: 'low',
3899 silly audit report       vulnerable_versions: '<=5.4.19',
3899 silly audit report       cwe: [Array],
3899 silly audit report       cvss: [Object]
3899 silly audit report     },
3899 silly audit report     {
3899 silly audit report       id: 1109134,
3899 silly audit report       url: 'https://github.com/advisories/GHSA-93m4-6634-74q7',
3899 silly audit report       title: 'vite allows server.fs.deny bypass via backslash on Windows',
3899 silly audit report       severity: 'moderate',
3899 silly audit report       vulnerable_versions: '>=2.9.18 <3.0.0',
3899 silly audit report       cwe: [Array],
3899 silly audit report       cvss: [Object]
3899 silly audit report     },
3899 silly audit report     {
3899 silly audit report       id: 1112510,
3899 silly audit report       url: 'https://github.com/advisories/GHSA-4r4m-qw57-chr8',
3899 silly audit report       title: 'Vite has a `server.fs.deny` bypassed for `inline` and `raw` with `?import` query',
3899 silly audit report       severity: 'moderate',
3899 silly audit report       vulnerable_versions: '<4.5.11',
3899 silly audit report       cwe: [Array],
3899 silly audit report       cvss: [Object]
3899 silly audit report     },
3899 silly audit report     {
3899 silly audit report       id: 1120061,
3899 silly audit report       url: 'https://github.com/advisories/GHSA-c27g-q93r-2cwf',
3899 silly audit report       title: 'launch-editor vulnerable to command injection via the crafted request on Windows',
3899 silly audit report       severity: 'high',
3899 silly audit report       vulnerable_versions: '<=5.4.8',
3899 silly audit report       cwe: [Array],
3899 silly audit report       cvss: [Object]
3899 silly audit report     },
3899 silly audit report     {
3899 silly audit report       id: 1120784,
3899 silly audit report       url: 'https://github.com/advisories/GHSA-v6wh-96g9-6wx3',
3899 silly audit report       title: 'launch-editor: NTLMv2 hash disclosure via UNC path handling on Windows',
3899 silly audit report       severity: 'moderate',
3899 silly audit report       vulnerable_versions: '<=6.4.2',
3899 silly audit report       cwe: [Array],
3899 silly audit report       cvss: [Object]
3899 silly audit report     },
3899 silly audit report     {
3899 silly audit report       id: 1116229,
3899 silly audit report       url: 'https://github.com/advisories/GHSA-4w7w-66w2-5vf9',
3899 silly audit report       title: 'Vite Vulnerable to Path Traversal in Optimized Deps `.map` Handling',
3899 silly audit report       severity: 'moderate',
3899 silly audit report       vulnerable_versions: '<=6.4.1',
3899 silly audit report       cwe: [Array],
3899 silly audit report       cvss: [Object]
3899 silly audit report     },
3899 silly audit report     {
3899 silly audit report       id: 1123525,
3899 silly audit report       url: 'https://github.com/advisories/GHSA-fx2h-pf6j-xcff',
3899 silly audit report       title: 'vite: `server.fs.deny` bypass on Windows alternate paths',
3899 silly audit report       severity: 'high',
3899 silly audit report       vulnerable_versions: '<=6.4.2',
3899 silly audit report       cwe: [Array],
3899 silly audit report       cvss: [Object]
3899 silly audit report     }
3899 silly audit report   ],
3899 silly audit report   postcss: [
3899 silly audit report     {
3899 silly audit report       id: 1109574,
3899 silly audit report       url: 'https://github.com/advisories/GHSA-7fh5-64p2-3v2j',
3899 silly audit report       title: 'PostCSS line return parsing error',
3899 silly audit report       severity: 'moderate',
3899 silly audit report       vulnerable_versions: '<8.4.31',
3899 silly audit report       cwe: [Array],
3899 silly audit report       cvss: [Object]
3899 silly audit report     },
3899 silly audit report     {
3899 silly audit report       id: 1093539,
3899 silly audit report       url: 'https://github.com/advisories/GHSA-566m-qj78-rww5',
3899 silly audit report       title: 'Regular Expression Denial of Service in postcss',
3899 silly audit report       severity: 'moderate',
3899 silly audit report       vulnerable_versions: '<7.0.36',
3899 silly audit report       cwe: [Array],
3899 silly audit report       cvss: [Object]
3899 silly audit report     },
3899 silly audit report     {
3899 silly audit report       id: 1117015,
3899 silly audit report       url: 'https://github.com/advisories/GHSA-qx2v-qp2m-jg93',
3899 silly audit report       title: 'PostCSS has XSS via Unescaped </style> in its CSS Stringify Output',
3899 silly audit report       severity: 'moderate',
3899 silly audit report       vulnerable_versions: '<8.5.10',
3899 silly audit report       cwe: [Array],
3899 silly audit report       cvss: [Object]
3899 silly audit report     }
3899 silly audit report   ],
3899 silly audit report   micromatch: [
3899 silly audit report     {
3899 silly audit report       id: 1098681,
3899 silly audit report       url: 'https://github.com/advisories/GHSA-952p-6rrq-rcjv',
3899 silly audit report       title: 'Regular Expression Denial of Service (ReDoS) in micromatch',
3899 silly audit report       severity: 'moderate',
3899 silly audit report       vulnerable_versions: '<4.0.8',
3899 silly audit report       cwe: [Array],
3899 silly audit report       cvss: [Object]
3899 silly audit report     }
3899 silly audit report   ],
3899 silly audit report   braces: [
3899 silly audit report     {
3899 silly audit report       id: 1098094,
3899 silly audit report       url: 'https://github.com/advisories/GHSA-grv7-fg5c-xmjg',
3899 silly audit report       title: 'Uncontrolled resource consumption in braces',
3899 silly audit report       severity: 'high',
3899 silly audit report       vulnerable_versions: '<3.0.3',
3899 silly audit report       cwe: [Array],
3899 silly audit report       cvss: [Object]
3899 silly audit report     }
3899 silly audit report   ],
3899 silly audit report   esbuild: [
3899 silly audit report     {
3899 silly audit report       id: 1102341,
3899 silly audit report       url: 'https://github.com/advisories/GHSA-67mh-4wv8-2f99',
3899 silly audit report       title: 'esbuild enables any website to send any requests to the development server and read the response',
3899 silly audit report       severity: 'moderate',
3899 silly audit report       vulnerable_versions: '<=0.24.2',
3899 silly audit report       cwe: [Array],
3899 silly audit report       cvss: [Object]
3899 silly audit report     }
3899 silly audit report   ],
3899 silly audit report   rollup: [
3899 silly audit report     {
3899 silly audit report       id: 1099757,
3899 silly audit report       url: 'https://github.com/advisories/GHSA-gcx4-mw62-g8wm',
3899 silly audit report       title: 'DOM Clobbering Gadget found in rollup bundled scripts that leads to XSS',
3899 silly audit report       severity: 'high',
3899 silly audit report       vulnerable_versions: '<2.79.2',
3899 silly audit report       cwe: [Array],
3899 silly audit report       cvss: [Object]
3899 silly audit report     },
3899 silly audit report     {
3899 silly audit report       id: 1113517,
3899 silly audit report       url: 'https://github.com/advisories/GHSA-mw96-cpmx-2vgc',
3899 silly audit report       title: 'Rollup 4 has Arbitrary File Write via Path Traversal',
3899 silly audit report       severity: 'high',
3899 silly audit report       vulnerable_versions: '<2.80.0',
3899 silly audit report       cwe: [Array],
3899 silly audit report       cvss: [Object]
3899 silly audit report     }
3899 silly audit report   ]
3899 silly audit report }
3900 silly packumentCache corgi:https://registry.npmjs.org/axios cache-miss
3901 silly packumentCache corgi:https://registry.npmjs.org/vite cache-miss
3902 silly packumentCache corgi:https://registry.npmjs.org/postcss cache-miss
3903 silly packumentCache corgi:https://registry.npmjs.org/micromatch cache-miss
3904 silly packumentCache corgi:https://registry.npmjs.org/braces cache-miss
3905 silly packumentCache corgi:https://registry.npmjs.org/esbuild cache-miss
3906 silly packumentCache corgi:https://registry.npmjs.org/rollup cache-miss
3907 http fetch GET 200 https://registry.npmjs.org/urix/-/urix-0.1.0.tgz 249ms (cache miss)
3908 http fetch GET 200 https://registry.npmjs.org/assign-symbols/-/assign-symbols-1.0.0.tgz 251ms (cache miss)
3909 http fetch GET 200 https://registry.npmjs.org/repeat-element/-/repeat-element-1.1.4.tgz 251ms (cache miss)
3910 http fetch GET 200 https://registry.npmjs.org/js-base64/-/js-base64-2.6.4.tgz 253ms (cache miss)
3911 http fetch GET 200 https://registry.npmjs.org/snapdragon-util/-/snapdragon-util-3.0.1.tgz 254ms (cache miss)
3912 http fetch GET 200 https://registry.npmjs.org/has-ansi/-/has-ansi-2.0.0.tgz 254ms (cache miss)
3913 http fetch GET 200 https://registry.npmjs.org/repeat-string/-/repeat-string-1.6.1.tgz 255ms (cache miss)
3914 http fetch GET 200 https://registry.npmjs.org/arr-flatten/-/arr-flatten-1.1.0.tgz 255ms (cache miss)
3915 http fetch GET 200 https://registry.npmjs.org/snapdragon-node/-/snapdragon-node-2.1.1.tgz 255ms (cache miss)
3916 http fetch GET 200 https://registry.npmjs.org/is-buffer/-/is-buffer-1.1.6.tgz 258ms (cache miss)
3917 http fetch GET 200 https://registry.npmjs.org/require-from-string/-/require-from-string-2.0.2.tgz 268ms (cache miss)
3918 http fetch GET 200 https://registry.npmjs.org/object-copy/-/object-copy-0.1.0.tgz 267ms (cache miss)
3919 http fetch GET 200 https://registry.npmjs.org/copy-descriptor/-/copy-descriptor-0.1.1.tgz 268ms (cache miss)
3920 warn deprecated urix@0.1.0: Please see https://github.com/lydell/urix#deprecated
3921 http fetch GET 200 https://registry.npmjs.org/for-in/-/for-in-1.0.2.tgz 292ms (cache miss)
3922 http fetch GET 200 https://registry.npmjs.org/static-extend/-/static-extend-0.1.2.tgz 293ms (cache miss)
3923 http fetch GET 200 https://registry.npmjs.org/has-value/-/has-value-1.0.0.tgz 295ms (cache miss)
3924 http fetch GET 200 https://registry.npmjs.org/source-map-url/-/source-map-url-0.4.1.tgz 297ms (cache miss)
3925 http fetch GET 200 https://registry.npmjs.org/union-value/-/union-value-1.0.1.tgz 297ms (cache miss)
3926 http fetch GET 200 https://registry.npmjs.org/get-value/-/get-value-2.0.6.tgz 297ms (cache miss)
3927 http fetch GET 200 https://registry.npmjs.org/arr-union/-/arr-union-3.1.0.tgz 299ms (cache miss)
3928 http fetch GET 200 https://registry.npmjs.org/unset-value/-/unset-value-1.0.0.tgz 299ms (cache miss)
3929 http fetch GET 200 https://registry.npmjs.org/object-visit/-/object-visit-1.0.1.tgz 300ms (cache miss)
3930 http fetch GET 200 https://registry.npmjs.org/to-object-path/-/to-object-path-0.3.0.tgz 300ms (cache miss)
3931 http fetch GET 200 https://registry.npmjs.org/map-visit/-/map-visit-1.0.0.tgz 301ms (cache miss)
3932 http fetch GET 200 https://registry.npmjs.org/has-values/-/has-values-1.0.0.tgz 302ms (cache miss)
3933 http fetch GET 200 https://registry.npmjs.org/split-string/-/split-string-3.1.0.tgz 303ms (cache miss)
3934 http fetch GET 200 https://registry.npmjs.org/set-value/-/set-value-2.0.1.tgz 303ms (cache miss)
3935 warn deprecated source-map-url@0.4.1: See https://github.com/lydell/source-map-url#deprecated
3936 http fetch GET 200 https://registry.npmjs.org/resolve-url/-/resolve-url-0.2.1.tgz 307ms (cache miss)
3937 warn deprecated resolve-url@0.2.1: https://github.com/lydell/resolve-url#deprecated
3938 http fetch GET 200 https://registry.npmjs.org/class-utils/-/class-utils-0.3.6.tgz 330ms (cache miss)
3939 http fetch GET 200 https://registry.npmjs.org/ret/-/ret-0.1.15.tgz 330ms (cache miss)
3940 http fetch GET 200 https://registry.npmjs.org/collection-visit/-/collection-visit-1.0.0.tgz 332ms (cache miss)
3941 http fetch GET 200 https://registry.npmjs.org/cache-base/-/cache-base-1.0.1.tgz 333ms (cache miss)
3942 http fetch GET 200 https://registry.npmjs.org/source-map-resolve/-/source-map-resolve-0.5.3.tgz 332ms (cache miss)
3943 http fetch GET 200 https://registry.npmjs.org/mixin-deep/-/mixin-deep-1.3.2.tgz 334ms (cache miss)
3944 http fetch GET 200 https://registry.npmjs.org/pascalcase/-/pascalcase-0.1.1.tgz 336ms (cache miss)
3945 http fetch GET 200 https://registry.npmjs.org/component-emitter/-/component-emitter-1.3.1.tgz 337ms (cache miss)
3946 http fetch GET 200 https://registry.npmjs.org/base/-/base-0.11.2.tgz 337ms (cache miss)
3947 http fetch GET 200 https://registry.npmjs.org/safe-regex/-/safe-regex-1.1.0.tgz 338ms (cache miss)
3948 http fetch GET 200 https://registry.npmjs.org/is-accessor-descriptor/-/is-accessor-descriptor-1.0.2.tgz 340ms (cache miss)
3949 http fetch GET 200 https://registry.npmjs.org/is-windows/-/is-windows-1.0.2.tgz 341ms (cache miss)
3950 http fetch GET 200 https://registry.npmjs.org/is-data-descriptor/-/is-data-descriptor-1.0.1.tgz 342ms (cache miss)
3951 http fetch GET 200 https://registry.npmjs.org/posix-character-classes/-/posix-character-classes-0.1.1.tgz 342ms (cache miss)
3952 http fetch GET 200 https://registry.npmjs.org/use/-/use-3.1.1.tgz 346ms (cache miss)
3953 warn deprecated source-map-resolve@0.5.3: See https://github.com/lydell/source-map-resolve#deprecated
3954 http fetch GET 200 https://registry.npmjs.org/is-descriptor/-/is-descriptor-1.0.4.tgz 362ms (cache miss)
3955 http fetch GET 200 https://registry.npmjs.org/map-cache/-/map-cache-0.2.2.tgz 363ms (cache miss)
3956 http fetch GET 200 https://registry.npmjs.org/is-extendable/-/is-extendable-0.1.1.tgz 363ms (cache miss)
3957 http fetch GET 200 https://registry.npmjs.org/expand-brackets/-/expand-brackets-2.1.4.tgz 365ms (cache miss)
3958 http fetch GET 200 https://registry.npmjs.org/to-regex/-/to-regex-3.0.2.tgz 368ms (cache miss)
3959 http fetch GET 200 https://registry.npmjs.org/regex-not/-/regex-not-1.0.2.tgz 369ms (cache miss)
3960 http fetch GET 200 https://registry.npmjs.org/object.pick/-/object.pick-1.3.0.tgz 372ms (cache miss)
3961 http fetch GET 200 https://registry.npmjs.org/snapdragon/-/snapdragon-0.8.2.tgz 374ms (cache miss)
3962 http fetch GET 200 https://registry.npmjs.org/fast-uri/-/fast-uri-3.1.4.tgz 384ms (cache miss)
3963 http fetch GET 200 https://registry.npmjs.org/fragment-cache/-/fragment-cache-0.2.1.tgz 380ms (cache miss)
3964 http fetch GET 200 https://registry.npmjs.org/kind-of/-/kind-of-5.1.0.tgz 382ms (cache miss)
3965 http fetch GET 200 https://registry.npmjs.org/nanomatch/-/nanomatch-1.2.13.tgz 382ms (cache miss)
3966 http fetch GET 200 https://registry.npmjs.org/define-property/-/define-property-1.0.0.tgz 392ms (cache miss)
3967 http fetch GET 200 https://registry.npmjs.org/extend-shallow/-/extend-shallow-2.0.1.tgz 392ms (cache miss)
3968 http fetch GET 200 https://registry.npmjs.org/array-unique/-/array-unique-0.3.2.tgz 393ms (cache miss)
3969 http fetch GET 200 https://registry.npmjs.org/core-util-is/-/core-util-is-1.0.3.tgz 397ms (cache miss)
3970 http fetch GET 200 https://registry.npmjs.org/extglob/-/extglob-2.0.4.tgz 400ms (cache miss)
3971 http fetch GET 200 https://registry.npmjs.org/arr-diff/-/arr-diff-4.0.0.tgz 403ms (cache miss)
3972 http fetch GET 200 https://registry.npmjs.org/mime-types/-/mime-types-2.1.35.tgz 410ms (cache miss)
3973 http fetch GET 200 https://registry.npmjs.org/agent-base/-/agent-base-6.0.2.tgz 411ms (cache miss)
3974 http fetch GET 200 https://registry.npmjs.org/combined-stream/-/combined-stream-1.0.8.tgz 412ms (cache miss)
3975 http fetch GET 200 https://registry.npmjs.org/delayed-stream/-/delayed-stream-1.0.0.tgz 417ms (cache miss)
3976 http fetch GET 200 https://registry.npmjs.org/asynckit/-/asynckit-0.4.0.tgz 418ms (cache miss)
3977 http fetch GET 200 https://registry.npmjs.org/mime-db/-/mime-db-1.52.0.tgz 420ms (cache miss)
3978 http fetch GET 200 https://registry.npmjs.org/proxy-from-env/-/proxy-from-env-2.1.0.tgz 429ms (cache miss)
3979 http fetch GET 200 https://registry.npmjs.org/is-weakset/-/is-weakset-2.0.4.tgz 429ms (cache miss)
3980 http fetch GET 200 https://registry.npmjs.org/https-proxy-agent/-/https-proxy-agent-5.0.1.tgz 435ms (cache miss)
3981 http fetch GET 200 https://registry.npmjs.org/generator-function/-/generator-function-2.0.1.tgz 441ms (cache miss)
3982 http fetch GET 200 https://registry.npmjs.org/form-data/-/form-data-4.0.6.tgz 450ms (cache miss)
3983 http fetch GET 200 https://registry.npmjs.org/is-map/-/is-map-2.0.3.tgz 461ms (cache miss)
3984 http fetch GET 200 https://registry.npmjs.org/is-finalizationregistry/-/is-finalizationregistry-1.1.1.tgz 462ms (cache miss)
3985 http fetch GET 200 https://registry.npmjs.org/is-weakmap/-/is-weakmap-2.0.2.tgz 470ms (cache miss)
3986 http fetch GET 200 https://registry.npmjs.org/is-number-object/-/is-number-object-1.1.1.tgz 472ms (cache miss)
3987 http fetch GET 200 https://registry.npmjs.org/is-async-function/-/is-async-function-2.1.1.tgz 475ms (cache miss)
3988 http fetch GET 200 https://registry.npmjs.org/which-collection/-/which-collection-1.0.2.tgz 476ms (cache miss)
3989 http fetch GET 200 https://registry.npmjs.org/is-boolean-object/-/is-boolean-object-1.2.2.tgz 477ms (cache miss)
3990 http fetch GET 200 https://registry.npmjs.org/is-bigint/-/is-bigint-1.1.0.tgz 481ms (cache miss)
3991 http fetch GET 200 https://registry.npmjs.org/isexe/-/isexe-2.0.0.tgz 482ms (cache miss)
3992 http fetch GET 200 https://registry.npmjs.org/is-plain-object/-/is-plain-object-3.0.1.tgz 484ms (cache miss)
3993 http fetch GET 200 https://registry.npmjs.org/loose-envify/-/loose-envify-1.4.0.tgz 493ms (cache miss)
3994 http fetch GET 200 https://registry.npmjs.org/listenercount/-/listenercount-1.0.1.tgz 497ms (cache miss)
3995 http fetch GET 200 https://registry.npmjs.org/is-generator-function/-/is-generator-function-1.1.2.tgz 503ms (cache miss)
3996 http fetch GET 200 https://registry.npmjs.org/mkdirp/-/mkdirp-0.5.6.tgz 510ms (cache miss)
3997 http fetch GET 200 https://registry.npmjs.org/duplexer2/-/duplexer2-0.1.4.tgz 511ms (cache miss)
3998 http fetch GET 200 https://registry.npmjs.org/chainsaw/-/chainsaw-0.1.0.tgz 512ms (cache miss)
3999 http fetch GET 200 https://registry.npmjs.org/buffers/-/buffers-0.1.1.tgz 512ms (cache miss)
4000 http fetch GET 200 https://registry.npmjs.org/setimmediate/-/setimmediate-1.0.5.tgz 517ms (cache miss)
4001 http fetch GET 200 https://registry.npmjs.org/async-function/-/async-function-1.0.0.tgz 519ms (cache miss)
4002 http fetch GET 200 https://registry.npmjs.org/buffer-indexof-polyfill/-/buffer-indexof-polyfill-1.0.2.tgz 520ms (cache miss)
4003 http fetch GET 200 https://registry.npmjs.org/@vue/devtools-api/-/devtools-api-6.6.4.tgz 521ms (cache miss)
4004 http fetch GET 200 https://registry.npmjs.org/unzipper/-/unzipper-0.10.11.tgz 522ms (cache miss)
4005 http fetch GET 200 https://registry.npmjs.org/sdp/-/sdp-3.2.2.tgz 525ms (cache miss)
4006 http fetch GET 200 https://registry.npmjs.org/big-integer/-/big-integer-1.6.52.tgz 528ms (cache miss)
4007 http fetch GET 200 https://registry.npmjs.org/binary/-/binary-0.3.0.tgz 536ms (cache miss)
4008 http fetch GET 200 https://registry.npmjs.org/fstream/-/fstream-1.0.12.tgz 540ms (cache miss)
4009 warn deprecated fstream@1.0.12: This package is no longer supported.
4010 http fetch GET 200 https://registry.npmjs.org/typedarray.prototype.slice/-/typedarray.prototype.slice-1.0.5.tgz 556ms (cache miss)
4011 http fetch GET 200 https://registry.npmjs.org/boolbase/-/boolbase-1.0.0.tgz 572ms (cache miss)
4012 http fetch GET 200 https://registry.npmjs.org/css-what/-/css-what-6.2.2.tgz 575ms (cache miss)
4013 http fetch GET 200 https://registry.npmjs.org/csstype/-/csstype-3.2.3.tgz 580ms (cache miss)
4014 http fetch GET 200 https://registry.npmjs.org/stable/-/stable-0.1.8.tgz 597ms (cache miss)
4015 warn deprecated stable@0.1.8: Modern JS already guarantees Array#sort() is a stable sort, so this library is deprecated. See the compatibility table on MDN: https://developer.mozilla.org/en-US/docs/Web/JavaScript/Reference/Global_Objects/Array/sort#browser_compatibility
4016 http fetch GET 200 https://registry.npmjs.org/@vue/server-renderer/-/server-renderer-3.5.40.tgz 616ms (cache miss)
4017 http fetch GET 200 https://registry.npmjs.org/@vue/reactivity/-/reactivity-3.5.40.tgz 632ms (cache miss)
4018 http fetch GET 200 https://registry.npmjs.org/@vue/runtime-core/-/runtime-core-3.5.40.tgz 639ms (cache miss)
4019 http fetch GET 200 https://registry.npmjs.org/source-map/-/source-map-0.6.1.tgz 639ms (cache miss)
4020 http fetch GET 200 https://registry.npmjs.org/mdn-data/-/mdn-data-2.0.14.tgz 640ms (cache miss)
4021 http fetch GET 200 https://registry.npmjs.org/@intlify/core-base/-/core-base-9.14.5.tgz 648ms (cache miss)
4022 http fetch GET 200 https://registry.npmjs.org/domutils/-/domutils-1.7.0.tgz 663ms (cache miss)
4023 http fetch GET 200 https://registry.npmjs.org/dom-serializer/-/dom-serializer-0.2.2.tgz 664ms (cache miss)
4024 http fetch GET 200 https://registry.npmjs.org/domhandler/-/domhandler-2.4.2.tgz 665ms (cache miss)
4025 http fetch GET 200 https://registry.npmjs.org/domelementtype/-/domelementtype-1.3.1.tgz 667ms (cache miss)
4026 http fetch GET 200 https://registry.npmjs.org/isobject/-/isobject-2.1.0.tgz 667ms (cache miss)
4027 http fetch GET 200 https://registry.npmjs.org/posthtml-render/-/posthtml-render-1.4.0.tgz 674ms (cache miss)
4028 http fetch GET 200 https://registry.npmjs.org/posthtml-parser/-/posthtml-parser-0.2.1.tgz 676ms (cache miss)
4029 http fetch GET 200 https://registry.npmjs.org/atob/-/atob-2.1.2.tgz 682ms (cache miss)
4030 http fetch GET 200 https://registry.npmjs.org/nth-check/-/nth-check-2.1.1.tgz 687ms (cache miss)
4031 http fetch GET 200 https://registry.npmjs.org/is-plain-obj/-/is-plain-obj-1.1.0.tgz 688ms (cache miss)
4032 http fetch GET 200 https://registry.npmjs.org/posthtml/-/posthtml-0.9.2.tgz 697ms (cache miss)
4033 http fetch GET 200 https://registry.npmjs.org/htmlparser2/-/htmlparser2-3.10.1.tgz 700ms (cache miss)
4034 http fetch GET 200 https://registry.npmjs.org/emojis-list/-/emojis-list-3.0.0.tgz 708ms (cache miss)
4035 http fetch GET 200 https://registry.npmjs.org/posthtml-svg-mode/-/posthtml-svg-mode-1.0.3.tgz 708ms (cache miss)
4036 http fetch GET 200 https://registry.npmjs.org/image-size/-/image-size-0.5.5.tgz 719ms (cache miss)
4037 http fetch GET 200 https://registry.npmjs.org/merge-options/-/merge-options-1.0.1.tgz 720ms (cache miss)
4038 http fetch GET 200 https://registry.npmjs.org/posthtml-rename-id/-/posthtml-rename-id-1.0.12.tgz 721ms (cache miss)
4039 http fetch GET 200 https://registry.npmjs.org/postcss-prefix-selector/-/postcss-prefix-selector-1.16.1.tgz 722ms (cache miss)
4040 http fetch GET 200 https://registry.npmjs.org/he/-/he-1.2.0.tgz 722ms (cache miss)
4041 http fetch GET 200 https://registry.npmjs.org/object-assign/-/object-assign-4.1.1.tgz 725ms (cache miss)
4042 http fetch GET 200 https://registry.npmjs.org/clone/-/clone-2.1.2.tgz 726ms (cache miss)
4043 http fetch GET 200 https://registry.npmjs.org/vary/-/vary-1.1.2.tgz 727ms (cache miss)
4044 http fetch GET 200 https://registry.npmjs.org/@vue/runtime-dom/-/runtime-dom-3.5.40.tgz 734ms (cache miss)
4045 http fetch GET 200 https://registry.npmjs.org/big.js/-/big.js-5.2.2.tgz 734ms (cache miss)
4046 http fetch GET 200 https://registry.npmjs.org/@intlify/shared/-/shared-9.14.5.tgz 776ms (cache miss)
4047 http fetch GET 200 https://registry.npmjs.org/svg-baker/-/svg-baker-1.7.0.tgz 779ms (cache miss)
4048 http fetch GET 200 https://registry.npmjs.org/etag/-/etag-1.8.1.tgz 779ms (cache miss)
4049 http fetch GET 200 https://registry.npmjs.org/@types/svgo/-/svgo-2.6.4.tgz 780ms (cache miss)
4050 http fetch GET 200 https://registry.npmjs.org/lower-case/-/lower-case-2.0.2.tgz 780ms (cache miss)
4051 http fetch GET 200 https://registry.npmjs.org/cors/-/cors-2.8.6.tgz 781ms (cache miss)
4052 http fetch GET 200 https://registry.npmjs.org/path-case/-/path-case-3.0.4.tgz 780ms (cache miss)
4053 http fetch GET 200 https://registry.npmjs.org/upper-case-first/-/upper-case-first-2.0.2.tgz 780ms (cache miss)
4054 http fetch GET 200 https://registry.npmjs.org/sentence-case/-/sentence-case-3.0.4.tgz 781ms (cache miss)
4055 http fetch GET 200 https://registry.npmjs.org/param-case/-/param-case-3.0.4.tgz 782ms (cache miss)
4056 http fetch GET 200 https://registry.npmjs.org/pascal-case/-/pascal-case-3.1.2.tgz 782ms (cache miss)
4057 http fetch GET 200 https://registry.npmjs.org/sax/-/sax-1.6.0.tgz 789ms (cache miss)
4058 http fetch GET 200 https://registry.npmjs.org/constant-case/-/constant-case-3.0.4.tgz 793ms (cache miss)
4059 http fetch GET 200 https://registry.npmjs.org/dot-case/-/dot-case-3.0.4.tgz 794ms (cache miss)
4060 http fetch GET 200 https://registry.npmjs.org/no-case/-/no-case-3.0.4.tgz 799ms (cache miss)
4061 http fetch GET 200 https://registry.npmjs.org/loader-utils/-/loader-utils-1.4.2.tgz 802ms (cache miss)
4062 http fetch GET 200 https://registry.npmjs.org/commander/-/commander-7.2.0.tgz 807ms (cache miss)
4063 http fetch GET 200 https://registry.npmjs.org/camel-case/-/camel-case-4.1.2.tgz 823ms (cache miss)
4064 http fetch GET 200 https://registry.npmjs.org/capital-case/-/capital-case-1.0.4.tgz 825ms (cache miss)
4065 http fetch GET 200 https://registry.npmjs.org/universalify/-/universalify-2.0.1.tgz 825ms (cache miss)
4066 http fetch GET 200 https://registry.npmjs.org/change-case/-/change-case-4.1.2.tgz 826ms (cache miss)
4067 http fetch GET 200 https://registry.npmjs.org/update-browserslist-db/-/update-browserslist-db-1.2.3.tgz 830ms (cache miss)
4068 http fetch GET 200 https://registry.npmjs.org/jsonfile/-/jsonfile-6.2.1.tgz 832ms (cache miss)
4069 http fetch GET 200 https://registry.npmjs.org/escalade/-/escalade-3.2.0.tgz 832ms (cache miss)
4070 http fetch GET 200 https://registry.npmjs.org/node-releases/-/node-releases-2.0.51.tgz 833ms (cache miss)
4071 http fetch GET 200 https://registry.npmjs.org/graceful-fs/-/graceful-fs-4.2.11.tgz 840ms (cache miss)
4072 http fetch GET 200 https://registry.npmjs.org/upper-case/-/upper-case-2.0.2.tgz 843ms (cache miss)
4073 http fetch GET 200 https://registry.npmjs.org/snake-case/-/snake-case-3.0.4.tgz 846ms (cache miss)
4074 http fetch GET 200 https://registry.npmjs.org/es-module-lexer/-/es-module-lexer-0.9.3.tgz 852ms (cache miss)
4075 http fetch GET 200 https://registry.npmjs.org/@jridgewell/resolve-uri/-/resolve-uri-3.1.2.tgz 857ms (cache miss)
4076 http fetch GET 200 https://registry.npmjs.org/@babel/helper-globals/-/helper-globals-7.29.7.tgz 860ms (cache miss)
4077 http fetch GET 200 https://registry.npmjs.org/@babel/helper-validator-option/-/helper-validator-option-7.29.7.tgz 872ms (cache miss)
4078 http fetch GET 200 https://registry.npmjs.org/@babel/helper-plugin-utils/-/helper-plugin-utils-7.29.7.tgz 877ms (cache miss)
4079 http fetch GET 200 https://registry.npmjs.org/@babel/compat-data/-/compat-data-7.29.7.tgz 881ms (cache miss)
4080 http fetch GET 200 https://registry.npmjs.org/header-case/-/header-case-2.0.4.tgz 887ms (cache miss)
4081 http fetch GET 200 https://registry.npmjs.org/traverse/-/traverse-0.6.11.tgz 896ms (cache miss)
4082 http fetch GET 200 https://registry.npmjs.org/electron-to-chromium/-/electron-to-chromium-1.5.395.tgz 901ms (cache miss)
4083 http fetch GET 200 https://registry.npmjs.org/convert-source-map/-/convert-source-map-2.0.0.tgz 904ms (cache miss)
4084 http fetch GET 200 https://registry.npmjs.org/css-select/-/css-select-4.3.0.tgz 914ms (cache miss)
4085 http fetch GET 200 https://registry.npmjs.org/@babel/helper-module-imports/-/helper-module-imports-7.29.7.tgz 911ms (cache miss)
4086 http fetch GET 200 https://registry.npmjs.org/gensync/-/gensync-1.0.0-beta.2.tgz 912ms (cache miss)
4087 http fetch GET 200 https://registry.npmjs.org/baseline-browser-mapping/-/baseline-browser-mapping-2.11.1.tgz 914ms (cache miss)
4088 http fetch GET 200 https://registry.npmjs.org/babel-plugin-import/-/babel-plugin-import-1.13.8.tgz 914ms (cache miss)
4089 http fetch GET 200 https://registry.npmjs.org/browserslist/-/browserslist-4.28.7.tgz 916ms (cache miss)
4090 http fetch GET 200 https://registry.npmjs.org/jsesc/-/jsesc-3.1.0.tgz 919ms (cache miss)
4091 http fetch GET 200 https://registry.npmjs.org/csso/-/csso-4.2.0.tgz 942ms (cache miss)
4092 http fetch GET 200 https://registry.npmjs.org/@babel/plugin-syntax-import-meta/-/plugin-syntax-import-meta-7.10.4.tgz 940ms (cache miss)
4093 http fetch GET 200 https://registry.npmjs.org/@babel/template/-/template-7.29.7.tgz 949ms (cache miss)
4094 http fetch GET 200 https://registry.npmjs.org/fs-extra/-/fs-extra-10.1.0.tgz 956ms (cache miss)
4095 http fetch GET 200 https://registry.npmjs.org/@jridgewell/sourcemap-codec/-/sourcemap-codec-1.5.5.tgz 958ms (cache miss)
4096 http fetch GET 200 https://registry.npmjs.org/@babel/helper-module-transforms/-/helper-module-transforms-7.29.7.tgz 962ms (cache miss)
4097 http fetch GET 200 https://registry.npmjs.org/@jridgewell/gen-mapping/-/gen-mapping-0.3.13.tgz 970ms (cache miss)
4098 http fetch GET 200 https://registry.npmjs.org/@jridgewell/remapping/-/remapping-2.3.5.tgz 971ms (cache miss)
4099 http fetch GET 200 https://registry.npmjs.org/@jridgewell/trace-mapping/-/trace-mapping-0.3.31.tgz 993ms (cache miss)
4100 http fetch GET 200 https://registry.npmjs.org/@types/eslint/-/eslint-8.56.12.tgz 1002ms (cache miss)
4101 http fetch GET 200 https://registry.npmjs.org/mutation-observer/-/mutation-observer-1.0.3.tgz 1028ms (cache miss)
4102 http fetch GET 200 https://registry.npmjs.org/which-boxed-primitive/-/which-boxed-primitive-1.1.1.tgz 1029ms (cache miss)
4103 http fetch GET 200 https://registry.npmjs.org/punycode/-/punycode-2.3.1.tgz 1044ms (cache miss)
4104 http fetch GET 200 https://registry.npmjs.org/for-each/-/for-each-0.3.5.tgz 1044ms (cache miss)
4105 http fetch GET 200 https://registry.npmjs.org/reflect.getprototypeof/-/reflect.getprototypeof-1.0.10.tgz 1045ms (cache miss)
4106 http fetch GET 200 https://registry.npmjs.org/has-bigints/-/has-bigints-1.1.0.tgz 1054ms (cache miss)
4107 http fetch GET 200 https://registry.npmjs.org/svgo/-/svgo-2.8.3.tgz 1062ms (cache miss)
4108 http fetch GET 200 https://registry.npmjs.org/strip-bom/-/strip-bom-3.0.0.tgz 1057ms (cache miss)
4109 http fetch GET 200 https://registry.npmjs.org/which-builtin-type/-/which-builtin-type-1.2.1.tgz 1061ms (cache miss)
4110 http fetch GET 200 https://registry.npmjs.org/@babel/generator/-/generator-7.29.7.tgz 1069ms (cache miss)
4111 http fetch GET 200 https://registry.npmjs.org/tslib/-/tslib-1.14.1.tgz 1068ms (cache miss)
4112 http fetch GET 200 https://registry.npmjs.org/@intlify/message-compiler/-/message-compiler-9.14.5.tgz 1077ms (cache miss)
4113 http fetch GET 200 https://registry.npmjs.org/@babel/traverse/-/traverse-7.29.7.tgz 1090ms (cache miss)
4114 http fetch GET 200 https://registry.npmjs.org/lodash.truncate/-/lodash.truncate-4.4.2.tgz 1107ms (cache miss)
4115 http fetch GET 200 https://registry.npmjs.org/has-flag/-/has-flag-4.0.0.tgz 1108ms (cache miss)
4116 http fetch GET 200 https://registry.npmjs.org/@babel/helper-compilation-targets/-/helper-compilation-targets-7.29.7.tgz 1112ms (cache miss)
4117 http fetch GET 200 https://registry.npmjs.org/is-fullwidth-code-point/-/is-fullwidth-code-point-3.0.0.tgz 1111ms (cache miss)
4118 http fetch GET 200 https://registry.npmjs.org/slice-ansi/-/slice-ansi-4.0.0.tgz 1112ms (cache miss)
4119 http fetch GET 200 https://registry.npmjs.org/string-width/-/string-width-4.2.3.tgz 1112ms (cache miss)
4120 http fetch GET 200 https://registry.npmjs.org/ansi-regex/-/ansi-regex-5.0.1.tgz 1109ms (cache miss)
4121 http fetch GET 200 https://registry.npmjs.org/safe-buffer/-/safe-buffer-5.2.1.tgz 1112ms (cache miss)
4122 http fetch GET 200 https://registry.npmjs.org/astral-regex/-/astral-regex-2.0.0.tgz 1118ms (cache miss)
4123 http fetch GET 200 https://registry.npmjs.org/@types/json5/-/json5-0.0.29.tgz 1119ms (cache miss)
4124 http fetch GET 200 https://registry.npmjs.org/is-number/-/is-number-7.0.0.tgz 1119ms (cache miss)
4125 http fetch GET 200 https://registry.npmjs.org/copy-text-to-clipboard/-/copy-text-to-clipboard-3.2.2.tgz 1120ms (cache miss)
4126 http fetch GET 200 https://registry.npmjs.org/side-channel-weakmap/-/side-channel-weakmap-1.0.2.tgz 1117ms (cache miss)
4127 http fetch GET 200 https://registry.npmjs.org/json5/-/json5-1.0.2.tgz 1134ms (cache miss)
4128 http fetch GET 200 https://registry.npmjs.org/rollup/-/rollup-2.77.3.tgz 1151ms (cache miss)
4129 http fetch GET 200 https://registry.npmjs.org/side-channel-map/-/side-channel-map-1.0.1.tgz 1153ms (cache miss)
4130 http fetch GET 200 https://registry.npmjs.org/readdirp/-/readdirp-5.0.0.tgz 1154ms (cache miss)
4131 http fetch GET 200 https://registry.npmjs.org/side-channel-list/-/side-channel-list-1.0.1.tgz 1156ms (cache miss)
4132 http fetch GET 200 https://registry.npmjs.org/shebang-regex/-/shebang-regex-3.0.0.tgz 1159ms (cache miss)
4133 http fetch GET 200 https://registry.npmjs.org/detect-libc/-/detect-libc-2.1.2.tgz 1160ms (cache miss)
4134 http fetch GET 200 https://registry.npmjs.org/bluebird/-/bluebird-3.7.2.tgz 1177ms (cache miss)
4135 http fetch GET 200 https://registry.npmjs.org/chokidar/-/chokidar-5.0.0.tgz 1171ms (cache miss)
4136 http fetch GET 200 https://registry.npmjs.org/@types/estree/-/estree-1.0.9.tgz 1174ms (cache miss)
4137 http fetch GET 200 https://registry.npmjs.org/compute-scroll-into-view/-/compute-scroll-into-view-1.0.20.tgz 1177ms (cache miss)
4138 http fetch GET 200 https://registry.npmjs.org/isarray/-/isarray-2.0.5.tgz 1192ms (cache miss)
4139 http fetch GET 200 https://registry.npmjs.org/@rollup/pluginutils/-/pluginutils-4.2.1.tgz 1193ms (cache miss)
4140 http fetch GET 200 https://registry.npmjs.org/css-tree/-/css-tree-1.1.3.tgz 1219ms (cache miss)
4141 http fetch GET 200 https://registry.npmjs.org/node-addon-api/-/node-addon-api-7.1.1.tgz 1205ms (cache miss)
4142 http fetch GET 200 https://registry.npmjs.org/@parcel/watcher-win32-x64/-/watcher-win32-x64-2.6.0.tgz 1209ms (cache miss)
4143 http fetch GET 200 https://registry.npmjs.org/queue-microtask/-/queue-microtask-1.2.3.tgz 1211ms (cache miss)
4144 http fetch GET 200 https://registry.npmjs.org/immutable/-/immutable-5.1.9.tgz 1220ms (cache miss)
4145 http fetch GET 200 https://registry.npmjs.org/is-reference/-/is-reference-1.2.1.tgz 1223ms (cache miss)
4146 http fetch GET 200 https://registry.npmjs.org/object.entries/-/object.entries-1.1.9.tgz 1224ms (cache miss)
4147 http fetch GET 200 https://registry.npmjs.org/path-parse/-/path-parse-1.0.7.tgz 1224ms (cache miss)
4148 http fetch GET 200 https://registry.npmjs.org/supports-preserve-symlinks-flag/-/supports-preserve-symlinks-flag-1.0.0.tgz 1224ms (cache miss)
4149 http fetch GET 200 https://registry.npmjs.org/set-function-name/-/set-function-name-2.0.2.tgz 1231ms (cache miss)
4150 http fetch GET 200 https://registry.npmjs.org/strict-uri-encode/-/strict-uri-encode-2.0.0.tgz 1234ms (cache miss)
4151 http fetch GET 200 https://registry.npmjs.org/util-deprecate/-/util-deprecate-1.0.2.tgz 1235ms (cache miss)
4152 http fetch GET 200 https://registry.npmjs.org/string_decoder/-/string_decoder-1.3.0.tgz 1237ms (cache miss)
4153 http fetch GET 200 https://registry.npmjs.org/filter-obj/-/filter-obj-1.1.0.tgz 1251ms (cache miss)
4154 http fetch GET 200 https://registry.npmjs.org/ieee754/-/ieee754-1.2.1.tgz 1270ms (cache miss)
4155 http fetch GET 200 https://registry.npmjs.org/split-on-first/-/split-on-first-1.1.0.tgz 1272ms (cache miss)
4156 http fetch GET 200 https://registry.npmjs.org/nanoid/-/nanoid-3.3.16.tgz 1271ms (cache miss)
4157 http fetch GET 200 https://registry.npmjs.org/decode-uri-component/-/decode-uri-component-0.2.2.tgz 1272ms (cache miss)
4158 http fetch GET 200 https://registry.npmjs.org/emoji-regex/-/emoji-regex-8.0.0.tgz 1273ms (cache miss)
4159 http fetch GET 200 https://registry.npmjs.org/deep-is/-/deep-is-0.1.4.tgz 1275ms (cache miss)
4160 http fetch GET 200 https://registry.npmjs.org/node-exports-info/-/node-exports-info-1.6.2.tgz 1283ms (cache miss)
4161 http fetch GET 200 https://registry.npmjs.org/word-wrap/-/word-wrap-1.2.5.tgz 1284ms (cache miss)
4162 http fetch GET 200 https://registry.npmjs.org/esbuild/-/esbuild-0.14.54.tgz 1287ms (cache miss)
4163 http fetch GET 200 https://registry.npmjs.org/base64-js/-/base64-js-1.5.1.tgz 1292ms (cache miss)
4164 http fetch GET 200 https://registry.npmjs.org/fast-levenshtein/-/fast-levenshtein-2.0.6.tgz 1294ms (cache miss)
4165 http fetch GET 200 https://registry.npmjs.org/process-nextick-args/-/process-nextick-args-2.0.1.tgz 1298ms (cache miss)
4166 http fetch GET 200 https://registry.npmjs.org/buffer/-/buffer-5.7.1.tgz 1304ms (cache miss)
4167 http fetch GET 200 https://registry.npmjs.org/path-is-absolute/-/path-is-absolute-1.0.1.tgz 1316ms (cache miss)
4168 http fetch GET 200 https://registry.npmjs.org/fs.realpath/-/fs.realpath-1.0.0.tgz 1317ms (cache miss)
4169 http fetch GET 200 https://registry.npmjs.org/wrappy/-/wrappy-1.0.2.tgz 1318ms (cache miss)
4170 http fetch GET 200 https://registry.npmjs.org/once/-/once-1.4.0.tgz 1317ms (cache miss)
4171 http fetch GET 200 https://registry.npmjs.org/@parcel/watcher/-/watcher-2.6.0.tgz 1323ms (cache miss)
4172 http fetch GET 200 https://registry.npmjs.org/inflight/-/inflight-1.0.6.tgz 1322ms (cache miss)
4173 warn deprecated inflight@1.0.6: This module is not supported, and leaks memory. Do not use it. Check out lru-cache if you want a good and tested way to coalesce async requests by a key value, which is much more comprehensive and powerful.
4174 http fetch GET 200 https://registry.npmjs.org/yallist/-/yallist-4.0.0.tgz 1324ms (cache miss)
4175 http fetch GET 200 https://registry.npmjs.org/stream-shift/-/stream-shift-1.0.3.tgz 1324ms (cache miss)
4176 http fetch GET 200 https://registry.npmjs.org/bl/-/bl-4.1.0.tgz 1331ms (cache miss)
4177 http fetch GET 200 https://registry.npmjs.org/end-of-stream/-/end-of-stream-1.4.5.tgz 1340ms (cache miss)
4178 http fetch GET 200 https://registry.npmjs.org/leven/-/leven-2.1.0.tgz 1351ms (cache miss)
4179 http fetch GET 200 https://registry.npmjs.org/buffer-from/-/buffer-from-1.1.2.tgz 1351ms (cache miss)
4180 http fetch GET 200 https://registry.npmjs.org/typedarray/-/typedarray-0.0.6.tgz 1367ms (cache miss)
4181 http fetch GET 200 https://registry.npmjs.org/callsites/-/callsites-3.1.0.tgz 1368ms (cache miss)
4182 http fetch GET 200 https://registry.npmjs.org/rfdc/-/rfdc-1.4.1.tgz 1369ms (cache miss)
4183 http fetch GET 200 https://registry.npmjs.org/reinterval/-/reinterval-1.1.0.tgz 1370ms (cache miss)
4184 http fetch GET 200 https://registry.npmjs.org/xtend/-/xtend-4.0.2.tgz 1370ms (cache miss)
4185 http fetch GET 200 https://registry.npmjs.org/split2/-/split2-3.2.2.tgz 1376ms (cache miss)
4186 http fetch GET 200 https://registry.npmjs.org/pump/-/pump-3.0.4.tgz 1376ms (cache miss)
4187 http fetch GET 200 https://registry.npmjs.org/number-allocator/-/number-allocator-1.0.14.tgz 1380ms (cache miss)
4188 http fetch GET 200 https://registry.npmjs.org/ws/-/ws-7.5.13.tgz 1400ms (cache miss)
4189 http fetch GET 200 https://registry.npmjs.org/lru-cache/-/lru-cache-6.0.0.tgz 1415ms (cache miss)
4190 http fetch GET 200 https://registry.npmjs.org/concat-stream/-/concat-stream-2.0.0.tgz 1416ms (cache miss)
4191 http fetch GET 200 https://registry.npmjs.org/glob/-/glob-7.2.3.tgz 1416ms (cache miss)
4192 http fetch GET 200 https://registry.npmjs.org/help-me/-/help-me-3.0.0.tgz 1417ms (cache miss)
4193 http fetch GET 200 https://registry.npmjs.org/@babel/core/-/core-7.29.7.tgz 1431ms (cache miss)
4194 http fetch GET 200 https://registry.npmjs.org/concat-map/-/concat-map-0.0.1.tgz 1420ms (cache miss)
4195 http fetch GET 200 https://registry.npmjs.org/duplexify/-/duplexify-4.1.3.tgz 1425ms (cache miss)
4196 http fetch GET 200 https://registry.npmjs.org/mqtt-packet/-/mqtt-packet-6.10.0.tgz 1426ms (cache miss)
4197 warn deprecated glob@7.2.3: Old versions of glob are not supported, and contain widely publicized security vulnerabilities, which have been fixed in the current version. Please update. Support for old versions may be purchased (at exorbitant rates) by contacting i@izs.me
4198 http fetch GET 200 https://registry.npmjs.org/balanced-match/-/balanced-match-1.0.2.tgz 1429ms (cache miss)
4199 http fetch GET 200 https://registry.npmjs.org/to-regex-range/-/to-regex-range-5.0.1.tgz 1435ms (cache miss)
4200 http fetch GET 200 https://registry.npmjs.org/readable-stream/-/readable-stream-3.6.2.tgz 1438ms (cache miss)
4201 http fetch GET 200 https://registry.npmjs.org/esbuild-windows-64/-/esbuild-windows-64-0.14.54.tgz 1459ms (cache miss)
4202 http fetch GET 200 https://registry.npmjs.org/fill-range/-/fill-range-7.1.1.tgz 1455ms (cache miss)
4203 http fetch GET 200 https://registry.npmjs.org/sourcemap-codec/-/sourcemap-codec-1.4.8.tgz 1459ms (cache miss)
4204 http fetch GET 200 https://registry.npmjs.org/commist/-/commist-1.1.0.tgz 1462ms (cache miss)
4205 http fetch GET 200 https://registry.npmjs.org/json-buffer/-/json-buffer-3.0.1.tgz 1461ms (cache miss)
4206 http fetch GET 200 https://registry.npmjs.org/type-check/-/type-check-0.4.0.tgz 1470ms (cache miss)
4207 http fetch GET 200 https://registry.npmjs.org/braces/-/braces-3.0.3.tgz 1474ms (cache miss)
4208 http fetch GET 200 https://registry.npmjs.org/picomatch/-/picomatch-2.3.2.tgz 1477ms (cache miss)
4209 warn deprecated sourcemap-codec@1.4.8: Please use @jridgewell/sourcemap-codec instead
4210 http fetch GET 200 https://registry.npmjs.org/prelude-ls/-/prelude-ls-1.2.1.tgz 1481ms (cache miss)
4211 http fetch GET 200 https://registry.npmjs.org/minimist/-/minimist-1.2.8.tgz 1483ms (cache miss)
4212 http fetch GET 200 https://registry.npmjs.org/is-extglob/-/is-extglob-2.1.1.tgz 1484ms (cache miss)
4213 http fetch GET 200 https://registry.npmjs.org/parent-module/-/parent-module-1.0.1.tgz 1487ms (cache miss)
4214 http fetch GET 200 https://registry.npmjs.org/esprima/-/esprima-4.0.1.tgz 1488ms (cache miss)
4215 http fetch GET 200 https://registry.npmjs.org/side-channel/-/side-channel-1.1.1.tgz 1490ms (cache miss)
4216 http fetch GET 200 https://registry.npmjs.org/sprintf-js/-/sprintf-js-1.0.3.tgz 1499ms (cache miss)
4217 http fetch GET 200 https://registry.npmjs.org/resolve-from/-/resolve-from-4.0.0.tgz 1502ms (cache miss)
4218 http fetch GET 200 https://registry.npmjs.org/micromatch/-/micromatch-4.0.8.tgz 1504ms (cache miss)
4219 http fetch GET 200 https://registry.npmjs.org/@nodelib/fs.walk/-/fs.walk-1.2.8.tgz 1505ms (cache miss)
4220 http fetch GET 200 https://registry.npmjs.org/run-parallel/-/run-parallel-1.2.0.tgz 1506ms (cache miss)
4221 http fetch GET 200 https://registry.npmjs.org/slash/-/slash-3.0.0.tgz 1506ms (cache miss)
4222 http fetch GET 200 https://registry.npmjs.org/path-type/-/path-type-4.0.0.tgz 1507ms (cache miss)
4223 http fetch GET 200 https://registry.npmjs.org/reusify/-/reusify-1.1.0.tgz 1511ms (cache miss)
4224 http fetch GET 200 https://registry.npmjs.org/@nodelib/fs.stat/-/fs.stat-2.0.5.tgz 1515ms (cache miss)
4225 http fetch GET 200 https://registry.npmjs.org/@nodelib/fs.scandir/-/fs.scandir-2.1.5.tgz 1517ms (cache miss)
4226 http fetch GET 200 https://registry.npmjs.org/brace-expansion/-/brace-expansion-1.1.16.tgz 1519ms (cache miss)
4227 http fetch GET 200 https://registry.npmjs.org/merge2/-/merge2-1.4.1.tgz 1518ms (cache miss)
4228 http fetch GET 200 https://registry.npmjs.org/fastq/-/fastq-1.20.1.tgz 1532ms (cache miss)
4229 http fetch GET 200 https://registry.npmjs.org/dir-glob/-/dir-glob-3.0.1.tgz 1551ms (cache miss)
4230 http fetch GET 200 https://registry.npmjs.org/inherits/-/inherits-2.0.4.tgz 1551ms (cache miss)
4231 http fetch GET 200 https://registry.npmjs.org/node-domexception/-/node-domexception-1.0.0.tgz 1552ms (cache miss)
4232 http fetch GET 200 https://registry.npmjs.org/dunder-proto/-/dunder-proto-1.0.1.tgz 1553ms (cache miss)
4233 http fetch GET 200 https://registry.npmjs.org/is-document.all/-/is-document.all-1.0.0.tgz 1554ms (cache miss)
4234 http fetch GET 200 https://registry.npmjs.org/rimraf/-/rimraf-3.0.2.tgz 1555ms (cache miss)
4235 http fetch GET 200 https://registry.npmjs.org/keyv/-/keyv-4.5.4.tgz 1557ms (cache miss)
4236 http fetch GET 200 https://registry.npmjs.org/fetch-blob/-/fetch-blob-3.2.0.tgz 1558ms (cache miss)
4237 http fetch GET 200 https://registry.npmjs.org/functions-have-names/-/functions-have-names-1.2.3.tgz 1562ms (cache miss)
4238 http fetch GET 200 https://registry.npmjs.org/flatted/-/flatted-3.4.3.tgz 1562ms (cache miss)
4239 warn deprecated rimraf@3.0.2: Rimraf versions prior to v4 are no longer supported
4240 http fetch GET 200 https://registry.npmjs.org/flat-cache/-/flat-cache-3.2.0.tgz 1567ms (cache miss)
4241 http fetch GET 200 https://registry.npmjs.org/estraverse/-/estraverse-4.3.0.tgz 1577ms (cache miss)
4242 http fetch GET 200 https://registry.npmjs.org/acorn-jsx/-/acorn-jsx-5.3.2.tgz 1579ms (cache miss)
4243 http fetch GET 200 https://registry.npmjs.org/array-union/-/array-union-2.1.0.tgz 1581ms (cache miss)
4244 http fetch GET 200 https://registry.npmjs.org/argparse/-/argparse-1.0.10.tgz 1593ms (cache miss)
4245 http fetch GET 200 https://registry.npmjs.org/is-date-object/-/is-date-object-1.1.0.tgz 1614ms (cache miss)
4246 http fetch GET 200 https://registry.npmjs.org/is-symbol/-/is-symbol-1.1.1.tgz 1615ms (cache miss)
4247 http fetch GET 200 https://registry.npmjs.org/has-tostringtag/-/has-tostringtag-1.0.2.tgz 1619ms (cache miss)
4248 http fetch GET 200 https://registry.npmjs.org/possible-typed-array-names/-/possible-typed-array-names-1.1.0.tgz 1621ms (cache miss)
4249 http fetch GET 200 https://registry.npmjs.org/which-typed-array/-/which-typed-array-1.1.22.tgz 1623ms (cache miss)
4250 http fetch GET 200 https://registry.npmjs.org/esrecurse/-/esrecurse-4.3.0.tgz 1626ms (cache miss)
4251 http fetch GET 200 https://registry.npmjs.org/typed-array-buffer/-/typed-array-buffer-1.0.3.tgz 1626ms (cache miss)
4252 http fetch GET 200 https://registry.npmjs.org/typed-array-length/-/typed-array-length-1.0.8.tgz 1628ms (cache miss)
4253 http fetch GET 200 https://registry.npmjs.org/typed-array-byte-length/-/typed-array-byte-length-1.0.3.tgz 1630ms (cache miss)
4254 http fetch GET 200 https://registry.npmjs.org/typed-array-byte-offset/-/typed-array-byte-offset-1.0.4.tgz 1639ms (cache miss)
4255 http fetch GET 200 https://registry.npmjs.org/stop-iteration-iterator/-/stop-iteration-iterator-1.1.0.tgz 1646ms (cache miss)
4256 http fetch GET 200 https://registry.npmjs.org/string.prototype.trim/-/string.prototype.trim-1.2.11.tgz 1647ms (cache miss)
4257 http fetch GET 200 https://registry.npmjs.org/set-proto/-/set-proto-1.0.0.tgz 1648ms (cache miss)
4258 http fetch GET 200 https://registry.npmjs.org/vue-eslint-parser/-/vue-eslint-parser-7.11.0.tgz 1651ms (cache miss)
4259 http fetch GET 200 https://registry.npmjs.org/unbox-primitive/-/unbox-primitive-1.1.0.tgz 1651ms (cache miss)
4260 http fetch GET 200 https://registry.npmjs.org/string.prototype.trimstart/-/string.prototype.trimstart-1.0.8.tgz 1666ms (cache miss)
4261 http fetch GET 200 https://registry.npmjs.org/is-weakref/-/is-weakref-1.1.1.tgz 1670ms (cache miss)
4262 http fetch GET 200 https://registry.npmjs.org/safe-push-apply/-/safe-push-apply-1.0.0.tgz 1673ms (cache miss)
4263 http fetch GET 200 https://registry.npmjs.org/safe-array-concat/-/safe-array-concat-1.1.4.tgz 1674ms (cache miss)
4264 http fetch GET 200 https://registry.npmjs.org/regexp.prototype.flags/-/regexp.prototype.flags-1.5.4.tgz 1674ms (cache miss)
4265 http fetch GET 200 https://registry.npmjs.org/is-shared-array-buffer/-/is-shared-array-buffer-1.0.4.tgz 1674ms (cache miss)
4266 http fetch GET 200 https://registry.npmjs.org/safe-regex-test/-/safe-regex-test-1.1.0.tgz 1676ms (cache miss)
4267 http fetch GET 200 https://registry.npmjs.org/is-typed-array/-/is-typed-array-1.1.15.tgz 1681ms (cache miss)
4268 http fetch GET 200 https://registry.npmjs.org/own-keys/-/own-keys-1.0.2.tgz 1683ms (cache miss)
4269 warn deprecated node-domexception@1.0.0: Use your platform's native DOMException instead
4270 http fetch GET 200 https://registry.npmjs.org/acorn/-/acorn-7.4.1.tgz 1719ms (cache miss)
4271 http fetch GET 200 https://registry.npmjs.org/type-fest/-/type-fest-0.20.2.tgz 1722ms (cache miss)
4272 http fetch GET 200 https://registry.npmjs.org/is-data-view/-/is-data-view-1.0.2.tgz 1718ms (cache miss)
4273 http fetch GET 200 https://registry.npmjs.org/is-negative-zero/-/is-negative-zero-2.0.3.tgz 1719ms (cache miss)
4274 http fetch GET 200 https://registry.npmjs.org/is-set/-/is-set-2.0.3.tgz 1720ms (cache miss)
4275 http fetch GET 200 https://registry.npmjs.org/is-callable/-/is-callable-1.2.7.tgz 1721ms (cache miss)
4276 http fetch GET 200 https://registry.npmjs.org/is-array-buffer/-/is-array-buffer-3.0.5.tgz 1720ms (cache miss)
4277 http fetch GET 200 https://registry.npmjs.org/has-symbols/-/has-symbols-1.1.0.tgz 1722ms (cache miss)
4278 http fetch GET 200 https://registry.npmjs.org/internal-slot/-/internal-slot-1.1.0.tgz 1724ms (cache miss)
4279 http fetch GET 200 https://registry.npmjs.org/has-proto/-/has-proto-1.2.0.tgz 1725ms (cache miss)
4280 http fetch GET 200 https://registry.npmjs.org/is-regex/-/is-regex-1.2.1.tgz 1737ms (cache miss)
4281 http fetch GET 200 https://registry.npmjs.org/object.assign/-/object.assign-4.1.7.tgz 1743ms (cache miss)
4282 http fetch GET 200 https://registry.npmjs.org/es-set-tostringtag/-/es-set-tostringtag-2.1.0.tgz 1772ms (cache miss)
4283 http fetch GET 200 https://registry.npmjs.org/get-symbol-description/-/get-symbol-description-1.1.0.tgz 1773ms (cache miss)
4284 http fetch GET 200 https://registry.npmjs.org/data-view-byte-length/-/data-view-byte-length-1.0.2.tgz 1774ms (cache miss)
4285 http fetch GET 200 https://registry.npmjs.org/function.prototype.name/-/function.prototype.name-1.2.0.tgz 1776ms (cache miss)
4286 http fetch GET 200 https://registry.npmjs.org/get-proto/-/get-proto-1.0.1.tgz 1776ms (cache miss)
4287 http fetch GET 200 https://registry.npmjs.org/data-view-buffer/-/data-view-buffer-1.0.2.tgz 1776ms (cache miss)
4288 http fetch GET 200 https://registry.npmjs.org/es-abstract-get/-/es-abstract-get-1.0.0.tgz 1779ms (cache miss)
4289 http fetch GET 200 https://registry.npmjs.org/es-to-primitive/-/es-to-primitive-1.3.4.tgz 1779ms (cache miss)
4290 http fetch GET 200 https://registry.npmjs.org/arraybuffer.prototype.slice/-/arraybuffer.prototype.slice-1.0.4.tgz 1779ms (cache miss)
4291 http fetch GET 200 https://registry.npmjs.org/data-view-byte-offset/-/data-view-byte-offset-1.0.1.tgz 1781ms (cache miss)
4292 http fetch GET 200 https://registry.npmjs.org/array-buffer-byte-length/-/array-buffer-byte-length-1.0.2.tgz 1783ms (cache miss)
4293 http fetch GET 200 https://registry.npmjs.org/object-keys/-/object-keys-1.1.1.tgz 1784ms (cache miss)
4294 http fetch GET 200 https://registry.npmjs.org/gopd/-/gopd-1.2.0.tgz 1860ms (cache miss)
4295 http fetch GET 200 https://registry.npmjs.org/has-property-descriptors/-/has-property-descriptors-1.0.2.tgz 1873ms (cache miss)
4296 http fetch GET 200 https://registry.npmjs.org/define-data-property/-/define-data-property-1.1.4.tgz 1874ms (cache miss)
4297 http fetch GET 200 https://registry.npmjs.org/es-define-property/-/es-define-property-1.0.1.tgz 1874ms (cache miss)
4298 http fetch GET 200 https://registry.npmjs.org/call-bind-apply-helpers/-/call-bind-apply-helpers-1.0.2.tgz 1875ms (cache miss)
4299 http fetch GET 200 https://registry.npmjs.org/es-errors/-/es-errors-1.3.0.tgz 1875ms (cache miss)
4300 http fetch GET 200 https://registry.npmjs.org/math-intrinsics/-/math-intrinsics-1.1.0.tgz 1878ms (cache miss)
4301 http fetch GET 200 https://registry.npmjs.org/available-typed-arrays/-/available-typed-arrays-1.0.7.tgz 1881ms (cache miss)
4302 http fetch GET 200 https://registry.npmjs.org/es-shim-unscopables/-/es-shim-unscopables-1.1.0.tgz 1882ms (cache miss)
4303 http fetch GET 200 https://registry.npmjs.org/call-bound/-/call-bound-1.0.4.tgz 1882ms (cache miss)
4304 http fetch GET 200 https://registry.npmjs.org/define-properties/-/define-properties-1.2.1.tgz 1883ms (cache miss)
4305 http fetch GET 200 https://registry.npmjs.org/hasown/-/hasown-2.0.4.tgz 1883ms (cache miss)
4306 http fetch GET 200 https://registry.npmjs.org/object.fromentries/-/object.fromentries-2.0.8.tgz 1883ms (cache miss)
4307 http fetch GET 200 https://registry.npmjs.org/is-core-module/-/is-core-module-2.16.2.tgz 1884ms (cache miss)
4308 http fetch GET 200 https://registry.npmjs.org/call-bind/-/call-bind-1.0.9.tgz 1886ms (cache miss)
4309 http fetch GET 200 https://registry.npmjs.org/object-inspect/-/object-inspect-1.13.4.tgz 1891ms (cache miss)
4310 http fetch GET 200 https://registry.npmjs.org/eslint-import-resolver-node/-/eslint-import-resolver-node-0.3.10.tgz 1891ms (cache miss)
4311 http fetch GET 200 https://registry.npmjs.org/array.prototype.flatmap/-/array.prototype.flatmap-1.3.3.tgz 1891ms (cache miss)
4312 http fetch GET 200 https://registry.npmjs.org/array.prototype.flat/-/array.prototype.flat-1.3.3.tgz 1894ms (cache miss)
4313 http fetch GET 200 https://registry.npmjs.org/globalthis/-/globalthis-1.0.4.tgz 1903ms (cache miss)
4314 http fetch GET 200 https://registry.npmjs.org/@rtsao/scc/-/scc-1.1.0.tgz 1916ms (cache miss)
4315 http fetch GET 200 https://registry.npmjs.org/path-key/-/path-key-3.1.1.tgz 1919ms (cache miss)
4316 http fetch GET 200 https://registry.npmjs.org/shebang-command/-/shebang-command-2.0.0.tgz 1921ms (cache miss)
4317 http fetch GET 200 https://registry.npmjs.org/supports-color/-/supports-color-7.2.0.tgz 1921ms (cache miss)
4318 http fetch GET 200 https://registry.npmjs.org/json-schema-traverse/-/json-schema-traverse-0.4.1.tgz 1925ms (cache miss)
4319 http fetch GET 200 https://registry.npmjs.org/array-includes/-/array-includes-3.1.9.tgz 1928ms (cache miss)
4320 http fetch GET 200 https://registry.npmjs.org/color-name/-/color-name-1.1.4.tgz 1929ms (cache miss)
4321 http fetch GET 200 https://registry.npmjs.org/ansi-colors/-/ansi-colors-4.1.3.tgz 1929ms (cache miss)
4322 http fetch GET 200 https://registry.npmjs.org/ansi-styles/-/ansi-styles-4.3.0.tgz 1929ms (cache miss)
4323 http fetch GET 200 https://registry.npmjs.org/fast-json-stable-stringify/-/fast-json-stable-stringify-2.1.0.tgz 1930ms (cache miss)
4324 http fetch GET 200 https://registry.npmjs.org/set-function-length/-/set-function-length-1.2.2.tgz 1937ms (cache miss)
4325 http fetch GET 200 https://registry.npmjs.org/is-string/-/is-string-1.1.1.tgz 1938ms (cache miss)
4326 http fetch GET 200 https://registry.npmjs.org/@babel/highlight/-/highlight-7.25.9.tgz 1936ms (cache miss)
4327 http fetch GET 200 https://registry.npmjs.org/get-intrinsic/-/get-intrinsic-1.3.0.tgz 1947ms (cache miss)
4328 http fetch GET 200 https://registry.npmjs.org/which/-/which-2.0.2.tgz 1950ms (cache miss)
4329 http fetch GET 200 https://registry.npmjs.org/function-bind/-/function-bind-1.1.2.tgz 1956ms (cache miss)
4330 http fetch GET 200 https://registry.npmjs.org/@humanwhocodes/object-schema/-/object-schema-1.2.1.tgz 1953ms (cache miss)
4331 http fetch GET 200 https://registry.npmjs.org/js-tokens/-/js-tokens-4.0.0.tgz 1956ms (cache miss)
4332 http fetch GET 200 https://registry.npmjs.org/fast-glob/-/fast-glob-3.3.3.tgz 1971ms (cache miss)
4333 http fetch GET 200 https://registry.npmjs.org/text-table/-/text-table-0.2.0.tgz 1965ms (cache miss)
4334 http fetch GET 200 https://registry.npmjs.org/es-object-atoms/-/es-object-atoms-1.1.2.tgz 1970ms (cache miss)
4335 http fetch GET 200 https://registry.npmjs.org/v8-compile-cache/-/v8-compile-cache-2.4.0.tgz 1967ms (cache miss)
4336 http fetch GET 200 https://registry.npmjs.org/picocolors/-/picocolors-1.1.1.tgz 1968ms (cache miss)
4337 http fetch GET 200 https://registry.npmjs.org/strip-json-comments/-/strip-json-comments-3.1.1.tgz 1969ms (cache miss)
4338 http fetch GET 200 https://registry.npmjs.org/strip-ansi/-/strip-ansi-6.0.1.tgz 1970ms (cache miss)
4339 http fetch GET 200 https://registry.npmjs.org/natural-compare/-/natural-compare-1.4.0.tgz 1973ms (cache miss)
4340 http fetch GET 200 https://registry.npmjs.org/progress/-/progress-2.0.3.tgz 1975ms (cache miss)
4341 http fetch GET 200 https://registry.npmjs.org/object.groupby/-/object.groupby-1.0.3.tgz 1983ms (cache miss)
4342 http fetch GET 200 https://registry.npmjs.org/string.prototype.trimend/-/string.prototype.trimend-1.0.10.tgz 1984ms (cache miss)
4343 http fetch GET 200 https://registry.npmjs.org/color-convert/-/color-convert-2.0.1.tgz 1988ms (cache miss)
4344 http fetch GET 200 https://registry.npmjs.org/object.values/-/object.values-1.2.1.tgz 1992ms (cache miss)
4345 http fetch GET 200 https://registry.npmjs.org/minimatch/-/minimatch-3.1.5.tgz 1992ms (cache miss)
4346 http fetch GET 200 https://registry.npmjs.org/json-stable-stringify-without-jsonify/-/json-stable-stringify-without-jsonify-1.0.1.tgz 1992ms (cache miss)
4347 http fetch GET 200 https://registry.npmjs.org/array.prototype.findlastindex/-/array.prototype.findlastindex-1.2.6.tgz 2006ms (cache miss)
4348 http fetch GET 200 https://registry.npmjs.org/optionator/-/optionator-0.9.4.tgz 2005ms (cache miss)
4349 http fetch GET 200 https://registry.npmjs.org/lodash.merge/-/lodash.merge-4.6.2.tgz 2007ms (cache miss)
4350 http fetch GET 200 https://registry.npmjs.org/imurmurhash/-/imurmurhash-0.1.4.tgz 2008ms (cache miss)
4351 http fetch GET 200 https://registry.npmjs.org/regexpp/-/regexpp-3.2.0.tgz 2019ms (cache miss)
4352 http fetch GET 200 https://registry.npmjs.org/fast-deep-equal/-/fast-deep-equal-3.1.3.tgz 2021ms (cache miss)
4353 http fetch GET 200 https://registry.npmjs.org/levn/-/levn-0.4.1.tgz 2022ms (cache miss)
4354 http fetch GET 200 https://registry.npmjs.org/import-fresh/-/import-fresh-3.3.1.tgz 2023ms (cache miss)
4355 http fetch GET 200 https://registry.npmjs.org/file-entry-cache/-/file-entry-cache-6.0.1.tgz 2023ms (cache miss)
4356 http fetch GET 200 https://registry.npmjs.org/functional-red-black-tree/-/functional-red-black-tree-1.0.1.tgz 2024ms (cache miss)
4357 http fetch GET 200 https://registry.npmjs.org/glob-parent/-/glob-parent-5.1.2.tgz 2029ms (cache miss)
4358 http fetch GET 200 https://registry.npmjs.org/escape-string-regexp/-/escape-string-regexp-4.0.0.tgz 2032ms (cache miss)
4359 http fetch GET 200 https://registry.npmjs.org/chalk/-/chalk-4.1.2.tgz 2036ms (cache miss)
4360 http fetch GET 200 https://registry.npmjs.org/globals/-/globals-13.24.0.tgz 2039ms (cache miss)
4361 warn deprecated @humanwhocodes/object-schema@1.2.1: Use @eslint/object-schema instead
4362 http fetch GET 200 https://registry.npmjs.org/esutils/-/esutils-2.0.3.tgz 2046ms (cache miss)
4363 http fetch GET 200 https://registry.npmjs.org/cross-spawn/-/cross-spawn-7.0.6.tgz 2050ms (cache miss)
4364 http fetch GET 200 https://registry.npmjs.org/ms/-/ms-2.1.3.tgz 2057ms (cache miss)
4365 http fetch GET 200 https://registry.npmjs.org/eslint-module-utils/-/eslint-module-utils-2.14.0.tgz 2063ms (cache miss)
4366 http fetch GET 200 https://registry.npmjs.org/espree/-/espree-7.3.1.tgz 2060ms (cache miss)
4367 http fetch GET 200 https://registry.npmjs.org/shallow-equal/-/shallow-equal-1.2.1.tgz 2073ms (cache miss)
4368 http fetch GET 200 https://registry.npmjs.org/@humanwhocodes/config-array/-/config-array-0.5.0.tgz 2095ms (cache miss)
4369 http fetch GET 200 https://registry.npmjs.org/scroll-into-view-if-needed/-/scroll-into-view-if-needed-2.2.31.tgz 2095ms (cache miss)
4370 http fetch GET 200 https://registry.npmjs.org/follow-redirects/-/follow-redirects-1.16.0.tgz 2096ms (cache miss)
4371 http fetch GET 200 https://registry.npmjs.org/doctrine/-/doctrine-3.0.0.tgz 2099ms (cache miss)
4372 warn deprecated @humanwhocodes/config-array@0.5.0: Use @eslint/config-array instead
4373 http fetch GET 200 https://registry.npmjs.org/warning/-/warning-4.0.3.tgz 2100ms (cache miss)
4374 http fetch GET 200 https://registry.npmjs.org/dom-scroll-into-view/-/dom-scroll-into-view-2.0.1.tgz 2127ms (cache miss)
4375 http fetch GET 200 https://registry.npmjs.org/esquery/-/esquery-1.7.0.tgz 2133ms (cache miss)
4376 http fetch GET 200 https://registry.npmjs.org/@types/pako/-/pako-2.0.4.tgz 2150ms (cache miss)
4377 http fetch GET 200 https://registry.npmjs.org/nanopop/-/nanopop-2.4.2.tgz 2155ms (cache miss)
4378 http fetch GET 200 https://registry.npmjs.org/array-tree-filter/-/array-tree-filter-2.1.0.tgz 2164ms (cache miss)
4379 http fetch GET 200 https://registry.npmjs.org/formdata-polyfill/-/formdata-polyfill-4.0.10.tgz 2174ms (cache miss)
4380 http fetch GET 200 https://registry.npmjs.org/eslint-utils/-/eslint-utils-2.1.0.tgz 2180ms (cache miss)
4381 http fetch GET 200 https://registry.npmjs.org/dom-align/-/dom-align-1.12.4.tgz 2185ms (cache miss)
4382 http fetch GET 200 https://registry.npmjs.org/ua-parser-js/-/ua-parser-js-0.7.41.tgz 2196ms (cache miss)
4383 http fetch GET 200 https://registry.npmjs.org/async-validator/-/async-validator-3.5.2.tgz 2199ms (cache miss)
4384 http fetch GET 200 https://registry.npmjs.org/resize-observer-polyfill/-/resize-observer-polyfill-1.5.1.tgz 2211ms (cache miss)
4385 http fetch GET 200 https://registry.npmjs.org/@eslint/eslintrc/-/eslintrc-0.4.3.tgz 2220ms (cache miss)
4386 http fetch GET 200 https://registry.npmjs.org/@babel/code-frame/-/code-frame-7.12.11.tgz 2235ms (cache miss)
4387 http fetch GET 200 https://registry.npmjs.org/@babel/helper-validator-identifier/-/helper-validator-identifier-7.29.7.tgz 2239ms (cache miss)
4388 http fetch GET 200 https://registry.npmjs.org/@babel/helper-string-parser/-/helper-string-parser-7.29.7.tgz 2266ms (cache miss)
4389 http fetch GET 200 https://registry.npmjs.org/agora-rte-extension/-/agora-rte-extension-1.2.4.tgz 2269ms (cache miss)
4390 http fetch GET 200 https://registry.npmjs.org/@vue/shared/-/shared-3.5.40.tgz 2278ms (cache miss)
4391 http fetch GET 200 https://registry.npmjs.org/js-yaml/-/js-yaml-3.15.0.tgz 2283ms (cache miss)
4392 http fetch GET 200 https://registry.npmjs.org/agora-rte-extension-ng/-/agora-rte-extension-ng-1.0.3.tgz 2298ms (cache miss)
4393 http fetch GET 200 https://registry.npmjs.org/enquirer/-/enquirer-2.4.1.tgz 2310ms (cache miss)
4394 http fetch GET 200 https://registry.npmjs.org/source-map-js/-/source-map-js-1.2.1.tgz 2331ms (cache miss)
4395 http fetch GET 200 https://registry.npmjs.org/@vue/compiler-ssr/-/compiler-ssr-3.5.40.tgz 2349ms (cache miss)
4396 http fetch GET 200 https://registry.npmjs.org/estree-walker/-/estree-walker-2.0.2.tgz 2354ms (cache miss)
4397 http fetch GET 200 https://registry.npmjs.org/vue-types/-/vue-types-3.0.2.tgz 2366ms (cache miss)
4398 http fetch GET 200 https://registry.npmjs.org/uri-js/-/uri-js-4.4.1.tgz 2369ms (cache miss)
4399 http fetch GET 200 https://registry.npmjs.org/webrtc-adapter/-/webrtc-adapter-8.2.0.tgz 2374ms (cache miss)
4400 http fetch GET 200 https://registry.npmjs.org/tsconfig-paths/-/tsconfig-paths-3.15.0.tgz 2393ms (cache miss)
4401 http fetch GET 200 https://registry.npmjs.org/@vue/compiler-dom/-/compiler-dom-3.5.40.tgz 2386ms (cache miss)
4402 http fetch GET 200 https://registry.npmjs.org/js-sdsl/-/js-sdsl-4.3.0.tgz 2415ms (cache miss)
4403 http fetch GET 200 https://registry.npmjs.org/eslint-plugin-es/-/eslint-plugin-es-3.0.1.tgz 2420ms (cache miss)
4404 http fetch GET 200 https://registry.npmjs.org/@babel/parser/-/parser-7.29.7.tgz 2406ms (cache miss)
4405 http fetch GET 200 https://registry.npmjs.org/@simonwep/pickr/-/pickr-1.8.2.tgz 2414ms (cache miss)
4406 http fetch GET 200 https://registry.npmjs.org/regenerator-runtime/-/regenerator-runtime-0.13.11.tgz 2454ms (cache miss)
4407 http fetch GET 200 https://registry.npmjs.org/@vue/compiler-core/-/compiler-core-3.5.40.tgz 2474ms (cache miss)
4408 http fetch GET 200 https://registry.npmjs.org/systemjs/-/systemjs-6.15.1.tgz 2486ms (cache miss)
4409 http fetch GET 200 https://registry.npmjs.org/postcss/-/postcss-8.5.22.tgz 2491ms (cache miss)
4410 http fetch GET 200 https://registry.npmjs.org/eslint-visitor-keys/-/eslint-visitor-keys-3.4.3.tgz 2490ms (cache miss)
4411 http fetch GET 200 https://registry.npmjs.org/magic-string/-/magic-string-0.26.7.tgz 2496ms (cache miss)
4412 http fetch GET 200 https://registry.npmjs.org/is-glob/-/is-glob-4.0.3.tgz 2509ms (cache miss)
4413 http fetch GET 200 https://registry.npmjs.org/eslint-scope/-/eslint-scope-5.1.1.tgz 2510ms (cache miss)
4414 http fetch GET 200 https://registry.npmjs.org/@types/json-schema/-/json-schema-7.0.15.tgz 2511ms (cache miss)
4415 http fetch GET 200 https://registry.npmjs.org/@types/semver/-/semver-7.7.1.tgz 2512ms (cache miss)
4416 http fetch GET 200 https://registry.npmjs.org/resolve/-/resolve-2.0.0-next.7.tgz 2531ms (cache miss)
4417 http fetch GET 200 https://registry.npmjs.org/@agora-js/protocol/-/protocol-4.24.6.tgz 2522ms (cache miss)
4418 http fetch GET 200 https://registry.npmjs.org/web-streams-polyfill/-/web-streams-polyfill-3.3.3.tgz 2620ms (cache miss)
4419 http fetch GET 200 https://registry.npmjs.org/@eslint-community/eslint-utils/-/eslint-utils-4.10.1.tgz 2616ms (cache miss)
4420 http fetch GET 200 https://registry.npmjs.org/globby/-/globby-11.1.0.tgz 2625ms (cache miss)
4421 http fetch GET 200 https://registry.npmjs.org/natural-compare-lite/-/natural-compare-lite-1.4.0.tgz 2626ms (cache miss)
4422 http fetch GET 200 https://registry.npmjs.org/@typescript-eslint/visitor-keys/-/visitor-keys-5.62.0.tgz 2629ms (cache miss)
4423 http fetch GET 200 https://registry.npmjs.org/ignore/-/ignore-5.3.2.tgz 2640ms (cache miss)
4424 http fetch GET 200 https://registry.npmjs.org/ajv/-/ajv-6.15.0.tgz 2654ms (cache miss)
4425 http fetch GET 200 https://registry.npmjs.org/table/-/table-6.9.0.tgz 2680ms (cache miss)
4426 http fetch GET 200 https://registry.npmjs.org/@agora-js/report/-/report-4.24.6.tgz 2706ms (cache miss)
4427 http fetch GET 200 https://registry.npmjs.org/@agora-js/shared/-/shared-4.24.6.tgz 2718ms (cache miss)
4428 http fetch GET 200 https://registry.npmjs.org/debug/-/debug-4.4.3.tgz 2762ms (cache miss)
4429 http fetch GET 200 https://registry.npmjs.org/@ant-design/colors/-/colors-6.0.0.tgz 2763ms (cache miss)
4430 http fetch GET 200 https://registry.npmjs.org/graphemer/-/graphemer-1.4.0.tgz 2767ms (cache miss)
4431 http fetch GET 200 https://registry.npmjs.org/semver/-/semver-7.8.5.tgz 2792ms (cache miss)
4432 http fetch GET 200 https://registry.npmjs.org/@eslint-community/regexpp/-/regexpp-4.12.2.tgz 2797ms (cache miss)
4433 http fetch GET 200 https://registry.npmjs.org/@agora-js/media/-/media-4.24.6.tgz 2804ms (cache miss)
4434 http fetch GET 200 https://registry.npmjs.org/@typescript-eslint/types/-/types-5.62.0.tgz 2812ms (cache miss)
4435 http fetch GET 200 https://registry.npmjs.org/vuex/-/vuex-4.1.0.tgz 2817ms (cache miss)
4436 http fetch GET 200 https://registry.npmjs.org/entities/-/entities-7.0.1.tgz 2859ms (cache miss)
4437 http fetch GET 200 https://registry.npmjs.org/vite-plugin-vconsole/-/vite-plugin-vconsole-1.3.1.tgz 2895ms (cache miss)
4438 http fetch GET 200 https://registry.npmjs.org/vite-plugin-eslint/-/vite-plugin-eslint-1.8.1.tgz 2898ms (cache miss)
4439 http fetch GET 200 https://registry.npmjs.org/vite-plugin-optimize-persist/-/vite-plugin-optimize-persist-0.1.2.tgz 2899ms (cache miss)
4440 http fetch GET 200 https://registry.npmjs.org/vite-plugin-package-config/-/vite-plugin-package-config-0.1.1.tgz 2902ms (cache miss)
4441 http fetch GET 200 https://registry.npmjs.org/@babel/helpers/-/helpers-7.29.7.tgz 2927ms (cache miss)
4442 http fetch GET 200 https://registry.npmjs.org/vite-plugin-style-import/-/vite-plugin-style-import-1.4.1.tgz 2915ms (cache miss)
4443 http fetch GET 200 https://registry.npmjs.org/vite-plugin-importer/-/vite-plugin-importer-0.2.5.tgz 2923ms (cache miss)
4444 http fetch GET 200 https://registry.npmjs.org/vue-router/-/vue-router-4.6.4.tgz 2927ms (cache miss)
4445 http fetch GET 200 https://registry.npmjs.org/vite-plugin-svg-icons/-/vite-plugin-svg-icons-1.1.0.tgz 2931ms (cache miss)
4446 http fetch GET 200 https://registry.npmjs.org/tsutils/-/tsutils-3.21.0.tgz 2945ms (cache miss)
4447 http fetch GET 200 https://registry.npmjs.org/@typescript-eslint/type-utils/-/type-utils-5.62.0.tgz 3008ms (cache miss)
4448 http fetch GET 200 https://registry.npmjs.org/vue-i18n/-/vue-i18n-9.14.5.tgz 3013ms (cache miss)
4449 http fetch GET 200 https://registry.npmjs.org/vconsole/-/vconsole-3.15.1.tgz 3013ms (cache miss)
4450 warn deprecated vue-i18n@9.14.5: v9 and v10 no longer supported. please migrate to v11. about maintenance status, see https://vue-i18n.intlify.dev/guide/maintenance.html
4451 http fetch GET 200 https://registry.npmjs.org/vue/-/vue-3.5.40.tgz 3048ms (cache miss)
4452 http fetch GET 200 https://registry.npmjs.org/@ctrl/tinycolor/-/tinycolor-3.6.1.tgz 3114ms (cache miss)
4453 http fetch GET 200 https://registry.npmjs.org/query-string/-/query-string-7.1.3.tgz 3136ms (cache miss)
4454 http fetch GET 200 https://registry.npmjs.org/eslint-plugin-promise/-/eslint-plugin-promise-5.2.0.tgz 3151ms (cache miss)
4455 http fetch GET 200 https://registry.npmjs.org/mitt/-/mitt-3.0.1.tgz 3154ms (cache miss)
4456 http fetch GET 200 https://registry.npmjs.org/rollup-plugin-external-globals/-/rollup-plugin-external-globals-0.6.1.tgz 3160ms (cache miss)
4457 http fetch GET 200 https://registry.npmjs.org/eventemitter3/-/eventemitter3-5.0.4.tgz 3189ms (cache miss)
4458 http fetch GET 200 https://registry.npmjs.org/reconnecting-websocket/-/reconnecting-websocket-4.4.0.tgz 3214ms (cache miss)
4459 http fetch GET 200 https://registry.npmjs.org/@babel/runtime/-/runtime-7.29.7.tgz 3249ms (cache miss)
4460 http fetch GET 200 https://registry.npmjs.org/eslint-config-standard/-/eslint-config-standard-16.0.3.tgz 3244ms (cache miss)
4461 http fetch GET 200 https://registry.npmjs.org/@babel/types/-/types-7.29.7.tgz 3269ms (cache miss)
4462 http fetch GET 200 https://registry.npmjs.org/mqtt/-/mqtt-4.3.8.tgz 3314ms (cache miss)
4463 http fetch GET 200 https://registry.npmjs.org/@typescript-eslint/typescript-estree/-/typescript-estree-5.62.0.tgz 3328ms (cache miss)
4464 http fetch GET 200 https://registry.npmjs.org/sass/-/sass-1.101.6.tgz 3373ms (cache miss)
4465 http fetch GET 200 https://registry.npmjs.org/vite/-/vite-2.9.18.tgz 3437ms (cache miss)
4466 http fetch GET 200 https://registry.npmjs.org/eslint-plugin-node/-/eslint-plugin-node-11.1.0.tgz 3483ms (cache miss)
4467 http fetch GET 200 https://registry.npmjs.org/axios/-/axios-0.21.4.tgz 3549ms (cache miss)
4468 http fetch GET 200 https://registry.npmjs.org/@babel/standalone/-/standalone-7.29.7.tgz 3573ms (cache miss)
4469 http fetch GET 200 https://registry.npmjs.org/@typescript-eslint/parser/-/parser-5.62.0.tgz 3592ms (cache miss)
4470 http fetch GET 200 https://registry.npmjs.org/@vue/compiler-sfc/-/compiler-sfc-3.5.40.tgz 3616ms (cache miss)
4471 http fetch GET 200 https://registry.npmjs.org/@typescript-eslint/utils/-/utils-5.62.0.tgz 3655ms (cache miss)
4472 http fetch GET 200 https://registry.npmjs.org/lodash-es/-/lodash-es-4.18.1.tgz 3701ms (cache miss)
4473 http fetch GET 200 https://registry.npmjs.org/@vitejs/plugin-legacy/-/plugin-legacy-1.8.2.tgz 3697ms (cache miss)
4474 http fetch GET 200 https://registry.npmjs.org/@vitejs/plugin-vue/-/plugin-vue-1.10.2.tgz 3737ms (cache miss)
4475 http fetch GET 200 https://registry.npmjs.org/eslint-plugin-import/-/eslint-plugin-import-2.32.0.tgz 3747ms (cache miss)
4476 http fetch GET 200 https://registry.npmjs.org/@types/urlencode/-/urlencode-1.1.4.tgz 3780ms (cache miss)
4477 http fetch GET 200 https://registry.npmjs.org/ansi-regex/-/ansi-regex-2.1.1.tgz 3792ms (cache miss)
4478 http fetch GET 200 https://registry.npmjs.org/@amap/amap-jsapi-loader/-/amap-jsapi-loader-1.0.1.tgz 3813ms (cache miss)
4479 http fetch GET 200 https://registry.npmjs.org/agora-rtc-sdk-ng/-/agora-rtc-sdk-ng-4.24.6.tgz 3867ms (cache miss)
4480 http fetch GET 200 https://registry.npmjs.org/kind-of/-/kind-of-3.2.2.tgz 3948ms (cache miss)
4481 http fetch GET 200 https://registry.npmjs.org/@bufbuild/protobuf/-/protobuf-2.10.1.tgz 3957ms (cache miss)
4482 http fetch GET 200 https://registry.npmjs.org/is-descriptor/-/is-descriptor-0.1.8.tgz 3958ms (cache miss)
4483 http fetch GET 200 https://registry.npmjs.org/is-extendable/-/is-extendable-1.0.1.tgz 4022ms (cache miss)
4484 http fetch GET 200 https://registry.npmjs.org/isobject/-/isobject-3.0.1.tgz 4023ms (cache miss)
4485 http fetch GET 200 https://registry.npmjs.org/eslint-plugin-vue/-/eslint-plugin-vue-7.20.0.tgz 4027ms (cache miss)
4486 http fetch GET 200 https://registry.npmjs.org/kind-of/-/kind-of-3.2.2.tgz 4043ms (cache miss)
4487 http fetch GET 200 https://registry.npmjs.org/extend-shallow/-/extend-shallow-3.0.2.tgz 4069ms (cache miss)
4488 http fetch GET 200 https://registry.npmjs.org/kind-of/-/kind-of-4.0.0.tgz 4071ms (cache miss)
4489 http fetch GET 200 https://registry.npmjs.org/is-plain-object/-/is-plain-object-2.0.4.tgz 4072ms (cache miss)
4490 http fetch GET 200 https://registry.npmjs.org/define-property/-/define-property-0.2.5.tgz 4074ms (cache miss)
4491 http fetch GET 200 https://registry.npmjs.org/@types/node/-/node-16.18.126.tgz 4085ms (cache miss)
4492 http fetch GET 200 https://registry.npmjs.org/isobject/-/isobject-3.0.1.tgz 4126ms (cache miss)
4493 http fetch GET 200 https://registry.npmjs.org/caniuse-lite/-/caniuse-lite-1.0.30001806.tgz 4270ms (cache miss)
4494 http fetch GET 200 https://registry.npmjs.org/moment/-/moment-2.30.1.tgz 4274ms (cache miss)
4495 http fetch GET 200 https://registry.npmjs.org/isobject/-/isobject-3.0.1.tgz 4278ms (cache miss)
4496 http fetch GET 200 https://registry.npmjs.org/kind-of/-/kind-of-3.2.2.tgz 4293ms (cache miss)
4497 http fetch GET 200 https://registry.npmjs.org/is-number/-/is-number-3.0.0.tgz 4296ms (cache miss)
4498 http fetch GET 200 https://registry.npmjs.org/is-descriptor/-/is-descriptor-0.1.8.tgz 4318ms (cache miss)
4499 http fetch GET 200 https://registry.npmjs.org/define-property/-/define-property-0.2.5.tgz 4319ms (cache miss)
4500 http fetch GET 200 https://registry.npmjs.org/isobject/-/isobject-3.0.1.tgz 4323ms (cache miss)
4501 http fetch GET 200 https://registry.npmjs.org/has-value/-/has-value-0.3.1.tgz 4333ms (cache miss)
4502 http fetch GET 200 https://registry.npmjs.org/has-values/-/has-values-0.1.4.tgz 4337ms (cache miss)
4503 http fetch GET 200 https://registry.npmjs.org/isobject/-/isobject-3.0.1.tgz 4338ms (cache miss)
4504 http fetch GET 200 https://registry.npmjs.org/isarray/-/isarray-1.0.0.tgz 4340ms (cache miss)
4505 http fetch GET 200 https://registry.npmjs.org/isobject/-/isobject-2.1.0.tgz 4340ms (cache miss)
4506 http fetch GET 200 https://registry.npmjs.org/kind-of/-/kind-of-3.2.2.tgz 4398ms (cache miss)
4507 http fetch GET 200 https://registry.npmjs.org/is-plain-object/-/is-plain-object-2.0.4.tgz 4458ms (cache miss)
4508 http fetch GET 200 https://registry.npmjs.org/isobject/-/isobject-3.0.1.tgz 4460ms (cache miss)
4509 http fetch GET 200 https://registry.npmjs.org/omit.js/-/omit.js-2.0.2.tgz 4465ms (cache miss)
4510 http fetch GET 200 https://registry.npmjs.org/is-extendable/-/is-extendable-1.0.1.tgz 4466ms (cache miss)
4511 http fetch GET 200 https://registry.npmjs.org/isobject/-/isobject-3.0.1.tgz 4476ms (cache miss)
4512 http fetch GET 200 https://registry.npmjs.org/isobject/-/isobject-3.0.1.tgz 4477ms (cache miss)
4513 http fetch GET 200 https://registry.npmjs.org/define-property/-/define-property-0.2.5.tgz 4479ms (cache miss)
4514 http fetch GET 200 https://registry.npmjs.org/ms/-/ms-2.0.0.tgz 4481ms (cache miss)
4515 http fetch GET 200 https://registry.npmjs.org/is-descriptor/-/is-descriptor-0.1.8.tgz 4493ms (cache miss)
4516 http fetch GET 200 https://registry.npmjs.org/is-descriptor/-/is-descriptor-0.1.8.tgz 4493ms (cache miss)
4517 http fetch GET 200 https://registry.npmjs.org/define-property/-/define-property-0.2.5.tgz 4515ms (cache miss)
4518 http fetch GET 200 https://registry.npmjs.org/lodash/-/lodash-4.18.1.tgz 4547ms (cache miss)
4519 http fetch GET 200 https://registry.npmjs.org/is-plain-object/-/is-plain-object-2.0.4.tgz 4539ms (cache miss)
4520 http fetch GET 200 https://registry.npmjs.org/isobject/-/isobject-3.0.1.tgz 4541ms (cache miss)
4521 http fetch GET 200 https://registry.npmjs.org/is-descriptor/-/is-descriptor-0.1.8.tgz 4544ms (cache miss)
4522 http fetch GET 200 https://registry.npmjs.org/ms/-/ms-2.0.0.tgz 4545ms (cache miss)
4523 http fetch GET 200 https://registry.npmjs.org/define-property/-/define-property-0.2.5.tgz 4546ms (cache miss)
4524 http fetch GET 200 https://registry.npmjs.org/is-extendable/-/is-extendable-1.0.1.tgz 4549ms (cache miss)
4525 http fetch GET 200 https://registry.npmjs.org/define-property/-/define-property-2.0.2.tgz 4557ms (cache miss)
4526 http fetch GET 200 https://registry.npmjs.org/debug/-/debug-2.6.9.tgz 4559ms (cache miss)
4527 http fetch GET 200 https://registry.npmjs.org/extend-shallow/-/extend-shallow-3.0.2.tgz 4566ms (cache miss)
4528 http fetch GET 200 https://registry.npmjs.org/isobject/-/isobject-3.0.1.tgz 4567ms (cache miss)
4529 http fetch GET 200 https://registry.npmjs.org/is-plain-object/-/is-plain-object-2.0.4.tgz 4574ms (cache miss)
4530 http fetch GET 200 https://registry.npmjs.org/debug/-/debug-2.6.9.tgz 4583ms (cache miss)
4531 http fetch GET 200 https://registry.npmjs.org/isobject/-/isobject-3.0.1.tgz 4598ms (cache miss)
4532 http fetch GET 200 https://registry.npmjs.org/is-plain-object/-/is-plain-object-2.0.4.tgz 4599ms (cache miss)
4533 http fetch GET 200 https://registry.npmjs.org/extend-shallow/-/extend-shallow-3.0.2.tgz 4600ms (cache miss)
4534 http fetch GET 200 https://registry.npmjs.org/isobject/-/isobject-3.0.1.tgz 4604ms (cache miss)
4535 http fetch GET 200 https://registry.npmjs.org/is-extendable/-/is-extendable-1.0.1.tgz 4604ms (cache miss)
4536 http fetch GET 200 https://registry.npmjs.org/is-plain-object/-/is-plain-object-2.0.4.tgz 4605ms (cache miss)
4537 http fetch GET 200 https://registry.npmjs.org/isobject/-/isobject-3.0.1.tgz 4607ms (cache miss)
4538 http fetch GET 200 https://registry.npmjs.org/define-property/-/define-property-2.0.2.tgz 4619ms (cache miss)
4539 http fetch GET 200 https://registry.npmjs.org/is-extendable/-/is-extendable-1.0.1.tgz 4620ms (cache miss)
4540 http fetch GET 200 https://registry.npmjs.org/@typescript-eslint/scope-manager/-/scope-manager-5.62.0.tgz 4628ms (cache miss)
4541 http fetch GET 200 https://registry.npmjs.org/kind-of/-/kind-of-6.0.3.tgz 4622ms (cache miss)
4542 http fetch GET 200 https://registry.npmjs.org/traverse/-/traverse-0.3.9.tgz 4623ms (cache miss)
4543 http fetch GET 200 https://registry.npmjs.org/rimraf/-/rimraf-2.7.1.tgz 4626ms (cache miss)
4544 warn deprecated rimraf@2.7.1: Rimraf versions prior to v4 are no longer supported
4545 http fetch GET 200 https://registry.npmjs.org/source-map/-/source-map-0.5.7.tgz 4633ms (cache miss)
4546 http fetch GET 200 https://registry.npmjs.org/pako/-/pako-2.2.0.tgz 4644ms (cache miss)
4547 http fetch GET 200 https://registry.npmjs.org/extend-shallow/-/extend-shallow-3.0.2.tgz 4643ms (cache miss)
4548 http fetch GET 200 https://registry.npmjs.org/safe-buffer/-/safe-buffer-5.1.2.tgz 4649ms (cache miss)
4549 http fetch GET 200 https://registry.npmjs.org/isobject/-/isobject-3.0.1.tgz 4652ms (cache miss)
4550 http fetch GET 200 https://registry.npmjs.org/isarray/-/isarray-1.0.0.tgz 4678ms (cache miss)
4551 http fetch GET 200 https://registry.npmjs.org/domelementtype/-/domelementtype-2.3.0.tgz 4678ms (cache miss)
4552 http fetch GET 200 https://registry.npmjs.org/string_decoder/-/string_decoder-1.1.1.tgz 4679ms (cache miss)
4553 http fetch GET 200 https://registry.npmjs.org/string_decoder/-/string_decoder-1.1.1.tgz 4687ms (cache miss)
4554 http fetch GET 200 https://registry.npmjs.org/safe-buffer/-/safe-buffer-5.1.2.tgz 4688ms (cache miss)
4555 http fetch GET 200 https://registry.npmjs.org/readable-stream/-/readable-stream-2.3.8.tgz 4706ms (cache miss)
4556 http fetch GET 200 https://registry.npmjs.org/isarray/-/isarray-1.0.0.tgz 4714ms (cache miss)
4557 http fetch GET 200 https://registry.npmjs.org/domelementtype/-/domelementtype-2.3.0.tgz 4763ms (cache miss)
4558 http fetch GET 200 https://registry.npmjs.org/isarray/-/isarray-1.0.0.tgz 4764ms (cache miss)
4559 http fetch GET 200 https://registry.npmjs.org/strict-uri-encode/-/strict-uri-encode-1.1.0.tgz 4767ms (cache miss)
4560 http fetch GET 200 https://registry.npmjs.org/escape-string-regexp/-/escape-string-regexp-1.0.5.tgz 4768ms (cache miss)
4561 http fetch GET 200 https://registry.npmjs.org/has-flag/-/has-flag-1.0.0.tgz 4770ms (cache miss)
4562 http fetch GET 200 https://registry.npmjs.org/entities/-/entities-2.2.0.tgz 4772ms (cache miss)
4563 http fetch GET 200 https://registry.npmjs.org/ansi-regex/-/ansi-regex-2.1.1.tgz 4771ms (cache miss)
4564 http fetch GET 200 https://registry.npmjs.org/readable-stream/-/readable-stream-2.3.8.tgz 4775ms (cache miss)
4565 http fetch GET 200 https://registry.npmjs.org/escape-string-regexp/-/escape-string-regexp-1.0.5.tgz 4775ms (cache miss)
4566 http fetch GET 200 https://registry.npmjs.org/eslint/-/eslint-7.32.0.tgz 4785ms (cache miss)
4567 warn deprecated eslint@7.32.0: This version is no longer supported. Please see https://eslint.org/version-support for other options.
4568 http fetch GET 200 https://registry.npmjs.org/strip-ansi/-/strip-ansi-3.0.1.tgz 4782ms (cache miss)
4569 http fetch GET 200 https://registry.npmjs.org/domhandler/-/domhandler-4.3.1.tgz 4789ms (cache miss)
4570 http fetch GET 200 https://registry.npmjs.org/to-regex-range/-/to-regex-range-2.1.1.tgz 4796ms (cache miss)
4571 http fetch GET 200 https://registry.npmjs.org/entities/-/entities-1.1.2.tgz 4806ms (cache miss)
4572 http fetch GET 200 https://registry.npmjs.org/chalk/-/chalk-1.1.3.tgz 4813ms (cache miss)
4573 http fetch GET 200 https://registry.npmjs.org/ansi-styles/-/ansi-styles-2.2.1.tgz 4815ms (cache miss)
4574 http fetch GET 200 https://registry.npmjs.org/isobject/-/isobject-3.0.1.tgz 4819ms (cache miss)
4575 http fetch GET 200 https://registry.npmjs.org/is-number/-/is-number-3.0.0.tgz 4820ms (cache miss)
4576 http fetch GET 200 https://registry.npmjs.org/kind-of/-/kind-of-3.2.2.tgz 4821ms (cache miss)
4577 http fetch GET 200 https://registry.npmjs.org/supports-color/-/supports-color-2.0.0.tgz 4822ms (cache miss)
4578 http fetch GET 200 https://registry.npmjs.org/supports-color/-/supports-color-3.2.3.tgz 4826ms (cache miss)
4579 http fetch GET 200 https://registry.npmjs.org/fill-range/-/fill-range-4.0.0.tgz 4828ms (cache miss)
4580 http fetch GET 200 https://registry.npmjs.org/entities/-/entities-2.2.0.tgz 4832ms (cache miss)
4581 http fetch GET 200 https://registry.npmjs.org/braces/-/braces-2.3.2.tgz 4838ms (cache miss)
4582 http fetch GET 200 https://registry.npmjs.org/domutils/-/domutils-2.8.0.tgz 4846ms (cache miss)
4583 http fetch GET 200 https://registry.npmjs.org/micromatch/-/micromatch-3.1.0.tgz 4890ms (cache miss)
4584 http fetch GET 200 https://registry.npmjs.org/dom-serializer/-/dom-serializer-1.4.1.tgz 4906ms (cache miss)
4585 http fetch GET 200 https://registry.npmjs.org/tslib/-/tslib-2.8.1.tgz 4909ms (cache miss)
4586 http fetch GET 200 https://registry.npmjs.org/tslib/-/tslib-2.8.1.tgz 4909ms (cache miss)
4587 http fetch GET 200 https://registry.npmjs.org/tslib/-/tslib-2.8.1.tgz 4910ms (cache miss)
4588 http fetch GET 200 https://registry.npmjs.org/tslib/-/tslib-2.8.1.tgz 4913ms (cache miss)
4589 http fetch GET 200 https://registry.npmjs.org/tslib/-/tslib-2.8.1.tgz 4914ms (cache miss)
4590 http fetch GET 200 https://registry.npmjs.org/tslib/-/tslib-2.8.1.tgz 4915ms (cache miss)
4591 http fetch GET 200 https://registry.npmjs.org/tslib/-/tslib-2.8.1.tgz 4917ms (cache miss)
4592 http fetch GET 200 https://registry.npmjs.org/source-map/-/source-map-0.5.7.tgz 4922ms (cache miss)
4593 http fetch GET 200 https://registry.npmjs.org/tslib/-/tslib-2.8.1.tgz 4921ms (cache miss)
4594 http fetch GET 200 https://registry.npmjs.org/tslib/-/tslib-2.8.1.tgz 4921ms (cache miss)
4595 http fetch GET 200 https://registry.npmjs.org/tslib/-/tslib-2.8.1.tgz 4923ms (cache miss)
4596 http fetch GET 200 https://registry.npmjs.org/tslib/-/tslib-2.8.1.tgz 4924ms (cache miss)
4597 http fetch GET 200 https://registry.npmjs.org/@babel/code-frame/-/code-frame-7.29.7.tgz 4941ms (cache miss)
4598 http fetch GET 200 https://registry.npmjs.org/bluebird/-/bluebird-3.4.7.tgz 4954ms (cache miss)
4599 http fetch GET 200 https://registry.npmjs.org/@babel/code-frame/-/code-frame-7.29.7.tgz 4956ms (cache miss)
4600 http fetch GET 200 https://registry.npmjs.org/semver/-/semver-6.3.1.tgz 4957ms (cache miss)
4601 http fetch GET 200 https://registry.npmjs.org/yallist/-/yallist-3.1.1.tgz 4957ms (cache miss)
4602 http fetch GET 200 https://registry.npmjs.org/lru-cache/-/lru-cache-5.1.1.tgz 4960ms (cache miss)
4603 http fetch GET 200 https://registry.npmjs.org/@babel/code-frame/-/code-frame-7.29.7.tgz 4962ms (cache miss)
4604 http fetch GET 200 https://registry.npmjs.org/estraverse/-/estraverse-5.3.0.tgz 4968ms (cache miss)
4605 http fetch GET 200 https://registry.npmjs.org/tslib/-/tslib-2.8.1.tgz 4972ms (cache miss)
4606 http fetch GET 200 https://registry.npmjs.org/tslib/-/tslib-2.8.1.tgz 4974ms (cache miss)
4607 http fetch GET 200 https://registry.npmjs.org/semver/-/semver-6.3.1.tgz 4974ms (cache miss)
4608 http fetch GET 200 https://registry.npmjs.org/tslib/-/tslib-2.8.1.tgz 4975ms (cache miss)
4609 http fetch GET 200 https://registry.npmjs.org/tslib/-/tslib-2.8.1.tgz 4976ms (cache miss)
4610 http fetch GET 200 https://registry.npmjs.org/semver/-/semver-6.3.1.tgz 4980ms (cache miss)
4611 http fetch GET 200 https://registry.npmjs.org/semver/-/semver-6.3.1.tgz 4982ms (cache miss)
4612 http fetch GET 200 https://registry.npmjs.org/color-name/-/color-name-1.1.3.tgz 4984ms (cache miss)
4613 http fetch GET 200 https://registry.npmjs.org/picomatch/-/picomatch-4.0.5.tgz 4993ms (cache miss)
4614 http fetch GET 200 https://registry.npmjs.org/debug/-/debug-3.2.7.tgz 4997ms (cache miss)
4615 http fetch GET 200 https://registry.npmjs.org/eslint-visitor-keys/-/eslint-visitor-keys-1.3.0.tgz 4999ms (cache miss)
4616 http fetch GET 200 https://registry.npmjs.org/has-flag/-/has-flag-3.0.0.tgz 5000ms (cache miss)
4617 http fetch GET 200 https://registry.npmjs.org/debug/-/debug-3.2.7.tgz 5001ms (cache miss)
4618 http fetch GET 200 https://registry.npmjs.org/supports-color/-/supports-color-5.5.0.tgz 5001ms (cache miss)
4619 http fetch GET 200 https://registry.npmjs.org/postcss/-/postcss-5.2.18.tgz 5005ms (cache miss)
4620 http fetch GET 200 https://registry.npmjs.org/color-convert/-/color-convert-1.9.3.tgz 5013ms (cache miss)
4621 http fetch GET 200 https://registry.npmjs.org/estraverse/-/estraverse-5.3.0.tgz 5014ms (cache miss)
4622 http fetch GET 200 https://registry.npmjs.org/escape-string-regexp/-/escape-string-regexp-1.0.5.tgz 5017ms (cache miss)
4623 http fetch GET 200 https://registry.npmjs.org/eslint-visitor-keys/-/eslint-visitor-keys-1.3.0.tgz 5018ms (cache miss)
4624 http fetch GET 200 https://registry.npmjs.org/ansi-styles/-/ansi-styles-3.2.1.tgz 5019ms (cache miss)
4625 http fetch GET 200 https://registry.npmjs.org/json-schema-traverse/-/json-schema-traverse-1.0.0.tgz 5027ms (cache miss)
4626 http fetch GET 200 https://registry.npmjs.org/chalk/-/chalk-2.4.2.tgz 5028ms (cache miss)
4627 http fetch GET 200 https://registry.npmjs.org/ignore/-/ignore-4.0.6.tgz 5029ms (cache miss)
4628 http fetch GET 200 https://registry.npmjs.org/espree/-/espree-6.2.1.tgz 5034ms (cache miss)
4629 http fetch GET 200 https://registry.npmjs.org/eslint-visitor-keys/-/eslint-visitor-keys-1.3.0.tgz 5034ms (cache miss)
4630 http fetch GET 200 https://registry.npmjs.org/json5/-/json5-2.2.3.tgz 5039ms (cache miss)
4631 http fetch GET 200 https://registry.npmjs.org/magic-string/-/magic-string-0.25.9.tgz 5117ms (cache miss)
4632 http fetch GET 200 https://registry.npmjs.org/magic-string/-/magic-string-0.25.9.tgz 5134ms (cache miss)
4633 http fetch GET 200 https://registry.npmjs.org/semver/-/semver-6.3.1.tgz 5146ms (cache miss)
4634 http fetch GET 200 https://registry.npmjs.org/magic-string/-/magic-string-0.25.9.tgz 5158ms (cache miss)
4635 http fetch GET 200 https://registry.npmjs.org/query-string/-/query-string-4.3.4.tgz 5163ms (cache miss)
4636 http fetch GET 200 https://registry.npmjs.org/semver/-/semver-6.3.1.tgz 5168ms (cache miss)
4637 http fetch GET 200 https://registry.npmjs.org/debug/-/debug-3.2.7.tgz 5173ms (cache miss)
4638 http fetch GET 200 https://registry.npmjs.org/semver/-/semver-6.3.1.tgz 5189ms (cache miss)
4639 http fetch GET 200 https://registry.npmjs.org/doctrine/-/doctrine-2.1.0.tgz 5214ms (cache miss)
4640 http fetch GET 200 https://registry.npmjs.org/vite-plugin-components/-/vite-plugin-components-0.13.3.tgz 5244ms (cache revalidated)
4641 http fetch GET 200 https://registry.npmjs.org/vue-cookies/-/vue-cookies-1.7.4.tgz 5254ms (cache revalidated)
4642 http fetch GET 200 https://registry.npmjs.org/eslint-visitor-keys/-/eslint-visitor-keys-2.1.0.tgz 5248ms (cache miss)
4643 http fetch GET 200 https://registry.npmjs.org/ignore/-/ignore-4.0.6.tgz 5238ms (cache miss)
4644 http fetch GET 200 https://registry.npmjs.org/micromatch 5092ms (cache miss)
4645 silly packumentCache corgi:https://registry.npmjs.org/micromatch set size:undefined disposed:false
4646 http fetch GET 200 https://registry.npmjs.org/postcss 5103ms (cache miss)
4647 silly packumentCache corgi:https://registry.npmjs.org/postcss set size:undefined disposed:false
4648 http fetch GET 200 https://registry.npmjs.org/axios 5111ms (cache miss)
4649 silly packumentCache corgi:https://registry.npmjs.org/axios set size:undefined disposed:false
4650 http fetch GET 200 https://registry.npmjs.org/braces 5153ms (cache miss)
4651 silly packumentCache corgi:https://registry.npmjs.org/braces set size:undefined disposed:false
4652 http fetch GET 200 https://registry.npmjs.org/magic-string/-/magic-string-0.30.21.tgz 5321ms (cache miss)
4653 http fetch GET 200 https://registry.npmjs.org/esbuild 5196ms (cache miss)
4654 silly packumentCache corgi:https://registry.npmjs.org/esbuild set size:undefined disposed:false
4655 http fetch GET 200 https://registry.npmjs.org/vite 5222ms (cache miss)
4656 silly packumentCache corgi:https://registry.npmjs.org/vite set size:undefined disposed:false
4657 http fetch GET 200 https://registry.npmjs.org/rollup 5320ms (cache miss)
4658 silly packumentCache corgi:https://registry.npmjs.org/rollup set size:undefined disposed:false
4659 silly packumentCache corgi:https://registry.npmjs.org/svg-baker cache-miss
4660 http fetch GET 200 https://registry.npmjs.org/vue-tsc/-/vue-tsc-0.0.24.tgz 5553ms (cache miss)
4661 http fetch GET 200 https://registry.npmjs.org/@typescript-eslint/eslint-plugin/-/eslint-plugin-5.62.0.tgz 5553ms (cache miss)
4662 http fetch GET 200 https://registry.npmjs.org/axios/-/axios-1.18.1.tgz 5556ms (cache miss)
4663 http fetch GET 200 https://registry.npmjs.org/axios/-/axios-1.18.1.tgz 5566ms (cache miss)
4664 http fetch GET 200 https://registry.npmjs.org/svg-baker 66ms (cache miss)
4665 silly packumentCache corgi:https://registry.npmjs.org/svg-baker set size:undefined disposed:false
4666 http fetch GET 200 https://registry.npmjs.org/axios/-/axios-1.18.1.tgz 5623ms (cache miss)
4667 http fetch GET 200 https://registry.npmjs.org/resolve/-/resolve-1.22.12.tgz 5677ms (cache miss)
4668 silly packumentCache corgi:https://registry.npmjs.org/vite-plugin-eslint cache-miss
4669 http fetch GET 200 https://registry.npmjs.org/axios/-/axios-1.18.1.tgz 5774ms (cache miss)
4670 http fetch GET 200 https://registry.npmjs.org/resolve/-/resolve-1.22.12.tgz 5799ms (cache miss)
4671 http fetch GET 200 https://registry.npmjs.org/vite-plugin-eslint 129ms (cache miss)
4672 silly packumentCache corgi:https://registry.npmjs.org/vite-plugin-eslint set size:undefined disposed:false
4673 silly packumentCache corgi:https://registry.npmjs.org/vite-plugin-svg-icons cache-miss
4674 http fetch GET 200 https://registry.npmjs.org/vite-plugin-svg-icons 201ms (cache miss)
4675 silly packumentCache corgi:https://registry.npmjs.org/vite-plugin-svg-icons set size:undefined disposed:false
4676 http fetch GET 200 https://registry.npmjs.org/typescript/-/typescript-4.9.5.tgz 6204ms (cache miss)
4677 http fetch GET 200 https://registry.npmjs.org/ajv/-/ajv-8.20.0.tgz 6236ms (cache miss)
4678 http fetch GET 200 https://registry.npmjs.org/es-abstract/-/es-abstract-1.24.2.tgz 6913ms (cache miss)
4679 http fetch GET 200 https://registry.npmjs.org/core-js/-/core-js-3.49.0.tgz 9383ms (cache miss)
4680 http fetch GET 200 https://registry.npmjs.org/@ant-design/icons-vue/-/icons-vue-6.1.0.tgz 10264ms (cache miss)
4681 http fetch GET 200 https://registry.npmjs.org/@ant-design/icons-svg/-/icons-svg-4.5.0.tgz 12341ms (cache miss)
4682 http fetch GET 200 https://registry.npmjs.org/ant-design-vue/-/ant-design-vue-2.2.8.tgz 13442ms (cache miss)
4683 info run @parcel/watcher@2.6.0 install node_modules/@parcel/watcher node scripts/build-from-source.js
4684 info run @parcel/watcher@2.6.0 install { code: 0, signal: null }
4685 info run core-js@3.49.0 postinstall node_modules/core-js node -e "try{require('./postinstall')}catch(e){}"
4686 info run esbuild@0.14.54 postinstall node_modules/esbuild node install.js
4687 info run core-js@3.49.0 postinstall { code: 0, signal: null }
4688 info run esbuild@0.14.54 postinstall { code: 0, signal: null }
4689 silly ADD node_modules/require-from-string
4690 silly ADD node_modules/fast-uri
4691 silly ADD node_modules/has-ansi
4692 silly ADD node_modules/has-ansi/node_modules/ansi-regex
4693 silly ADD node_modules/js-base64
4694 silly ADD node_modules/repeat-string
4695 silly ADD node_modules/snapdragon-util
4696 silly ADD node_modules/snapdragon-util/node_modules/kind-of
4697 silly ADD node_modules/snapdragon-node
4698 silly ADD node_modules/snapdragon-node/node_modules/isobject
4699 silly ADD node_modules/repeat-element
4700 silly ADD node_modules/arr-flatten
4701 silly ADD node_modules/assign-symbols
4702 silly ADD node_modules/is-buffer
4703 silly ADD node_modules/copy-descriptor
4704 silly ADD node_modules/object-copy
4705 silly ADD node_modules/object-copy/node_modules/is-descriptor
4706 silly ADD node_modules/object-copy/node_modules/kind-of
4707 silly ADD node_modules/object-copy/node_modules/define-property
4708 silly ADD node_modules/urix
4709 silly ADD node_modules/source-map-url
4710 silly ADD node_modules/resolve-url
4711 silly ADD node_modules/atob
4712 silly ADD node_modules/split-string
4713 silly ADD node_modules/split-string/node_modules/isobject
4714 silly ADD node_modules/split-string/node_modules/is-plain-object
4715 silly ADD node_modules/split-string/node_modules/is-extendable
4716 silly ADD node_modules/split-string/node_modules/extend-shallow
4717 silly ADD node_modules/for-in
4718 silly ADD node_modules/has-values
4719 silly ADD node_modules/has-values/node_modules/kind-of
4720 silly ADD node_modules/has-values/node_modules/is-number
4721 silly ADD node_modules/has-values/node_modules/is-number/node_modules/kind-of
4722 silly ADD node_modules/object-visit
4723 silly ADD node_modules/object-visit/node_modules/isobject
4724 silly ADD node_modules/map-visit
4725 silly ADD node_modules/static-extend
4726 silly ADD node_modules/static-extend/node_modules/is-descriptor
4727 silly ADD node_modules/static-extend/node_modules/define-property
4728 silly ADD node_modules/arr-union
4729 silly ADD node_modules/unset-value
4730 silly ADD node_modules/unset-value/node_modules/isarray
4731 silly ADD node_modules/unset-value/node_modules/has-values
4732 silly ADD node_modules/unset-value/node_modules/isobject
4733 silly ADD node_modules/unset-value/node_modules/has-value
4734 silly ADD node_modules/unset-value/node_modules/has-value/node_modules/isobject
4735 silly ADD node_modules/union-value
4736 silly ADD node_modules/to-object-path
4737 silly ADD node_modules/to-object-path/node_modules/kind-of
4738 silly ADD node_modules/set-value
4739 silly ADD node_modules/set-value/node_modules/isobject
4740 silly ADD node_modules/set-value/node_modules/is-plain-object
4741 silly ADD node_modules/has-value
4742 silly ADD node_modules/has-value/node_modules/isobject
4743 silly ADD node_modules/get-value
4744 silly ADD node_modules/collection-visit
4745 silly ADD node_modules/pascalcase
4746 silly ADD node_modules/mixin-deep
4747 silly ADD node_modules/mixin-deep/node_modules/isobject
4748 silly ADD node_modules/mixin-deep/node_modules/is-plain-object
4749 silly ADD node_modules/mixin-deep/node_modules/is-extendable
4750 silly ADD node_modules/component-emitter
4751 silly ADD node_modules/class-utils
4752 silly ADD node_modules/class-utils/node_modules/is-descriptor
4753 silly ADD node_modules/class-utils/node_modules/isobject
4754 silly ADD node_modules/class-utils/node_modules/define-property
4755 silly ADD node_modules/cache-base
4756 silly ADD node_modules/cache-base/node_modules/isobject
4757 silly ADD node_modules/use
4758 silly ADD node_modules/source-map-resolve
4759 silly ADD node_modules/base
4760 silly ADD node_modules/base/node_modules/isobject
4761 silly ADD node_modules/ret
4762 silly ADD node_modules/safe-regex
4763 silly ADD node_modules/is-windows
4764 silly ADD node_modules/is-data-descriptor
4765 silly ADD node_modules/is-accessor-descriptor
4766 silly ADD node_modules/map-cache
4767 silly ADD node_modules/posix-character-classes
4768 silly ADD node_modules/expand-brackets
4769 silly ADD node_modules/expand-brackets/node_modules/is-descriptor
4770 silly ADD node_modules/expand-brackets/node_modules/ms
4771 silly ADD node_modules/expand-brackets/node_modules/define-property
4772 silly ADD node_modules/expand-brackets/node_modules/debug
4773 silly ADD node_modules/is-extendable
4774 silly ADD node_modules/is-descriptor
4775 silly ADD node_modules/to-regex
4776 silly ADD node_modules/to-regex/node_modules/is-plain-object
4777 silly ADD node_modules/to-regex/node_modules/is-extendable
4778 silly ADD node_modules/to-regex/node_modules/isobject
4779 silly ADD node_modules/to-regex/node_modules/extend-shallow
4780 silly ADD node_modules/to-regex/node_modules/define-property
4781 silly ADD node_modules/snapdragon
4782 silly ADD node_modules/snapdragon/node_modules/is-descriptor
4783 silly ADD node_modules/snapdragon/node_modules/ms
4784 silly ADD node_modules/snapdragon/node_modules/source-map
4785 silly ADD node_modules/snapdragon/node_modules/define-property
4786 silly ADD node_modules/snapdragon/node_modules/debug
4787 silly ADD node_modules/regex-not
4788 silly ADD node_modules/regex-not/node_modules/isobject
4789 silly ADD node_modules/regex-not/node_modules/is-plain-object
4790 silly ADD node_modules/regex-not/node_modules/is-extendable
4791 silly ADD node_modules/regex-not/node_modules/extend-shallow
4792 silly ADD node_modules/object.pick
4793 silly ADD node_modules/object.pick/node_modules/isobject
4794 silly ADD node_modules/nanomatch
4795 silly ADD node_modules/nanomatch/node_modules/is-plain-object
4796 silly ADD node_modules/nanomatch/node_modules/is-extendable
4797 silly ADD node_modules/nanomatch/node_modules/isobject
4798 silly ADD node_modules/nanomatch/node_modules/kind-of
4799 silly ADD node_modules/nanomatch/node_modules/extend-shallow
4800 silly ADD node_modules/nanomatch/node_modules/define-property
4801 silly ADD node_modules/kind-of
4802 silly ADD node_modules/fragment-cache
4803 silly ADD node_modules/extglob
4804 silly ADD node_modules/extend-shallow
4805 silly ADD node_modules/define-property
4806 silly ADD node_modules/array-unique
4807 silly ADD node_modules/arr-diff
4808 silly ADD node_modules/core-util-is
4809 silly ADD node_modules/mime-db
4810 silly ADD node_modules/agent-base
4811 silly ADD node_modules/delayed-stream
4812 silly ADD node_modules/mime-types
4813 silly ADD node_modules/combined-stream
4814 silly ADD node_modules/asynckit
4815 silly ADD node_modules/proxy-from-env
4816 silly ADD node_modules/https-proxy-agent
4817 silly ADD node_modules/form-data
4818 silly ADD node_modules/is-weakset
4819 silly ADD node_modules/is-weakmap
4820 silly ADD node_modules/is-map
4821 silly ADD node_modules/generator-function
4822 silly ADD node_modules/async-function
4823 silly ADD node_modules/which-collection
4824 silly ADD node_modules/is-generator-function
4825 silly ADD node_modules/is-finalizationregistry
4826 silly ADD node_modules/is-async-function
4827 silly ADD node_modules/is-number-object
4828 silly ADD node_modules/is-boolean-object
4829 silly ADD node_modules/is-bigint
4830 silly ADD node_modules/isexe
4831 silly ADD node_modules/sdp
4832 silly ADD node_modules/loose-envify
4833 silly ADD node_modules/is-plain-object
4834 silly ADD node_modules/mkdirp
4835 silly ADD node_modules/chainsaw
4836 silly ADD node_modules/chainsaw/node_modules/traverse
4837 silly ADD node_modules/buffers
4838 silly ADD node_modules/setimmediate
4839 silly ADD node_modules/listenercount
4840 silly ADD node_modules/fstream
4841 silly ADD node_modules/fstream/node_modules/rimraf
4842 silly ADD node_modules/duplexer2
4843 silly ADD node_modules/duplexer2/node_modules/string_decoder
4844 silly ADD node_modules/duplexer2/node_modules/safe-buffer
4845 silly ADD node_modules/duplexer2/node_modules/isarray
4846 silly ADD node_modules/duplexer2/node_modules/readable-stream
4847 silly ADD node_modules/buffer-indexof-polyfill
4848 silly ADD node_modules/binary
4849 silly ADD node_modules/big-integer
4850 silly ADD node_modules/unzipper
4851 silly ADD node_modules/unzipper/node_modules/string_decoder
4852 silly ADD node_modules/unzipper/node_modules/safe-buffer
4853 silly ADD node_modules/unzipper/node_modules/isarray
4854 silly ADD node_modules/unzipper/node_modules/readable-stream
4855 silly ADD node_modules/unzipper/node_modules/bluebird
4856 silly ADD node_modules/@intlify/message-compiler
4857 silly ADD node_modules/@vue/devtools-api
4858 silly ADD node_modules/@intlify/shared
4859 silly ADD node_modules/@intlify/core-base
4860 silly ADD node_modules/csstype
4861 silly ADD node_modules/@vue/runtime-core
4862 silly ADD node_modules/@vue/reactivity
4863 silly ADD node_modules/@vue/server-renderer
4864 silly ADD node_modules/@vue/runtime-dom
4865 silly ADD node_modules/typedarray.prototype.slice
4866 silly ADD node_modules/source-map
4867 silly ADD node_modules/mdn-data
4868 silly ADD node_modules/nth-check
4869 silly ADD node_modules/css-what
4870 silly ADD node_modules/boolbase
4871 silly ADD node_modules/stable
4872 silly ADD node_modules/sax
4873 silly ADD node_modules/csso
4874 silly ADD node_modules/css-tree
4875 silly ADD node_modules/css-select
4876 silly ADD node_modules/css-select/node_modules/entities
4877 silly ADD node_modules/css-select/node_modules/dom-serializer
4878 silly ADD node_modules/css-select/node_modules/domelementtype
4879 silly ADD node_modules/css-select/node_modules/domutils
4880 silly ADD node_modules/css-select/node_modules/domhandler
4881 silly ADD node_modules/commander
4882 silly ADD node_modules/dom-serializer
4883 silly ADD node_modules/dom-serializer/node_modules/entities
4884 silly ADD node_modules/dom-serializer/node_modules/domelementtype
4885 silly ADD node_modules/domutils
4886 silly ADD node_modules/domhandler
4887 silly ADD node_modules/domelementtype
4888 silly ADD node_modules/isobject
4889 silly ADD node_modules/isobject/node_modules/isarray
4890 silly ADD node_modules/htmlparser2
4891 silly ADD node_modules/htmlparser2/node_modules/entities
4892 silly ADD node_modules/posthtml-render
4893 silly ADD node_modules/posthtml-parser
4894 silly ADD node_modules/posthtml
4895 silly ADD node_modules/is-plain-obj
4896 silly ADD node_modules/emojis-list
4897 silly ADD node_modules/big.js
4898 silly ADD node_modules/traverse
4899 silly ADD node_modules/posthtml-svg-mode
4900 silly ADD node_modules/posthtml-rename-id
4901 silly ADD node_modules/posthtml-rename-id/node_modules/escape-string-regexp
4902 silly ADD node_modules/postcss-prefix-selector
4903 silly ADD node_modules/merge-options
4904 silly ADD node_modules/loader-utils
4905 silly ADD node_modules/image-size
4906 silly ADD node_modules/he
4907 silly ADD node_modules/clone
4908 silly ADD node_modules/bluebird
4909 silly ADD node_modules/vary
4910 silly ADD node_modules/object-assign
4911 silly ADD node_modules/svgo
4912 silly ADD node_modules/svg-baker
4913 silly ADD node_modules/svg-baker/node_modules/has-flag
4914 silly ADD node_modules/svg-baker/node_modules/ansi-regex
4915 silly ADD node_modules/svg-baker/node_modules/strict-uri-encode
4916 silly ADD node_modules/svg-baker/node_modules/strip-ansi
4917 silly ADD node_modules/svg-baker/node_modules/escape-string-regexp
4918 silly ADD node_modules/svg-baker/node_modules/ansi-styles
4919 silly ADD node_modules/svg-baker/node_modules/supports-color
4920 silly ADD node_modules/svg-baker/node_modules/source-map
4921 silly ADD node_modules/svg-baker/node_modules/chalk
4922 silly ADD node_modules/svg-baker/node_modules/chalk/node_modules/supports-color
4923 silly ADD node_modules/svg-baker/node_modules/to-regex-range
4924 silly ADD node_modules/svg-baker/node_modules/is-number
4925 silly ADD node_modules/svg-baker/node_modules/is-number/node_modules/kind-of
4926 silly ADD node_modules/svg-baker/node_modules/isobject
4927 silly ADD node_modules/svg-baker/node_modules/fill-range
4928 silly ADD node_modules/svg-baker/node_modules/braces
4929 silly ADD node_modules/svg-baker/node_modules/query-string
4930 silly ADD node_modules/svg-baker/node_modules/postcss
4931 silly ADD node_modules/svg-baker/node_modules/micromatch
4932 silly ADD node_modules/etag
4933 silly ADD node_modules/cors
4934 silly ADD node_modules/@types/svgo
4935 silly ADD node_modules/lower-case
4936 silly ADD node_modules/lower-case/node_modules/tslib
4937 silly ADD node_modules/upper-case
4938 silly ADD node_modules/upper-case/node_modules/tslib
4939 silly ADD node_modules/upper-case-first
4940 silly ADD node_modules/upper-case-first/node_modules/tslib
4941 silly ADD node_modules/snake-case
4942 silly ADD node_modules/snake-case/node_modules/tslib
4943 silly ADD node_modules/sentence-case
4944 silly ADD node_modules/sentence-case/node_modules/tslib
4945 silly ADD node_modules/path-case
4946 silly ADD node_modules/path-case/node_modules/tslib
4947 silly ADD node_modules/pascal-case
4948 silly ADD node_modules/pascal-case/node_modules/tslib
4949 silly ADD node_modules/param-case
4950 silly ADD node_modules/param-case/node_modules/tslib
4951 silly ADD node_modules/no-case
4952 silly ADD node_modules/no-case/node_modules/tslib
4953 silly ADD node_modules/header-case
4954 silly ADD node_modules/header-case/node_modules/tslib
4955 silly ADD node_modules/dot-case
4956 silly ADD node_modules/dot-case/node_modules/tslib
4957 silly ADD node_modules/constant-case
4958 silly ADD node_modules/constant-case/node_modules/tslib
4959 silly ADD node_modules/capital-case
4960 silly ADD node_modules/capital-case/node_modules/tslib
4961 silly ADD node_modules/camel-case
4962 silly ADD node_modules/camel-case/node_modules/tslib
4963 silly ADD node_modules/es-module-lexer
4964 silly ADD node_modules/change-case
4965 silly ADD node_modules/change-case/node_modules/tslib
4966 silly ADD node_modules/universalify
4967 silly ADD node_modules/jsonfile
4968 silly ADD node_modules/graceful-fs
4969 silly ADD node_modules/fs-extra
4970 silly ADD node_modules/escalade
4971 silly ADD node_modules/update-browserslist-db
4972 silly ADD node_modules/node-releases
4973 silly ADD node_modules/electron-to-chromium
4974 silly ADD node_modules/caniuse-lite
4975 silly ADD node_modules/baseline-browser-mapping
4976 silly ADD node_modules/@jridgewell/resolve-uri
4977 silly ADD node_modules/@jridgewell/sourcemap-codec
4978 silly ADD node_modules/@babel/helper-globals
4979 silly ADD node_modules/@babel/helper-plugin-utils
4980 silly ADD node_modules/@babel/helper-module-imports
4981 silly ADD node_modules/browserslist
4982 silly ADD node_modules/@babel/helper-validator-option
4983 silly ADD node_modules/@babel/compat-data
4984 silly ADD node_modules/jsesc
4985 silly ADD node_modules/@jridgewell/trace-mapping
4986 silly ADD node_modules/@jridgewell/gen-mapping
4987 silly ADD node_modules/gensync
4988 silly ADD node_modules/convert-source-map
4989 silly ADD node_modules/@jridgewell/remapping
4990 silly ADD node_modules/@babel/traverse
4991 silly ADD node_modules/@babel/traverse/node_modules/@babel/code-frame
4992 silly ADD node_modules/@babel/template
4993 silly ADD node_modules/@babel/template/node_modules/@babel/code-frame
4994 silly ADD node_modules/@babel/helpers
4995 silly ADD node_modules/@babel/helper-module-transforms
4996 silly ADD node_modules/@babel/helper-compilation-targets
4997 silly ADD node_modules/@babel/helper-compilation-targets/node_modules/yallist
4998 silly ADD node_modules/@babel/helper-compilation-targets/node_modules/semver
4999 silly ADD node_modules/@babel/helper-compilation-targets/node_modules/lru-cache
5000 silly ADD node_modules/@babel/generator
5001 silly ADD node_modules/babel-plugin-import
5002 silly ADD node_modules/@babel/plugin-syntax-import-meta
5003 silly ADD node_modules/@babel/core
5004 silly ADD node_modules/@babel/core/node_modules/semver
5005 silly ADD node_modules/@babel/core/node_modules/json5
5006 silly ADD node_modules/@babel/core/node_modules/@babel/code-frame
5007 silly ADD node_modules/@types/eslint
5008 silly ADD node_modules/esbuild-windows-64
5009 silly ADD node_modules/rollup
5010 silly ADD node_modules/esbuild
5011 silly ADD node_modules/mutation-observer
5012 silly ADD node_modules/copy-text-to-clipboard
5013 silly ADD node_modules/punycode
5014 silly ADD node_modules/which-boxed-primitive
5015 silly ADD node_modules/has-bigints
5016 silly ADD node_modules/which-builtin-type
5017 silly ADD node_modules/reflect.getprototypeof
5018 silly ADD node_modules/for-each
5019 silly ADD node_modules/tslib
5020 silly ADD node_modules/strip-bom
5021 silly ADD node_modules/json5
5022 silly ADD node_modules/@types/json5
5023 silly ADD node_modules/is-number
5024 silly ADD node_modules/emoji-regex
5025 silly ADD node_modules/is-fullwidth-code-point
5026 silly ADD node_modules/astral-regex
5027 silly ADD node_modules/string-width
5028 silly ADD node_modules/slice-ansi
5029 silly ADD node_modules/lodash.truncate
5030 silly ADD node_modules/has-flag
5031 silly ADD node_modules/ansi-regex
5032 silly ADD node_modules/safe-buffer
5033 silly ADD node_modules/side-channel-weakmap
5034 silly ADD node_modules/side-channel-map
5035 silly ADD node_modules/side-channel-list
5036 silly ADD node_modules/shebang-regex
5037 silly ADD node_modules/compute-scroll-into-view
5038 silly ADD node_modules/readdirp
5039 silly ADD node_modules/node-addon-api
5040 silly ADD node_modules/detect-libc
5041 silly ADD node_modules/@parcel/watcher-win32-x64
5042 silly ADD node_modules/immutable
5043 silly ADD node_modules/chokidar
5044 silly ADD node_modules/@parcel/watcher
5045 silly ADD node_modules/@parcel/watcher/node_modules/picomatch
5046 silly ADD node_modules/isarray
5047 silly ADD node_modules/queue-microtask
5048 silly ADD node_modules/@types/estree
5049 silly ADD node_modules/is-reference
5050 silly ADD node_modules/@rollup/pluginutils
5051 silly ADD node_modules/object.entries
5052 silly ADD node_modules/supports-preserve-symlinks-flag
5053 silly ADD node_modules/path-parse
5054 silly ADD node_modules/node-exports-info
5055 silly ADD node_modules/node-exports-info/node_modules/semver
5056 silly ADD node_modules/set-function-name
5057 silly ADD node_modules/util-deprecate
5058 silly ADD node_modules/string_decoder
5059 silly ADD node_modules/strict-uri-encode
5060 silly ADD node_modules/split-on-first
5061 silly ADD node_modules/filter-obj
5062 silly ADD node_modules/decode-uri-component
5063 silly ADD node_modules/nanoid
5064 silly ADD node_modules/callsites
5065 silly ADD node_modules/word-wrap
5066 silly ADD node_modules/fast-levenshtein
5067 silly ADD node_modules/deep-is
5068 silly ADD node_modules/js-sdsl
5069 silly ADD node_modules/ieee754
5070 silly ADD node_modules/base64-js
5071 silly ADD node_modules/buffer
5072 silly ADD node_modules/process-nextick-args
5073 silly ADD node_modules/bl
5074 silly ADD node_modules/yallist
5075 silly ADD node_modules/wrappy
5076 silly ADD node_modules/path-is-absolute
5077 silly ADD node_modules/inflight
5078 silly ADD node_modules/fs.realpath
5079 silly ADD node_modules/glob
5080 silly ADD node_modules/once
5081 silly ADD node_modules/stream-shift
5082 silly ADD node_modules/end-of-stream
5083 silly ADD node_modules/typedarray
5084 silly ADD node_modules/buffer-from
5085 silly ADD node_modules/leven
5086 silly ADD node_modules/xtend
5087 silly ADD node_modules/ws
5088 silly ADD node_modules/split2
5089 silly ADD node_modules/rfdc
5090 silly ADD node_modules/reinterval
5091 silly ADD node_modules/readable-stream
5092 silly ADD node_modules/pump
5093 silly ADD node_modules/number-allocator
5094 silly ADD node_modules/mqtt-packet
5095 silly ADD node_modules/minimist
5096 silly ADD node_modules/lru-cache
5097 silly ADD node_modules/inherits
5098 silly ADD node_modules/help-me
5099 silly ADD node_modules/duplexify
5100 silly ADD node_modules/concat-stream
5101 silly ADD node_modules/commist
5102 silly ADD node_modules/concat-map
5103 silly ADD node_modules/balanced-match
5104 silly ADD node_modules/brace-expansion
5105 silly ADD node_modules/to-regex-range
5106 silly ADD node_modules/fill-range
5107 silly ADD node_modules/picomatch
5108 silly ADD node_modules/braces
5109 silly ADD node_modules/sourcemap-codec
5110 silly ADD node_modules/type-check
5111 silly ADD node_modules/prelude-ls
5112 silly ADD node_modules/json-buffer
5113 silly ADD node_modules/sprintf-js
5114 silly ADD node_modules/esprima
5115 silly ADD node_modules/argparse
5116 silly ADD node_modules/is-extglob
5117 silly ADD node_modules/side-channel
5118 silly ADD node_modules/resolve-from
5119 silly ADD node_modules/parent-module
5120 silly ADD node_modules/reusify
5121 silly ADD node_modules/run-parallel
5122 silly ADD node_modules/fastq
5123 silly ADD node_modules/@nodelib/fs.scandir
5124 silly ADD node_modules/micromatch
5125 silly ADD node_modules/@nodelib/fs.walk
5126 silly ADD node_modules/@nodelib/fs.stat
5127 silly ADD node_modules/path-type
5128 silly ADD node_modules/slash
5129 silly ADD node_modules/merge2
5130 silly ADD node_modules/fast-glob
5131 silly ADD node_modules/dir-glob
5132 silly ADD node_modules/array-union
5133 silly ADD node_modules/type-fest
5134 silly ADD node_modules/dunder-proto
5135 silly ADD node_modules/is-document.all
5136 silly ADD node_modules/functions-have-names
5137 silly ADD node_modules/web-streams-polyfill
5138 silly ADD node_modules/node-domexception
5139 silly ADD node_modules/fetch-blob
5140 silly ADD node_modules/rimraf
5141 silly ADD node_modules/keyv
5142 silly ADD node_modules/flatted
5143 silly ADD node_modules/flat-cache
5144 silly ADD node_modules/acorn-jsx
5145 silly ADD node_modules/acorn
5146 silly ADD node_modules/estraverse
5147 silly ADD node_modules/esrecurse
5148 silly ADD node_modules/esrecurse/node_modules/estraverse
5149 silly ADD node_modules/vue-eslint-parser
5150 silly ADD node_modules/vue-eslint-parser/node_modules/semver
5151 silly ADD node_modules/vue-eslint-parser/node_modules/espree
5152 silly ADD node_modules/vue-eslint-parser/node_modules/eslint-visitor-keys
5153 silly ADD node_modules/eslint-plugin-es
5154 silly ADD node_modules/resolve
5155 silly ADD node_modules/is-symbol
5156 silly ADD node_modules/is-date-object
5157 silly ADD node_modules/es-abstract-get
5158 silly ADD node_modules/has-tostringtag
5159 silly ADD node_modules/possible-typed-array-names
5160 silly ADD node_modules/which-typed-array
5161 silly ADD node_modules/unbox-primitive
5162 silly ADD node_modules/typed-array-length
5163 silly ADD node_modules/typed-array-byte-offset
5164 silly ADD node_modules/typed-array-byte-length
5165 silly ADD node_modules/typed-array-buffer
5166 silly ADD node_modules/string.prototype.trimstart
5167 silly ADD node_modules/string.prototype.trim
5168 silly ADD node_modules/stop-iteration-iterator
5169 silly ADD node_modules/set-proto
5170 silly ADD node_modules/safe-regex-test
5171 silly ADD node_modules/safe-push-apply
5172 silly ADD node_modules/safe-array-concat
5173 silly ADD node_modules/regexp.prototype.flags
5174 silly ADD node_modules/own-keys
5175 silly ADD node_modules/object.assign
5176 silly ADD node_modules/object-inspect
5177 silly ADD node_modules/is-weakref
5178 silly ADD node_modules/is-typed-array
5179 silly ADD node_modules/is-shared-array-buffer
5180 silly ADD node_modules/is-set
5181 silly ADD node_modules/is-regex
5182 silly ADD node_modules/is-negative-zero
5183 silly ADD node_modules/is-data-view
5184 silly ADD node_modules/is-callable
5185 silly ADD node_modules/is-array-buffer
5186 silly ADD node_modules/internal-slot
5187 silly ADD node_modules/has-symbols
5188 silly ADD node_modules/has-proto
5189 silly ADD node_modules/globalthis
5190 silly ADD node_modules/get-symbol-description
5191 silly ADD node_modules/get-proto
5192 silly ADD node_modules/function.prototype.name
5193 silly ADD node_modules/es-to-primitive
5194 silly ADD node_modules/es-set-tostringtag
5195 silly ADD node_modules/data-view-byte-offset
5196 silly ADD node_modules/data-view-byte-length
5197 silly ADD node_modules/data-view-buffer
5198 silly ADD node_modules/available-typed-arrays
5199 silly ADD node_modules/arraybuffer.prototype.slice
5200 silly ADD node_modules/array-buffer-byte-length
5201 silly ADD node_modules/gopd
5202 silly ADD node_modules/object-keys
5203 silly ADD node_modules/has-property-descriptors
5204 silly ADD node_modules/define-data-property
5205 silly ADD node_modules/function-bind
5206 silly ADD node_modules/set-function-length
5207 silly ADD node_modules/es-define-property
5208 silly ADD node_modules/call-bind-apply-helpers
5209 silly ADD node_modules/es-shim-unscopables
5210 silly ADD node_modules/es-errors
5211 silly ADD node_modules/math-intrinsics
5212 silly ADD node_modules/is-string
5213 silly ADD node_modules/get-intrinsic
5214 silly ADD node_modules/es-object-atoms
5215 silly ADD node_modules/es-abstract
5216 silly ADD node_modules/define-properties
5217 silly ADD node_modules/call-bound
5218 silly ADD node_modules/call-bind
5219 silly ADD node_modules/tsconfig-paths
5220 silly ADD node_modules/string.prototype.trimend
5221 silly ADD node_modules/object.values
5222 silly ADD node_modules/object.groupby
5223 silly ADD node_modules/object.fromentries
5224 silly ADD node_modules/is-core-module
5225 silly ADD node_modules/hasown
5226 silly ADD node_modules/eslint-module-utils
5227 silly ADD node_modules/eslint-module-utils/node_modules/debug
5228 silly ADD node_modules/eslint-import-resolver-node
5229 silly ADD node_modules/eslint-import-resolver-node/node_modules/debug
5230 silly ADD node_modules/array.prototype.flatmap
5231 silly ADD node_modules/array.prototype.flat
5232 silly ADD node_modules/array.prototype.findlastindex
5233 silly ADD node_modules/array-includes
5234 silly ADD node_modules/@rtsao/scc
5235 silly ADD node_modules/ansi-colors
5236 silly ADD node_modules/which
5237 silly ADD node_modules/shebang-command
5238 silly ADD node_modules/path-key
5239 silly ADD node_modules/color-name
5240 silly ADD node_modules/color-convert
5241 silly ADD node_modules/supports-color
5242 silly ADD node_modules/ansi-styles
5243 silly ADD node_modules/uri-js
5244 silly ADD node_modules/json-schema-traverse
5245 silly ADD node_modules/fast-json-stable-stringify
5246 silly ADD node_modules/@humanwhocodes/object-schema
5247 silly ADD node_modules/picocolors
5248 silly ADD node_modules/js-tokens
5249 silly ADD node_modules/@babel/highlight
5250 silly ADD node_modules/@babel/highlight/node_modules/has-flag
5251 silly ADD node_modules/@babel/highlight/node_modules/color-name
5252 silly ADD node_modules/@babel/highlight/node_modules/color-convert
5253 silly ADD node_modules/@babel/highlight/node_modules/supports-color
5254 silly ADD node_modules/@babel/highlight/node_modules/escape-string-regexp
5255 silly ADD node_modules/@babel/highlight/node_modules/ansi-styles
5256 silly ADD node_modules/@babel/highlight/node_modules/chalk
5257 silly ADD node_modules/v8-compile-cache
5258 silly ADD node_modules/text-table
5259 silly ADD node_modules/table
5260 silly ADD node_modules/table/node_modules/json-schema-traverse
5261 silly ADD node_modules/table/node_modules/ajv
5262 silly ADD node_modules/strip-json-comments
5263 silly ADD node_modules/strip-ansi
5264 silly ADD node_modules/regexpp
5265 silly ADD node_modules/progress
5266 silly ADD node_modules/optionator
5267 silly ADD node_modules/natural-compare
5268 silly ADD node_modules/minimatch
5269 silly ADD node_modules/lodash.merge
5270 silly ADD node_modules/levn
5271 silly ADD node_modules/json-stable-stringify-without-jsonify
5272 silly ADD node_modules/js-yaml
5273 silly ADD node_modules/imurmurhash
5274 silly ADD node_modules/import-fresh
5275 silly ADD node_modules/globals
5276 silly ADD node_modules/glob-parent
5277 silly ADD node_modules/functional-red-black-tree
5278 silly ADD node_modules/file-entry-cache
5279 silly ADD node_modules/fast-deep-equal
5280 silly ADD node_modules/esutils
5281 silly ADD node_modules/esquery
5282 silly ADD node_modules/esquery/node_modules/estraverse
5283 silly ADD node_modules/espree
5284 silly ADD node_modules/espree/node_modules/eslint-visitor-keys
5285 silly ADD node_modules/eslint-utils
5286 silly ADD node_modules/eslint-utils/node_modules/eslint-visitor-keys
5287 silly ADD node_modules/escape-string-regexp
5288 silly ADD node_modules/enquirer
5289 silly ADD node_modules/doctrine
5290 silly ADD node_modules/cross-spawn
5291 silly ADD node_modules/chalk
5292 silly ADD node_modules/ajv
5293 silly ADD node_modules/@humanwhocodes/config-array
5294 silly ADD node_modules/@eslint/eslintrc
5295 silly ADD node_modules/@eslint/eslintrc/node_modules/ignore
5296 silly ADD node_modules/@babel/code-frame
5297 silly ADD node_modules/ms
5298 silly ADD node_modules/follow-redirects
5299 silly ADD node_modules/nanopop
5300 silly ADD node_modules/warning
5301 silly ADD node_modules/vue-types
5302 silly ADD node_modules/shallow-equal
5303 silly ADD node_modules/scroll-into-view-if-needed
5304 silly ADD node_modules/resize-observer-polyfill
5305 silly ADD node_modules/omit.js
5306 silly ADD node_modules/moment
5307 silly ADD node_modules/lodash-es
5308 silly ADD node_modules/lodash
5309 silly ADD node_modules/dom-scroll-into-view
5310 silly ADD node_modules/dom-align
5311 silly ADD node_modules/async-validator
5312 silly ADD node_modules/array-tree-filter
5313 silly ADD node_modules/@simonwep/pickr
5314 silly ADD node_modules/@babel/runtime
5315 silly ADD node_modules/@types/pako
5316 silly ADD node_modules/@bufbuild/protobuf
5317 silly ADD node_modules/webrtc-adapter
5318 silly ADD node_modules/ua-parser-js
5319 silly ADD node_modules/pako
5320 silly ADD node_modules/formdata-polyfill
5321 silly ADD node_modules/agora-rte-extension-ng
5322 silly ADD node_modules/agora-rte-extension
5323 silly ADD node_modules/@agora-js/shared
5324 silly ADD node_modules/@agora-js/shared/node_modules/axios
5325 silly ADD node_modules/@agora-js/report
5326 silly ADD node_modules/@agora-js/report/node_modules/axios
5327 silly ADD node_modules/@agora-js/protocol
5328 silly ADD node_modules/@agora-js/media
5329 silly ADD node_modules/@agora-js/media/node_modules/axios
5330 silly ADD node_modules/entities
5331 silly ADD node_modules/@babel/helper-validator-identifier
5332 silly ADD node_modules/@babel/helper-string-parser
5333 silly ADD node_modules/@babel/types
5334 silly ADD node_modules/source-map-js
5335 silly ADD node_modules/postcss
5336 silly ADD node_modules/estree-walker
5337 silly ADD node_modules/@vue/shared
5338 silly ADD node_modules/@vue/compiler-ssr
5339 silly ADD node_modules/@vue/compiler-dom
5340 silly ADD node_modules/@vue/compiler-core
5341 silly ADD node_modules/@babel/parser
5342 silly ADD node_modules/systemjs
5343 silly ADD node_modules/regenerator-runtime
5344 silly ADD node_modules/magic-string
5345 silly ADD node_modules/core-js
5346 silly ADD node_modules/@babel/standalone
5347 silly ADD node_modules/eslint-visitor-keys
5348 silly ADD node_modules/eslint-scope
5349 silly ADD node_modules/@types/semver
5350 silly ADD node_modules/@types/json-schema
5351 silly ADD node_modules/@eslint-community/eslint-utils
5352 silly ADD node_modules/is-glob
5353 silly ADD node_modules/globby
5354 silly ADD node_modules/@typescript-eslint/visitor-keys
5355 silly ADD node_modules/@typescript-eslint/typescript-estree
5356 silly ADD node_modules/@typescript-eslint/types
5357 silly ADD node_modules/tsutils
5358 silly ADD node_modules/semver
5359 silly ADD node_modules/natural-compare-lite
5360 silly ADD node_modules/ignore
5361 silly ADD node_modules/graphemer
5362 silly ADD node_modules/debug
5363 silly ADD node_modules/@typescript-eslint/utils
5364 silly ADD node_modules/@typescript-eslint/type-utils
5365 silly ADD node_modules/@typescript-eslint/scope-manager
5366 silly ADD node_modules/@eslint-community/regexpp
5367 silly ADD node_modules/@ctrl/tinycolor
5368 silly ADD node_modules/@ant-design/icons-svg
5369 silly ADD node_modules/@ant-design/colors
5370 silly ADD node_modules/vuex
5371 silly ADD node_modules/vue-tsc
5372 silly ADD node_modules/vue-router
5373 silly ADD node_modules/vue-i18n
5374 silly ADD node_modules/vue-cookies
5375 silly ADD node_modules/vue
5376 silly ADD node_modules/vite-plugin-vconsole
5377 silly ADD node_modules/vite-plugin-svg-icons
5378 silly ADD node_modules/vite-plugin-style-import
5379 silly ADD node_modules/vite-plugin-style-import/node_modules/magic-string
5380 silly ADD node_modules/vite-plugin-package-config
5381 silly ADD node_modules/vite-plugin-optimize-persist
5382 silly ADD node_modules/vite-plugin-importer
5383 silly ADD node_modules/vite-plugin-eslint
5384 silly ADD node_modules/vite-plugin-components
5385 silly ADD node_modules/vite-plugin-components/node_modules/magic-string
5386 silly ADD node_modules/vite
5387 silly ADD node_modules/vite/node_modules/resolve
5388 silly ADD node_modules/vconsole
5389 silly ADD node_modules/typescript
5390 silly ADD node_modules/sass
5391 silly ADD node_modules/rollup-plugin-external-globals
5392 silly ADD node_modules/rollup-plugin-external-globals/node_modules/magic-string
5393 silly ADD node_modules/reconnecting-websocket
5394 silly ADD node_modules/query-string
5395 silly ADD node_modules/mqtt
5396 silly ADD node_modules/mitt
5397 silly ADD node_modules/eventemitter3
5398 silly ADD node_modules/eslint-plugin-vue
5399 silly ADD node_modules/eslint-plugin-vue/node_modules/semver
5400 silly ADD node_modules/eslint-plugin-promise
5401 silly ADD node_modules/eslint-plugin-node
5402 silly ADD node_modules/eslint-plugin-node/node_modules/semver
5403 silly ADD node_modules/eslint-plugin-node/node_modules/resolve
5404 silly ADD node_modules/eslint-plugin-import
5405 silly ADD node_modules/eslint-plugin-import/node_modules/semver
5406 silly ADD node_modules/eslint-plugin-import/node_modules/doctrine
5407 silly ADD node_modules/eslint-plugin-import/node_modules/debug
5408 silly ADD node_modules/eslint-config-standard
5409 silly ADD node_modules/eslint
5410 silly ADD node_modules/eslint/node_modules/ignore
5411 silly ADD node_modules/eslint/node_modules/eslint-visitor-keys
5412 silly ADD node_modules/axios
5413 silly ADD node_modules/ant-design-vue
5414 silly ADD node_modules/agora-rtc-sdk-ng
5415 silly ADD node_modules/agora-rtc-sdk-ng/node_modules/axios
5416 silly ADD node_modules/@vue/compiler-sfc
5417 silly ADD node_modules/@vue/compiler-sfc/node_modules/magic-string
5418 silly ADD node_modules/@vitejs/plugin-vue
5419 silly ADD node_modules/@vitejs/plugin-legacy
5420 silly ADD node_modules/@typescript-eslint/parser
5421 silly ADD node_modules/@typescript-eslint/eslint-plugin
5422 silly ADD node_modules/@types/urlencode
5423 silly ADD node_modules/@types/node
5424 silly ADD node_modules/@ant-design/icons-vue
5425 silly ADD node_modules/@amap/amap-jsapi-loader
5426 warn allow-scripts 3 packages have install scripts not yet covered by allowScripts:
5426 warn allow-scripts   core-js@3.49.0 (postinstall: node -e "try{require('./postinstall')}catch(e){}")
5426 warn allow-scripts   @parcel/watcher@2.6.0 (install: node scripts/build-from-source.js)
5426 warn allow-scripts   esbuild@0.14.54 (postinstall: node install.js)
5426 warn allow-scripts
5426 warn allow-scripts Run `npm approve-scripts --allow-scripts-pending` to review, or `npm approve-scripts <pkg>` to allow.
5427 verbose cwd C:\dev\Cloud-API-Demo
5428 verbose os Windows_NT 10.0.26200
5429 verbose node v24.18.0
5430 verbose npm  v11.16.0
5431 notice
5431 notice New [31mmajor[39m version of npm available! [31m11.16.0[39m -> [34m12.0.1[39m
5431 notice Changelog: [34mhttps://github.com/npm/cli/releases/tag/v12.0.1[39m
5431 notice To update run: [4mnpm install -g npm@12.0.1[24m
5431 notice  { force: true, Symbol(proc-log.meta): true }
5432 verbose exit 0
5433 info ok
